date,package,version,cumulative,clamped
2026-08-07,Ank.DocToolkit,0.1.0,349,
2026-08-07,Ank.DocToolkit,0.10.0,279,
2026-08-07,Ank.DocToolkit,0.11.0,247,
2026-08-07,Ank.DocToolkit,0.12.0,0,
2026-08-07,Ank.DocToolkit,0.2.0,1470,
2026-08-07,Ank.DocToolkit,0.2.1,219,
2026-08-07,Ank.DocToolkit,0.2.2,89,
2026-08-07,Ank.DocToolkit,0.3.0,89,
2026-08-07,Ank.DocToolkit,0.3.1,88,
2026-08-07,Ank.DocToolkit,0.3.10,95,
2026-08-07,Ank.DocToolkit,0.3.11,118,
2026-08-07,Ank.DocToolkit,0.3.12,129,
2026-08-07,Ank.DocToolkit,0.3.2,210,
2026-08-07,Ank.DocToolkit,0.3.3,86,
2026-08-07,Ank.DocToolkit,0.3.4,92,
2026-08-07,Ank.DocToolkit,0.3.5,114,
2026-08-07,Ank.DocToolkit,0.3.6,122,
2026-08-07,Ank.DocToolkit,0.3.7,115,
2026-08-07,Ank.DocToolkit,0.3.8,102,
2026-08-07,Ank.DocToolkit,0.3.9,119,
2026-08-07,Ank.DocToolkit,0.4.0,143,
2026-08-07,Ank.DocToolkit,0.5.0,156,
2026-08-07,Ank.DocToolkit,0.6.0,119,
2026-08-07,Ank.DocToolkit,0.7.0,270,
2026-08-07,Ank.DocToolkit,0.8.0,396,
2026-08-07,Ank.DocToolkit,0.9.0,194,
2026-08-07,Ank.DocToolkit.Extensions.DependencyInjection,0.10.0,95,
2026-08-07,Ank.DocToolkit.Extensions.DependencyInjection,0.11.0,171,
2026-08-07,Ank.DocToolkit.Extensions.DependencyInjection,0.12.0,0,
2026-08-07,Ank.DocToolkit.Extensions.DependencyInjection,0.2.1,219,
2026-08-07,Ank.DocToolkit.Extensions.DependencyInjection,0.2.2,96,
2026-08-07,Ank.DocToolkit.Extensions.DependencyInjection,0.3.0,86,
2026-08-07,Ank.DocToolkit.Extensions.DependencyInjection,0.3.1,88,
2026-08-07,Ank.DocToolkit.Extensions.DependencyInjection,0.3.10,95,
2026-08-07,Ank.DocToolkit.Extensions.DependencyInjection,0.3.11,118,
2026-08-07,Ank.DocToolkit.Extensions.DependencyInjection,0.3.12,129,
2026-08-07,Ank.DocToolkit.Extensions.DependencyInjection,0.3.2,208,
2026-08-07,Ank.DocToolkit.Extensions.DependencyInjection,0.3.3,88,
2026-08-07,Ank.DocToolkit.Extensions.DependencyInjection,0.3.4,100,
2026-08-07,Ank.DocToolkit.Extensions.DependencyInjection,0.3.5,109,
2026-08-07,Ank.DocToolkit.Extensions.DependencyInjection,0.3.6,123,
2026-08-07,Ank.DocToolkit.Extensions.DependencyInjection,0.3.7,127,
2026-08-07,Ank.DocToolkit.Extensions.DependencyInjection,0.3.8,97,
2026-08-07,Ank.DocToolkit.Extensions.DependencyInjection,0.3.9,124,
2026-08-07,Ank.DocToolkit.Extensions.DependencyInjection,0.4.0,142,
2026-08-07,Ank.DocToolkit.Extensions.DependencyInjection,0.5.0,154,
2026-08-07,Ank.DocToolkit.Extensions.DependencyInjection,0.6.0,116,
2026-08-07,Ank.DocToolkit.Extensions.DependencyInjection,0.7.0,161,
2026-08-07,Ank.DocToolkit.Extensions.DependencyInjection,0.8.0,110,
2026-08-07,Ank.DocToolkit.Extensions.DependencyInjection,0.9.0,189,
2026-08-08,Ank.DocToolkit,0.1.0,350,
2026-08-08,Ank.DocToolkit,0.10.0,404,
2026-08-08,Ank.DocToolkit,0.11.0,972,
2026-08-08,Ank.DocToolkit,0.12.0,668,
2026-08-08,Ank.DocToolkit,0.2.0,1477,
2026-08-08,Ank.DocToolkit,0.2.1,221,
2026-08-08,Ank.DocToolkit,0.2.2,92,
2026-08-08,Ank.DocToolkit,0.3.0,91,
2026-08-08,Ank.DocToolkit,0.3.1,92,
2026-08-08,Ank.DocToolkit,0.3.10,98,
2026-08-08,Ank.DocToolkit,0.3.11,121,
2026-08-08,Ank.DocToolkit,0.3.12,132,
2026-08-08,Ank.DocToolkit,0.3.2,213,
2026-08-08,Ank.DocToolkit,0.3.3,89,
2026-08-08,Ank.DocToolkit,0.3.4,95,
2026-08-08,Ank.DocToolkit,0.3.5,117,
2026-08-08,Ank.DocToolkit,0.3.6,125,
2026-08-08,Ank.DocToolkit,0.3.7,118,
2026-08-08,Ank.DocToolkit,0.3.8,105,
2026-08-08,Ank.DocToolkit,0.3.9,121,
2026-08-08,Ank.DocToolkit,0.4.0,147,
2026-08-08,Ank.DocToolkit,0.5.0,159,
2026-08-08,Ank.DocToolkit,0.6.0,123,
2026-08-08,Ank.DocToolkit,0.7.0,275,
2026-08-08,Ank.DocToolkit,0.8.0,401,
2026-08-08,Ank.DocToolkit,0.9.0,196,
2026-08-08,Ank.DocToolkit.Extensions.DependencyInjection,0.10.0,103,
2026-08-08,Ank.DocToolkit.Extensions.DependencyInjection,0.11.0,293,
2026-08-08,Ank.DocToolkit.Extensions.DependencyInjection,0.12.0,555,
2026-08-08,Ank.DocToolkit.Extensions.DependencyInjection,0.2.1,220,
2026-08-08,Ank.DocToolkit.Extensions.DependencyInjection,0.2.2,98,
2026-08-08,Ank.DocToolkit.Extensions.DependencyInjection,0.3.0,88,
2026-08-08,Ank.DocToolkit.Extensions.DependencyInjection,0.3.1,92,
2026-08-08,Ank.DocToolkit.Extensions.DependencyInjection,0.3.10,97,
2026-08-08,Ank.DocToolkit.Extensions.DependencyInjection,0.3.11,122,
2026-08-08,Ank.DocToolkit.Extensions.DependencyInjection,0.3.12,132,
2026-08-08,Ank.DocToolkit.Extensions.DependencyInjection,0.3.2,211,
2026-08-08,Ank.DocToolkit.Extensions.DependencyInjection,0.3.3,91,
2026-08-08,Ank.DocToolkit.Extensions.DependencyInjection,0.3.4,102,
2026-08-08,Ank.DocToolkit.Extensions.DependencyInjection,0.3.5,113,
2026-08-08,Ank.DocToolkit.Extensions.DependencyInjection,0.3.6,126,
2026-08-08,Ank.DocToolkit.Extensions.DependencyInjection,0.3.7,130,
2026-08-08,Ank.DocToolkit.Extensions.DependencyInjection,0.3.8,100,
2026-08-08,Ank.DocToolkit.Extensions.DependencyInjection,0.3.9,126,
2026-08-08,Ank.DocToolkit.Extensions.DependencyInjection,0.4.0,146,
2026-08-08,Ank.DocToolkit.Extensions.DependencyInjection,0.5.0,157,
2026-08-08,Ank.DocToolkit.Extensions.DependencyInjection,0.6.0,120,
2026-08-08,Ank.DocToolkit.Extensions.DependencyInjection,0.7.0,164,
2026-08-08,Ank.DocToolkit.Extensions.DependencyInjection,0.8.0,113,
2026-08-08,Ank.DocToolkit.Extensions.DependencyInjection,0.9.0,192,
2026-08-08,Ank.DocToolkit,0.13.0,0,
2026-08-08,Ank.DocToolkit,0.14.0,0,
2026-08-08,Ank.DocToolkit,0.15.0,0,
2026-08-08,Ank.DocToolkit,0.16.0,0,
2026-08-08,Ank.DocToolkit.Extensions.DependencyInjection,0.13.0,0,
2026-08-08,Ank.DocToolkit.Extensions.DependencyInjection,0.14.0,0,
2026-08-08,Ank.DocToolkit.Extensions.DependencyInjection,0.15.0,0,
2026-08-08,Ank.DocToolkit.Extensions.DependencyInjection,0.16.0,0,
2026-08-09,Ank.DocToolkit,0.1.0,351,
2026-08-09,Ank.DocToolkit,0.10.0,407,
2026-08-09,Ank.DocToolkit,0.11.0,1009,
2026-08-09,Ank.DocToolkit,0.12.0,827,
2026-08-09,Ank.DocToolkit,0.13.0,271,
2026-08-09,Ank.DocToolkit,0.14.0,275,
2026-08-09,Ank.DocToolkit,0.15.0,202,
2026-08-09,Ank.DocToolkit,0.16.0,304,
2026-08-09,Ank.DocToolkit,0.18.0,102,
2026-08-09,Ank.DocToolkit,0.18.1,91,
2026-08-09,Ank.DocToolkit,0.19.0,0,
2026-08-09,Ank.DocToolkit,0.19.1,0,
2026-08-09,Ank.DocToolkit,0.2.0,1479,
2026-08-09,Ank.DocToolkit,0.2.1,222,
2026-08-09,Ank.DocToolkit,0.2.2,93,
2026-08-09,Ank.DocToolkit,0.3.0,91,
2026-08-09,Ank.DocToolkit,0.3.1,92,
2026-08-09,Ank.DocToolkit,0.3.10,98,
2026-08-09,Ank.DocToolkit,0.3.11,121,
2026-08-09,Ank.DocToolkit,0.3.12,132,
2026-08-09,Ank.DocToolkit,0.3.2,213,
2026-08-09,Ank.DocToolkit,0.3.3,89,
2026-08-09,Ank.DocToolkit,0.3.4,95,
2026-08-09,Ank.DocToolkit,0.3.5,117,
2026-08-09,Ank.DocToolkit,0.3.6,125,
2026-08-09,Ank.DocToolkit,0.3.7,118,
2026-08-09,Ank.DocToolkit,0.3.8,105,
2026-08-09,Ank.DocToolkit,0.3.9,121,
2026-08-09,Ank.DocToolkit,0.4.0,147,
2026-08-09,Ank.DocToolkit,0.5.0,159,
2026-08-09,Ank.DocToolkit,0.6.0,123,
2026-08-09,Ank.DocToolkit,0.7.0,277,
2026-08-09,Ank.DocToolkit,0.8.0,405,
2026-08-09,Ank.DocToolkit,0.9.0,199,
2026-08-09,Ank.DocToolkit.Extensions.DependencyInjection,0.10.0,108,
2026-08-09,Ank.DocToolkit.Extensions.DependencyInjection,0.11.0,297,
2026-08-09,Ank.DocToolkit.Extensions.DependencyInjection,0.12.0,596,
2026-08-09,Ank.DocToolkit.Extensions.DependencyInjection,0.13.0,139,
2026-08-09,Ank.DocToolkit.Extensions.DependencyInjection,0.14.0,255,
2026-08-09,Ank.DocToolkit.Extensions.DependencyInjection,0.15.0,120,
2026-08-09,Ank.DocToolkit.Extensions.DependencyInjection,0.16.0,271,
2026-08-09,Ank.DocToolkit.Extensions.DependencyInjection,0.18.0,91,
2026-08-09,Ank.DocToolkit.Extensions.DependencyInjection,0.18.1,72,
2026-08-09,Ank.DocToolkit.Extensions.DependencyInjection,0.19.0,0,
2026-08-09,Ank.DocToolkit.Extensions.DependencyInjection,0.19.1,0,
2026-08-09,Ank.DocToolkit.Extensions.DependencyInjection,0.2.1,225,
2026-08-09,Ank.DocToolkit.Extensions.DependencyInjection,0.2.2,98,
2026-08-09,Ank.DocToolkit.Extensions.DependencyInjection,0.3.0,88,
2026-08-09,Ank.DocToolkit.Extensions.DependencyInjection,0.3.1,92,
2026-08-09,Ank.DocToolkit.Extensions.DependencyInjection,0.3.10,97,
2026-08-09,Ank.DocToolkit.Extensions.DependencyInjection,0.3.11,122,
2026-08-09,Ank.DocToolkit.Extensions.DependencyInjection,0.3.12,132,
2026-08-09,Ank.DocToolkit.Extensions.DependencyInjection,0.3.2,211,
2026-08-09,Ank.DocToolkit.Extensions.DependencyInjection,0.3.3,91,
2026-08-09,Ank.DocToolkit.Extensions.DependencyInjection,0.3.4,102,
2026-08-09,Ank.DocToolkit.Extensions.DependencyInjection,0.3.5,113,
2026-08-09,Ank.DocToolkit.Extensions.DependencyInjection,0.3.6,126,
2026-08-09,Ank.DocToolkit.Extensions.DependencyInjection,0.3.7,130,
2026-08-09,Ank.DocToolkit.Extensions.DependencyInjection,0.3.8,100,
2026-08-09,Ank.DocToolkit.Extensions.DependencyInjection,0.3.9,126,
2026-08-09,Ank.DocToolkit.Extensions.DependencyInjection,0.4.0,146,
2026-08-09,Ank.DocToolkit.Extensions.DependencyInjection,0.5.0,157,
2026-08-09,Ank.DocToolkit.Extensions.DependencyInjection,0.6.0,120,
2026-08-09,Ank.DocToolkit.Extensions.DependencyInjection,0.7.0,165,
2026-08-09,Ank.DocToolkit.Extensions.DependencyInjection,0.8.0,115,
2026-08-09,Ank.DocToolkit.Extensions.DependencyInjection,0.9.0,194,
2026-08-10,Ank.DocToolkit,0.1.0,351,
2026-08-10,Ank.DocToolkit,0.10.0,409,
2026-08-10,Ank.DocToolkit,0.11.0,1011,
2026-08-10,Ank.DocToolkit,0.12.0,829,
2026-08-10,Ank.DocToolkit,0.13.0,278,
2026-08-10,Ank.DocToolkit,0.14.0,281,
2026-08-10,Ank.DocToolkit,0.15.0,251,
2026-08-10,Ank.DocToolkit,0.16.0,310,
2026-08-10,Ank.DocToolkit,0.18.0,111,
2026-08-10,Ank.DocToolkit,0.18.1,252,
2026-08-10,Ank.DocToolkit,0.19.0,81,
2026-08-10,Ank.DocToolkit,0.19.1,81,
2026-08-10,Ank.DocToolkit,0.2.0,1479,
2026-08-10,Ank.DocToolkit,0.2.1,223,
2026-08-10,Ank.DocToolkit,0.2.2,93,
2026-08-10,Ank.DocToolkit,0.20.0,54,
2026-08-10,Ank.DocToolkit,0.3.0,91,
2026-08-10,Ank.DocToolkit,0.3.1,92,
2026-08-10,Ank.DocToolkit,0.3.10,98,
2026-08-10,Ank.DocToolkit,0.3.11,121,
2026-08-10,Ank.DocToolkit,0.3.12,132,
2026-08-10,Ank.DocToolkit,0.3.2,213,
2026-08-10,Ank.DocToolkit,0.3.3,89,
2026-08-10,Ank.DocToolkit,0.3.4,95,
2026-08-10,Ank.DocToolkit,0.3.5,117,
2026-08-10,Ank.DocToolkit,0.3.6,125,
2026-08-10,Ank.DocToolkit,0.3.7,118,
2026-08-10,Ank.DocToolkit,0.3.8,105,
2026-08-10,Ank.DocToolkit,0.3.9,121,
2026-08-10,Ank.DocToolkit,0.4.0,147,
2026-08-10,Ank.DocToolkit,0.5.0,159,
2026-08-10,Ank.DocToolkit,0.6.0,123,
2026-08-10,Ank.DocToolkit,0.7.0,278,
2026-08-10,Ank.DocToolkit,0.8.0,408,
2026-08-10,Ank.DocToolkit,0.9.0,200,
2026-08-10,Ank.DocToolkit.Extensions.DependencyInjection,0.10.0,109,
2026-08-10,Ank.DocToolkit.Extensions.DependencyInjection,0.11.0,298,
2026-08-10,Ank.DocToolkit.Extensions.DependencyInjection,0.12.0,597,
2026-08-10,Ank.DocToolkit.Extensions.DependencyInjection,0.13.0,147,
2026-08-10,Ank.DocToolkit.Extensions.DependencyInjection,0.14.0,259,
2026-08-10,Ank.DocToolkit.Extensions.DependencyInjection,0.15.0,128,
2026-08-10,Ank.DocToolkit.Extensions.DependencyInjection,0.16.0,279,
2026-08-10,Ank.DocToolkit.Extensions.DependencyInjection,0.18.0,100,
2026-08-10,Ank.DocToolkit.Extensions.DependencyInjection,0.18.1,114,
2026-08-10,Ank.DocToolkit.Extensions.DependencyInjection,0.19.0,74,
2026-08-10,Ank.DocToolkit.Extensions.DependencyInjection,0.19.1,81,
2026-08-10,Ank.DocToolkit.Extensions.DependencyInjection,0.2.1,226,
2026-08-10,Ank.DocToolkit.Extensions.DependencyInjection,0.2.2,99,
2026-08-10,Ank.DocToolkit.Extensions.DependencyInjection,0.20.0,49,
2026-08-10,Ank.DocToolkit.Extensions.DependencyInjection,0.3.0,89,
2026-08-10,Ank.DocToolkit.Extensions.DependencyInjection,0.3.1,92,
2026-08-10,Ank.DocToolkit.Extensions.DependencyInjection,0.3.10,97,
2026-08-10,Ank.DocToolkit.Extensions.DependencyInjection,0.3.11,122,
2026-08-10,Ank.DocToolkit.Extensions.DependencyInjection,0.3.12,132,
2026-08-10,Ank.DocToolkit.Extensions.DependencyInjection,0.3.2,211,
2026-08-10,Ank.DocToolkit.Extensions.DependencyInjection,0.3.3,92,
2026-08-10,Ank.DocToolkit.Extensions.DependencyInjection,0.3.4,102,
2026-08-10,Ank.DocToolkit.Extensions.DependencyInjection,0.3.5,113,
2026-08-10,Ank.DocToolkit.Extensions.DependencyInjection,0.3.6,126,
2026-08-10,Ank.DocToolkit.Extensions.DependencyInjection,0.3.7,130,
2026-08-10,Ank.DocToolkit.Extensions.DependencyInjection,0.3.8,100,
2026-08-10,Ank.DocToolkit.Extensions.DependencyInjection,0.3.9,126,
2026-08-10,Ank.DocToolkit.Extensions.DependencyInjection,0.4.0,146,
2026-08-10,Ank.DocToolkit.Extensions.DependencyInjection,0.5.0,157,
2026-08-10,Ank.DocToolkit.Extensions.DependencyInjection,0.6.0,120,
2026-08-10,Ank.DocToolkit.Extensions.DependencyInjection,0.7.0,165,
2026-08-10,Ank.DocToolkit.Extensions.DependencyInjection,0.8.0,116,
2026-08-10,Ank.DocToolkit.Extensions.DependencyInjection,0.9.0,195,
2026-08-11,Ank.DocToolkit,0.1.0,352,
2026-08-11,Ank.DocToolkit,0.10.0,419,
2026-08-11,Ank.DocToolkit,0.11.0,1021,
2026-08-11,Ank.DocToolkit,0.12.0,839,
2026-08-11,Ank.DocToolkit,0.13.0,289,
2026-08-11,Ank.DocToolkit,0.14.0,290,
2026-08-11,Ank.DocToolkit,0.15.0,263,
2026-08-11,Ank.DocToolkit,0.16.0,319,
2026-08-11,Ank.DocToolkit,0.18.0,121,
2026-08-11,Ank.DocToolkit,0.18.1,267,
2026-08-11,Ank.DocToolkit,0.19.0,94,
2026-08-11,Ank.DocToolkit,0.19.1,116,
2026-08-11,Ank.DocToolkit,0.2.0,1480,
2026-08-11,Ank.DocToolkit,0.2.1,223,
2026-08-11,Ank.DocToolkit,0.2.2,93,
2026-08-11,Ank.DocToolkit,0.20.0,260,
2026-08-11,Ank.DocToolkit,0.21.0,0,
2026-08-11,Ank.DocToolkit,0.3.0,92,
2026-08-11,Ank.DocToolkit,0.3.1,92,
2026-08-11,Ank.DocToolkit,0.3.10,98,
2026-08-11,Ank.DocToolkit,0.3.11,121,
2026-08-11,Ank.DocToolkit,0.3.12,132,
2026-08-11,Ank.DocToolkit,0.3.2,215,
2026-08-11,Ank.DocToolkit,0.3.3,91,
2026-08-11,Ank.DocToolkit,0.3.4,97,
2026-08-11,Ank.DocToolkit,0.3.5,117,
2026-08-11,Ank.DocToolkit,0.3.6,127,
2026-08-11,Ank.DocToolkit,0.3.7,119,
2026-08-11,Ank.DocToolkit,0.3.8,105,
2026-08-11,Ank.DocToolkit,0.3.9,122,
2026-08-11,Ank.DocToolkit,0.4.0,147,
2026-08-11,Ank.DocToolkit,0.5.0,159,
2026-08-11,Ank.DocToolkit,0.6.0,131,
2026-08-11,Ank.DocToolkit,0.7.0,287,
2026-08-11,Ank.DocToolkit,0.8.0,417,
2026-08-11,Ank.DocToolkit,0.9.0,209,
2026-08-11,Ank.DocToolkit.Extensions.DependencyInjection,0.10.0,118,
2026-08-11,Ank.DocToolkit.Extensions.DependencyInjection,0.11.0,307,
2026-08-11,Ank.DocToolkit.Extensions.DependencyInjection,0.12.0,606,
2026-08-11,Ank.DocToolkit.Extensions.DependencyInjection,0.13.0,156,
2026-08-11,Ank.DocToolkit.Extensions.DependencyInjection,0.14.0,268,
2026-08-11,Ank.DocToolkit.Extensions.DependencyInjection,0.15.0,137,
2026-08-11,Ank.DocToolkit.Extensions.DependencyInjection,0.16.0,288,
2026-08-11,Ank.DocToolkit.Extensions.DependencyInjection,0.18.0,110,
2026-08-11,Ank.DocToolkit.Extensions.DependencyInjection,0.18.1,124,
2026-08-11,Ank.DocToolkit.Extensions.DependencyInjection,0.19.0,85,
2026-08-11,Ank.DocToolkit.Extensions.DependencyInjection,0.19.1,96,
2026-08-11,Ank.DocToolkit.Extensions.DependencyInjection,0.2.1,226,
2026-08-11,Ank.DocToolkit.Extensions.DependencyInjection,0.2.2,99,
2026-08-11,Ank.DocToolkit.Extensions.DependencyInjection,0.20.0,236,
2026-08-11,Ank.DocToolkit.Extensions.DependencyInjection,0.21.0,0,
2026-08-11,Ank.DocToolkit.Extensions.DependencyInjection,0.3.0,89,
2026-08-11,Ank.DocToolkit.Extensions.DependencyInjection,0.3.1,92,
2026-08-11,Ank.DocToolkit.Extensions.DependencyInjection,0.3.10,97,
2026-08-11,Ank.DocToolkit.Extensions.DependencyInjection,0.3.11,123,
2026-08-11,Ank.DocToolkit.Extensions.DependencyInjection,0.3.12,132,
2026-08-11,Ank.DocToolkit.Extensions.DependencyInjection,0.3.2,213,
2026-08-11,Ank.DocToolkit.Extensions.DependencyInjection,0.3.3,93,
2026-08-11,Ank.DocToolkit.Extensions.DependencyInjection,0.3.4,102,
2026-08-11,Ank.DocToolkit.Extensions.DependencyInjection,0.3.5,113,
2026-08-11,Ank.DocToolkit.Extensions.DependencyInjection,0.3.6,127,
2026-08-11,Ank.DocToolkit.Extensions.DependencyInjection,0.3.7,130,
2026-08-11,Ank.DocToolkit.Extensions.DependencyInjection,0.3.8,101,
2026-08-11,Ank.DocToolkit.Extensions.DependencyInjection,0.3.9,126,
2026-08-11,Ank.DocToolkit.Extensions.DependencyInjection,0.4.0,146,
2026-08-11,Ank.DocToolkit.Extensions.DependencyInjection,0.5.0,157,
2026-08-11,Ank.DocToolkit.Extensions.DependencyInjection,0.6.0,128,
2026-08-11,Ank.DocToolkit.Extensions.DependencyInjection,0.7.0,174,
2026-08-11,Ank.DocToolkit.Extensions.DependencyInjection,0.8.0,125,
2026-08-11,Ank.DocToolkit.Extensions.DependencyInjection,0.9.0,204,
2026-08-12,Ank.DocToolkit,0.1.0,352,
2026-08-12,Ank.DocToolkit,0.10.0,419,
2026-08-12,Ank.DocToolkit,0.11.0,1021,
2026-08-12,Ank.DocToolkit,0.12.0,840,
2026-08-12,Ank.DocToolkit,0.13.0,292,
2026-08-12,Ank.DocToolkit,0.14.0,290,
2026-08-12,Ank.DocToolkit,0.15.0,266,
2026-08-12,Ank.DocToolkit,0.16.0,321,
2026-08-12,Ank.DocToolkit,0.18.0,121,
2026-08-12,Ank.DocToolkit,0.18.1,269,
2026-08-12,Ank.DocToolkit,0.19.0,96,
2026-08-12,Ank.DocToolkit,0.19.1,188,
2026-08-12,Ank.DocToolkit,0.2.0,1480,
2026-08-12,Ank.DocToolkit,0.2.1,223,
2026-08-12,Ank.DocToolkit,0.2.2,94,
2026-08-12,Ank.DocToolkit,0.20.0,282,
2026-08-12,Ank.DocToolkit,0.21.0,157,
2026-08-12,Ank.DocToolkit,0.22.0,164,
2026-08-12,Ank.DocToolkit,0.23.0,63,
2026-08-12,Ank.DocToolkit,0.24.0,0,
2026-08-12,Ank.DocToolkit,0.25.0,0,
2026-08-12,Ank.DocToolkit,0.3.0,92,
2026-08-12,Ank.DocToolkit,0.3.1,92,
2026-08-12,Ank.DocToolkit,0.3.10,98,
2026-08-12,Ank.DocToolkit,0.3.11,121,
2026-08-12,Ank.DocToolkit,0.3.12,132,
2026-08-12,Ank.DocToolkit,0.3.2,216,
2026-08-12,Ank.DocToolkit,0.3.3,91,
2026-08-12,Ank.DocToolkit,0.3.4,97,
2026-08-12,Ank.DocToolkit,0.3.5,117,
2026-08-12,Ank.DocToolkit,0.3.6,128,
2026-08-12,Ank.DocToolkit,0.3.7,119,
2026-08-12,Ank.DocToolkit,0.3.8,105,
2026-08-12,Ank.DocToolkit,0.3.9,122,
2026-08-12,Ank.DocToolkit,0.4.0,147,
2026-08-12,Ank.DocToolkit,0.5.0,159,
2026-08-12,Ank.DocToolkit,0.6.0,132,
2026-08-12,Ank.DocToolkit,0.7.0,289,
2026-08-12,Ank.DocToolkit,0.8.0,417,
2026-08-12,Ank.DocToolkit,0.9.0,210,
2026-08-12,Ank.DocToolkit.Extensions.DependencyInjection,0.10.0,118,
2026-08-12,Ank.DocToolkit.Extensions.DependencyInjection,0.11.0,307,
2026-08-12,Ank.DocToolkit.Extensions.DependencyInjection,0.12.0,606,
2026-08-12,Ank.DocToolkit.Extensions.DependencyInjection,0.13.0,156,
2026-08-12,Ank.DocToolkit.Extensions.DependencyInjection,0.14.0,268,
2026-08-12,Ank.DocToolkit.Extensions.DependencyInjection,0.15.0,137,
2026-08-12,Ank.DocToolkit.Extensions.DependencyInjection,0.16.0,288,
2026-08-12,Ank.DocToolkit.Extensions.DependencyInjection,0.18.0,110,
2026-08-12,Ank.DocToolkit.Extensions.DependencyInjection,0.18.1,125,
2026-08-12,Ank.DocToolkit.Extensions.DependencyInjection,0.19.0,89,
2026-08-12,Ank.DocToolkit.Extensions.DependencyInjection,0.19.1,98,
2026-08-12,Ank.DocToolkit.Extensions.DependencyInjection,0.2.1,226,
2026-08-12,Ank.DocToolkit.Extensions.DependencyInjection,0.2.2,99,
2026-08-12,Ank.DocToolkit.Extensions.DependencyInjection,0.20.0,250,
2026-08-12,Ank.DocToolkit.Extensions.DependencyInjection,0.21.0,96,
2026-08-12,Ank.DocToolkit.Extensions.DependencyInjection,0.22.0,103,
2026-08-12,Ank.DocToolkit.Extensions.DependencyInjection,0.23.0,58,
2026-08-12,Ank.DocToolkit.Extensions.DependencyInjection,0.24.0,0,
2026-08-12,Ank.DocToolkit.Extensions.DependencyInjection,0.25.0,0,
2026-08-12,Ank.DocToolkit.Extensions.DependencyInjection,0.3.0,89,
2026-08-12,Ank.DocToolkit.Extensions.DependencyInjection,0.3.1,92,
2026-08-12,Ank.DocToolkit.Extensions.DependencyInjection,0.3.10,97,
2026-08-12,Ank.DocToolkit.Extensions.DependencyInjection,0.3.11,123,
2026-08-12,Ank.DocToolkit.Extensions.DependencyInjection,0.3.12,132,
2026-08-12,Ank.DocToolkit.Extensions.DependencyInjection,0.3.2,213,
2026-08-12,Ank.DocToolkit.Extensions.DependencyInjection,0.3.3,93,
2026-08-12,Ank.DocToolkit.Extensions.DependencyInjection,0.3.4,102,
2026-08-12,Ank.DocToolkit.Extensions.DependencyInjection,0.3.5,113,
2026-08-12,Ank.DocToolkit.Extensions.DependencyInjection,0.3.6,127,
2026-08-12,Ank.DocToolkit.Extensions.DependencyInjection,0.3.7,130,
2026-08-12,Ank.DocToolkit.Extensions.DependencyInjection,0.3.8,101,
2026-08-12,Ank.DocToolkit.Extensions.DependencyInjection,0.3.9,126,
2026-08-12,Ank.DocToolkit.Extensions.DependencyInjection,0.4.0,146,
2026-08-12,Ank.DocToolkit.Extensions.DependencyInjection,0.5.0,157,
2026-08-12,Ank.DocToolkit.Extensions.DependencyInjection,0.6.0,128,
2026-08-12,Ank.DocToolkit.Extensions.DependencyInjection,0.7.0,176,
2026-08-12,Ank.DocToolkit.Extensions.DependencyInjection,0.8.0,125,
2026-08-12,Ank.DocToolkit.Extensions.DependencyInjection,0.9.0,204,
2026-08-13,Ank.DocToolkit,0.1.0,353,
2026-08-13,Ank.DocToolkit,0.10.0,432,
2026-08-13,Ank.DocToolkit,0.11.0,1034,
2026-08-13,Ank.DocToolkit,0.12.0,853,
2026-08-13,Ank.DocToolkit,0.13.0,310,
2026-08-13,Ank.DocToolkit,0.14.0,300,
2026-08-13,Ank.DocToolkit,0.15.0,287,
2026-08-13,Ank.DocToolkit,0.16.0,331,
2026-08-13,Ank.DocToolkit,0.18.0,131,
2026-08-13,Ank.DocToolkit,0.18.1,289,
2026-08-13,Ank.DocToolkit,0.19.0,107,
2026-08-13,Ank.DocToolkit,0.19.1,208,
2026-08-13,Ank.DocToolkit,0.2.0,1482,
2026-08-13,Ank.DocToolkit,0.2.1,226,
2026-08-13,Ank.DocToolkit,0.2.2,95,
2026-08-13,Ank.DocToolkit,0.20.0,294,
2026-08-13,Ank.DocToolkit,0.21.0,178,
2026-08-13,Ank.DocToolkit,0.22.0,390,
2026-08-13,Ank.DocToolkit,0.23.0,95,
2026-08-13,Ank.DocToolkit,0.24.0,445,
2026-08-13,Ank.DocToolkit,0.25.0,202,
2026-08-13,Ank.DocToolkit,0.26.0,0,
2026-08-13,Ank.DocToolkit,0.27.0,0,
2026-08-13,Ank.DocToolkit,0.3.0,93,
2026-08-13,Ank.DocToolkit,0.3.1,93,
2026-08-13,Ank.DocToolkit,0.3.10,99,
2026-08-13,Ank.DocToolkit,0.3.11,122,
2026-08-13,Ank.DocToolkit,0.3.12,133,
2026-08-13,Ank.DocToolkit,0.3.2,218,
2026-08-13,Ank.DocToolkit,0.3.3,92,
2026-08-13,Ank.DocToolkit,0.3.4,98,
2026-08-13,Ank.DocToolkit,0.3.5,118,
2026-08-13,Ank.DocToolkit,0.3.6,129,
2026-08-13,Ank.DocToolkit,0.3.7,120,
2026-08-13,Ank.DocToolkit,0.3.8,106,
2026-08-13,Ank.DocToolkit,0.3.9,123,
2026-08-13,Ank.DocToolkit,0.4.0,148,
2026-08-13,Ank.DocToolkit,0.5.0,160,
2026-08-13,Ank.DocToolkit,0.6.0,133,
2026-08-13,Ank.DocToolkit,0.7.0,293,
2026-08-13,Ank.DocToolkit,0.8.0,436,
2026-08-13,Ank.DocToolkit,0.9.0,222,
2026-08-13,Ank.DocToolkit.Extensions.DependencyInjection,0.10.0,130,
2026-08-13,Ank.DocToolkit.Extensions.DependencyInjection,0.11.0,318,
2026-08-13,Ank.DocToolkit.Extensions.DependencyInjection,0.12.0,616,
2026-08-13,Ank.DocToolkit.Extensions.DependencyInjection,0.13.0,166,
2026-08-13,Ank.DocToolkit.Extensions.DependencyInjection,0.14.0,277,
2026-08-13,Ank.DocToolkit.Extensions.DependencyInjection,0.15.0,147,
2026-08-13,Ank.DocToolkit.Extensions.DependencyInjection,0.16.0,298,
2026-08-13,Ank.DocToolkit.Extensions.DependencyInjection,0.18.0,120,
2026-08-13,Ank.DocToolkit.Extensions.DependencyInjection,0.18.1,136,
2026-08-13,Ank.DocToolkit.Extensions.DependencyInjection,0.19.0,100,
2026-08-13,Ank.DocToolkit.Extensions.DependencyInjection,0.19.1,109,
2026-08-13,Ank.DocToolkit.Extensions.DependencyInjection,0.2.1,228,
2026-08-13,Ank.DocToolkit.Extensions.DependencyInjection,0.2.2,101,
2026-08-13,Ank.DocToolkit.Extensions.DependencyInjection,0.20.0,261,
2026-08-13,Ank.DocToolkit.Extensions.DependencyInjection,0.21.0,110,
2026-08-13,Ank.DocToolkit.Extensions.DependencyInjection,0.22.0,117,
2026-08-13,Ank.DocToolkit.Extensions.DependencyInjection,0.23.0,85,
2026-08-13,Ank.DocToolkit.Extensions.DependencyInjection,0.24.0,292,
2026-08-13,Ank.DocToolkit.Extensions.DependencyInjection,0.25.0,183,
2026-08-13,Ank.DocToolkit.Extensions.DependencyInjection,0.26.0,0,
2026-08-13,Ank.DocToolkit.Extensions.DependencyInjection,0.27.0,0,
2026-08-13,Ank.DocToolkit.Extensions.DependencyInjection,0.3.0,90,
2026-08-13,Ank.DocToolkit.Extensions.DependencyInjection,0.3.1,93,
2026-08-13,Ank.DocToolkit.Extensions.DependencyInjection,0.3.10,98,
2026-08-13,Ank.DocToolkit.Extensions.DependencyInjection,0.3.11,124,
2026-08-13,Ank.DocToolkit.Extensions.DependencyInjection,0.3.12,134,
2026-08-13,Ank.DocToolkit.Extensions.DependencyInjection,0.3.2,214,
2026-08-13,Ank.DocToolkit.Extensions.DependencyInjection,0.3.3,94,
2026-08-13,Ank.DocToolkit.Extensions.DependencyInjection,0.3.4,103,
2026-08-13,Ank.DocToolkit.Extensions.DependencyInjection,0.3.5,114,
2026-08-13,Ank.DocToolkit.Extensions.DependencyInjection,0.3.6,128,
2026-08-13,Ank.DocToolkit.Extensions.DependencyInjection,0.3.7,131,
2026-08-13,Ank.DocToolkit.Extensions.DependencyInjection,0.3.8,102,
2026-08-13,Ank.DocToolkit.Extensions.DependencyInjection,0.3.9,127,
2026-08-13,Ank.DocToolkit.Extensions.DependencyInjection,0.4.0,147,
2026-08-13,Ank.DocToolkit.Extensions.DependencyInjection,0.5.0,158,
2026-08-13,Ank.DocToolkit.Extensions.DependencyInjection,0.6.0,129,
2026-08-13,Ank.DocToolkit.Extensions.DependencyInjection,0.7.0,177,
2026-08-13,Ank.DocToolkit.Extensions.DependencyInjection,0.8.0,138,
2026-08-13,Ank.DocToolkit.Extensions.DependencyInjection,0.9.0,217,
2026-08-14,Ank.DocToolkit,0.1.0,353,
2026-08-14,Ank.DocToolkit,0.10.0,450,
2026-08-14,Ank.DocToolkit,0.11.0,1062,
2026-08-14,Ank.DocToolkit,0.12.0,881,
2026-08-14,Ank.DocToolkit,0.13.0,344,
2026-08-14,Ank.DocToolkit,0.14.0,320,
2026-08-14,Ank.DocToolkit,0.15.0,332,
2026-08-14,Ank.DocToolkit,0.16.0,352,
2026-08-14,Ank.DocToolkit,0.18.0,152,
2026-08-14,Ank.DocToolkit,0.18.1,328,
2026-08-14,Ank.DocToolkit,0.19.0,129,
2026-08-14,Ank.DocToolkit,0.19.1,246,
2026-08-14,Ank.DocToolkit,0.2.0,1482,
2026-08-14,Ank.DocToolkit,0.2.1,227,
2026-08-14,Ank.DocToolkit,0.2.2,95,
2026-08-14,Ank.DocToolkit,0.20.0,318,
2026-08-14,Ank.DocToolkit,0.21.0,207,
2026-08-14,Ank.DocToolkit,0.22.0,428,
2026-08-14,Ank.DocToolkit,0.23.0,115,
2026-08-14,Ank.DocToolkit,0.24.0,716,
2026-08-14,Ank.DocToolkit,0.25.0,268,
2026-08-14,Ank.DocToolkit,0.26.0,453,
2026-08-14,Ank.DocToolkit,0.27.0,204,
2026-08-14,Ank.DocToolkit,0.27.1,0,
2026-08-14,Ank.DocToolkit,0.27.2,0,
2026-08-14,Ank.DocToolkit,0.27.3,0,
2026-08-14,Ank.DocToolkit,0.27.4,0,
2026-08-14,Ank.DocToolkit,0.3.0,93,
2026-08-14,Ank.DocToolkit,0.3.1,93,
2026-08-14,Ank.DocToolkit,0.3.10,99,
2026-08-14,Ank.DocToolkit,0.3.11,122,
2026-08-14,Ank.DocToolkit,0.3.12,133,
2026-08-14,Ank.DocToolkit,0.3.2,219,
2026-08-14,Ank.DocToolkit,0.3.3,93,
2026-08-14,Ank.DocToolkit,0.3.4,99,
2026-08-14,Ank.DocToolkit,0.3.5,118,
2026-08-14,Ank.DocToolkit,0.3.6,130,
2026-08-14,Ank.DocToolkit,0.3.7,120,
2026-08-14,Ank.DocToolkit,0.3.8,106,
2026-08-14,Ank.DocToolkit,0.3.9,124,
2026-08-14,Ank.DocToolkit,0.4.0,148,
2026-08-14,Ank.DocToolkit,0.5.0,161,
2026-08-14,Ank.DocToolkit,0.6.0,133,
2026-08-14,Ank.DocToolkit,0.7.0,293,
2026-08-14,Ank.DocToolkit,0.8.0,444,
2026-08-14,Ank.DocToolkit,0.9.0,222,
2026-08-14,Ank.DocToolkit.Extensions.DependencyInjection,0.10.0,150,
2026-08-14,Ank.DocToolkit.Extensions.DependencyInjection,0.11.0,338,
2026-08-14,Ank.DocToolkit.Extensions.DependencyInjection,0.12.0,636,
2026-08-14,Ank.DocToolkit.Extensions.DependencyInjection,0.13.0,186,
2026-08-14,Ank.DocToolkit.Extensions.DependencyInjection,0.14.0,297,
2026-08-14,Ank.DocToolkit.Extensions.DependencyInjection,0.15.0,167,
2026-08-14,Ank.DocToolkit.Extensions.DependencyInjection,0.16.0,318,
2026-08-14,Ank.DocToolkit.Extensions.DependencyInjection,0.18.0,140,
2026-08-14,Ank.DocToolkit.Extensions.DependencyInjection,0.18.1,156,
2026-08-14,Ank.DocToolkit.Extensions.DependencyInjection,0.19.0,121,
2026-08-14,Ank.DocToolkit.Extensions.DependencyInjection,0.19.1,129,
2026-08-14,Ank.DocToolkit.Extensions.DependencyInjection,0.2.1,228,
2026-08-14,Ank.DocToolkit.Extensions.DependencyInjection,0.2.2,101,
2026-08-14,Ank.DocToolkit.Extensions.DependencyInjection,0.20.0,281,
2026-08-14,Ank.DocToolkit.Extensions.DependencyInjection,0.21.0,130,
2026-08-14,Ank.DocToolkit.Extensions.DependencyInjection,0.22.0,139,
2026-08-14,Ank.DocToolkit.Extensions.DependencyInjection,0.23.0,105,
2026-08-14,Ank.DocToolkit.Extensions.DependencyInjection,0.24.0,318,
2026-08-14,Ank.DocToolkit.Extensions.DependencyInjection,0.25.0,234,
2026-08-14,Ank.DocToolkit.Extensions.DependencyInjection,0.26.0,242,
2026-08-14,Ank.DocToolkit.Extensions.DependencyInjection,0.27.0,186,
2026-08-14,Ank.DocToolkit.Extensions.DependencyInjection,0.27.1,0,
2026-08-14,Ank.DocToolkit.Extensions.DependencyInjection,0.27.2,0,
2026-08-14,Ank.DocToolkit.Extensions.DependencyInjection,0.27.3,0,
2026-08-14,Ank.DocToolkit.Extensions.DependencyInjection,0.27.4,0,
2026-08-14,Ank.DocToolkit.Extensions.DependencyInjection,0.3.0,90,
2026-08-14,Ank.DocToolkit.Extensions.DependencyInjection,0.3.1,93,
2026-08-14,Ank.DocToolkit.Extensions.DependencyInjection,0.3.10,99,
2026-08-14,Ank.DocToolkit.Extensions.DependencyInjection,0.3.11,124,
2026-08-14,Ank.DocToolkit.Extensions.DependencyInjection,0.3.12,134,
2026-08-14,Ank.DocToolkit.Extensions.DependencyInjection,0.3.2,214,
2026-08-14,Ank.DocToolkit.Extensions.DependencyInjection,0.3.3,94,
2026-08-14,Ank.DocToolkit.Extensions.DependencyInjection,0.3.4,103,
2026-08-14,Ank.DocToolkit.Extensions.DependencyInjection,0.3.5,114,
2026-08-14,Ank.DocToolkit.Extensions.DependencyInjection,0.3.6,128,
2026-08-14,Ank.DocToolkit.Extensions.DependencyInjection,0.3.7,131,
2026-08-14,Ank.DocToolkit.Extensions.DependencyInjection,0.3.8,102,
2026-08-14,Ank.DocToolkit.Extensions.DependencyInjection,0.3.9,127,
2026-08-14,Ank.DocToolkit.Extensions.DependencyInjection,0.4.0,147,
2026-08-14,Ank.DocToolkit.Extensions.DependencyInjection,0.5.0,158,
2026-08-14,Ank.DocToolkit.Extensions.DependencyInjection,0.6.0,129,
2026-08-14,Ank.DocToolkit.Extensions.DependencyInjection,0.7.0,177,
2026-08-14,Ank.DocToolkit.Extensions.DependencyInjection,0.8.0,138,
2026-08-14,Ank.DocToolkit.Extensions.DependencyInjection,0.9.0,217,
2026-08-15,Ank.DocToolkit,0.1.0,354,
2026-08-15,Ank.DocToolkit,0.10.0,454,
2026-08-15,Ank.DocToolkit,0.11.0,1065,
2026-08-15,Ank.DocToolkit,0.12.0,882,
2026-08-15,Ank.DocToolkit,0.13.0,345,
2026-08-15,Ank.DocToolkit,0.14.0,321,
2026-08-15,Ank.DocToolkit,0.15.0,333,
2026-08-15,Ank.DocToolkit,0.16.0,353,
2026-08-15,Ank.DocToolkit,0.18.0,153,
2026-08-15,Ank.DocToolkit,0.18.1,329,
2026-08-15,Ank.DocToolkit,0.19.0,130,
2026-08-15,Ank.DocToolkit,0.19.1,248,
2026-08-15,Ank.DocToolkit,0.2.0,1483,
2026-08-15,Ank.DocToolkit,0.2.1,228,
2026-08-15,Ank.DocToolkit,0.2.2,96,
2026-08-15,Ank.DocToolkit,0.20.0,319,
2026-08-15,Ank.DocToolkit,0.21.0,209,
2026-08-15,Ank.DocToolkit,0.22.0,431,
2026-08-15,Ank.DocToolkit,0.23.0,116,
2026-08-15,Ank.DocToolkit,0.24.0,722,
2026-08-15,Ank.DocToolkit,0.25.0,270,
2026-08-15,Ank.DocToolkit,0.26.0,986,
2026-08-15,Ank.DocToolkit,0.27.0,363,
2026-08-15,Ank.DocToolkit,0.27.1,152,
2026-08-15,Ank.DocToolkit,0.27.2,212,
2026-08-15,Ank.DocToolkit,0.27.3,60,
2026-08-15,Ank.DocToolkit,0.27.4,154,
2026-08-15,Ank.DocToolkit,0.27.5,0,
2026-08-15,Ank.DocToolkit,0.28.0,0,
2026-08-15,Ank.DocToolkit,0.3.0,94,
2026-08-15,Ank.DocToolkit,0.3.1,94,
2026-08-15,Ank.DocToolkit,0.3.10,100,
2026-08-15,Ank.DocToolkit,0.3.11,123,
2026-08-15,Ank.DocToolkit,0.3.12,134,
2026-08-15,Ank.DocToolkit,0.3.2,220,
2026-08-15,Ank.DocToolkit,0.3.3,94,
2026-08-15,Ank.DocToolkit,0.3.4,100,
2026-08-15,Ank.DocToolkit,0.3.5,119,
2026-08-15,Ank.DocToolkit,0.3.6,131,
2026-08-15,Ank.DocToolkit,0.3.7,121,
2026-08-15,Ank.DocToolkit,0.3.8,107,
2026-08-15,Ank.DocToolkit,0.3.9,125,
2026-08-15,Ank.DocToolkit,0.4.0,149,
2026-08-15,Ank.DocToolkit,0.5.0,162,
2026-08-15,Ank.DocToolkit,0.6.0,134,
2026-08-15,Ank.DocToolkit,0.7.0,294,
2026-08-15,Ank.DocToolkit,0.8.0,445,
2026-08-15,Ank.DocToolkit,0.9.0,223,
2026-08-15,Ank.DocToolkit.Extensions.DependencyInjection,0.10.0,151,
2026-08-15,Ank.DocToolkit.Extensions.DependencyInjection,0.11.0,342,
2026-08-15,Ank.DocToolkit.Extensions.DependencyInjection,0.12.0,637,
2026-08-15,Ank.DocToolkit.Extensions.DependencyInjection,0.13.0,187,
2026-08-15,Ank.DocToolkit.Extensions.DependencyInjection,0.14.0,298,
2026-08-15,Ank.DocToolkit.Extensions.DependencyInjection,0.15.0,168,
2026-08-15,Ank.DocToolkit.Extensions.DependencyInjection,0.16.0,319,
2026-08-15,Ank.DocToolkit.Extensions.DependencyInjection,0.18.0,141,
2026-08-15,Ank.DocToolkit.Extensions.DependencyInjection,0.18.1,157,
2026-08-15,Ank.DocToolkit.Extensions.DependencyInjection,0.19.0,122,
2026-08-15,Ank.DocToolkit.Extensions.DependencyInjection,0.19.1,130,
2026-08-15,Ank.DocToolkit.Extensions.DependencyInjection,0.2.1,229,
2026-08-15,Ank.DocToolkit.Extensions.DependencyInjection,0.2.2,102,
2026-08-15,Ank.DocToolkit.Extensions.DependencyInjection,0.20.0,282,
2026-08-15,Ank.DocToolkit.Extensions.DependencyInjection,0.21.0,131,
2026-08-15,Ank.DocToolkit.Extensions.DependencyInjection,0.22.0,140,
2026-08-15,Ank.DocToolkit.Extensions.DependencyInjection,0.23.0,106,
2026-08-15,Ank.DocToolkit.Extensions.DependencyInjection,0.24.0,319,
2026-08-15,Ank.DocToolkit.Extensions.DependencyInjection,0.25.0,236,
2026-08-15,Ank.DocToolkit.Extensions.DependencyInjection,0.26.0,248,
2026-08-15,Ank.DocToolkit.Extensions.DependencyInjection,0.27.0,330,
2026-08-15,Ank.DocToolkit.Extensions.DependencyInjection,0.27.1,139,
2026-08-15,Ank.DocToolkit.Extensions.DependencyInjection,0.27.2,195,
2026-08-15,Ank.DocToolkit.Extensions.DependencyInjection,0.27.3,54,
2026-08-15,Ank.DocToolkit.Extensions.DependencyInjection,0.27.4,133,
2026-08-15,Ank.DocToolkit.Extensions.DependencyInjection,0.27.5,0,
2026-08-15,Ank.DocToolkit.Extensions.DependencyInjection,0.28.0,0,
2026-08-15,Ank.DocToolkit.Extensions.DependencyInjection,0.3.0,91,
2026-08-15,Ank.DocToolkit.Extensions.DependencyInjection,0.3.1,94,
2026-08-15,Ank.DocToolkit.Extensions.DependencyInjection,0.3.10,100,
2026-08-15,Ank.DocToolkit.Extensions.DependencyInjection,0.3.11,125,
2026-08-15,Ank.DocToolkit.Extensions.DependencyInjection,0.3.12,135,
2026-08-15,Ank.DocToolkit.Extensions.DependencyInjection,0.3.2,215,
2026-08-15,Ank.DocToolkit.Extensions.DependencyInjection,0.3.3,95,
2026-08-15,Ank.DocToolkit.Extensions.DependencyInjection,0.3.4,104,
2026-08-15,Ank.DocToolkit.Extensions.DependencyInjection,0.3.5,115,
2026-08-15,Ank.DocToolkit.Extensions.DependencyInjection,0.3.6,129,
2026-08-15,Ank.DocToolkit.Extensions.DependencyInjection,0.3.7,132,
2026-08-15,Ank.DocToolkit.Extensions.DependencyInjection,0.3.8,103,
2026-08-15,Ank.DocToolkit.Extensions.DependencyInjection,0.3.9,128,
2026-08-15,Ank.DocToolkit.Extensions.DependencyInjection,0.4.0,148,
2026-08-15,Ank.DocToolkit.Extensions.DependencyInjection,0.5.0,159,
2026-08-15,Ank.DocToolkit.Extensions.DependencyInjection,0.6.0,130,
2026-08-15,Ank.DocToolkit.Extensions.DependencyInjection,0.7.0,178,
2026-08-15,Ank.DocToolkit.Extensions.DependencyInjection,0.8.0,139,
2026-08-15,Ank.DocToolkit.Extensions.DependencyInjection,0.9.0,218,
2026-08-16,Ank.DocToolkit,0.1.0,354,
2026-08-16,Ank.DocToolkit,0.10.0,455,
2026-08-16,Ank.DocToolkit,0.11.0,1066,
2026-08-16,Ank.DocToolkit,0.12.0,886,
2026-08-16,Ank.DocToolkit,0.13.0,349,
2026-08-16,Ank.DocToolkit,0.14.0,323,
2026-08-16,Ank.DocToolkit,0.15.0,336,
2026-08-16,Ank.DocToolkit,0.16.0,356,
2026-08-16,Ank.DocToolkit,0.18.0,154,
2026-08-16,Ank.DocToolkit,0.18.1,332,
2026-08-16,Ank.DocToolkit,0.19.0,131,
2026-08-16,Ank.DocToolkit,0.19.1,250,
2026-08-16,Ank.DocToolkit,0.2.0,1483,
2026-08-16,Ank.DocToolkit,0.2.1,228,
2026-08-16,Ank.DocToolkit,0.2.2,97,
2026-08-16,Ank.DocToolkit,0.20.0,320,
2026-08-16,Ank.DocToolkit,0.21.0,211,
2026-08-16,Ank.DocToolkit,0.22.0,435,
2026-08-16,Ank.DocToolkit,0.23.0,117,
2026-08-16,Ank.DocToolkit,0.24.0,725,
2026-08-16,Ank.DocToolkit,0.25.0,272,
2026-08-16,Ank.DocToolkit,0.26.0,1196,
2026-08-16,Ank.DocToolkit,0.27.0,365,
2026-08-16,Ank.DocToolkit,0.27.1,161,
2026-08-16,Ank.DocToolkit,0.27.2,219,
2026-08-16,Ank.DocToolkit,0.27.3,69,
2026-08-16,Ank.DocToolkit,0.27.4,186,
2026-08-16,Ank.DocToolkit,0.27.5,225,
2026-08-16,Ank.DocToolkit,0.28.0,113,
2026-08-16,Ank.DocToolkit,0.29.0,49,
2026-08-16,Ank.DocToolkit,0.3.0,95,
2026-08-16,Ank.DocToolkit,0.3.1,95,
2026-08-16,Ank.DocToolkit,0.3.10,101,
2026-08-16,Ank.DocToolkit,0.3.11,124,
2026-08-16,Ank.DocToolkit,0.3.12,135,
2026-08-16,Ank.DocToolkit,0.3.2,221,
2026-08-16,Ank.DocToolkit,0.3.3,95,
2026-08-16,Ank.DocToolkit,0.3.4,101,
2026-08-16,Ank.DocToolkit,0.3.5,120,
2026-08-16,Ank.DocToolkit,0.3.6,132,
2026-08-16,Ank.DocToolkit,0.3.7,122,
2026-08-16,Ank.DocToolkit,0.3.8,108,
2026-08-16,Ank.DocToolkit,0.3.9,126,
2026-08-16,Ank.DocToolkit,0.30.0,0,
2026-08-16,Ank.DocToolkit,0.4.0,150,
2026-08-16,Ank.DocToolkit,0.5.0,163,
2026-08-16,Ank.DocToolkit,0.6.0,135,
2026-08-16,Ank.DocToolkit,0.7.0,295,
2026-08-16,Ank.DocToolkit,0.8.0,446,
2026-08-16,Ank.DocToolkit,0.9.0,224,
2026-08-16,Ank.DocToolkit.Extensions.DependencyInjection,0.10.0,152,
2026-08-16,Ank.DocToolkit.Extensions.DependencyInjection,0.11.0,343,
2026-08-16,Ank.DocToolkit.Extensions.DependencyInjection,0.12.0,641,
2026-08-16,Ank.DocToolkit.Extensions.DependencyInjection,0.13.0,192,
2026-08-16,Ank.DocToolkit.Extensions.DependencyInjection,0.14.0,303,
2026-08-16,Ank.DocToolkit.Extensions.DependencyInjection,0.15.0,171,
2026-08-16,Ank.DocToolkit.Extensions.DependencyInjection,0.16.0,323,
2026-08-16,Ank.DocToolkit.Extensions.DependencyInjection,0.18.0,144,
2026-08-16,Ank.DocToolkit.Extensions.DependencyInjection,0.18.1,161,
2026-08-16,Ank.DocToolkit.Extensions.DependencyInjection,0.19.0,124,
2026-08-16,Ank.DocToolkit.Extensions.DependencyInjection,0.19.1,131,
2026-08-16,Ank.DocToolkit.Extensions.DependencyInjection,0.2.1,229,
2026-08-16,Ank.DocToolkit.Extensions.DependencyInjection,0.2.2,103,
2026-08-16,Ank.DocToolkit.Extensions.DependencyInjection,0.20.0,283,
2026-08-16,Ank.DocToolkit.Extensions.DependencyInjection,0.21.0,132,
2026-08-16,Ank.DocToolkit.Extensions.DependencyInjection,0.22.0,141,
2026-08-16,Ank.DocToolkit.Extensions.DependencyInjection,0.23.0,107,
2026-08-16,Ank.DocToolkit.Extensions.DependencyInjection,0.24.0,320,
2026-08-16,Ank.DocToolkit.Extensions.DependencyInjection,0.25.0,237,
2026-08-16,Ank.DocToolkit.Extensions.DependencyInjection,0.26.0,250,
2026-08-16,Ank.DocToolkit.Extensions.DependencyInjection,0.27.0,332,
2026-08-16,Ank.DocToolkit.Extensions.DependencyInjection,0.27.1,148,
2026-08-16,Ank.DocToolkit.Extensions.DependencyInjection,0.27.2,203,
2026-08-16,Ank.DocToolkit.Extensions.DependencyInjection,0.27.3,61,
2026-08-16,Ank.DocToolkit.Extensions.DependencyInjection,0.27.4,158,
2026-08-16,Ank.DocToolkit.Extensions.DependencyInjection,0.27.5,209,
2026-08-16,Ank.DocToolkit.Extensions.DependencyInjection,0.28.0,133,
2026-08-16,Ank.DocToolkit.Extensions.DependencyInjection,0.29.0,46,
2026-08-16,Ank.DocToolkit.Extensions.DependencyInjection,0.3.0,92,
2026-08-16,Ank.DocToolkit.Extensions.DependencyInjection,0.3.1,95,
2026-08-16,Ank.DocToolkit.Extensions.DependencyInjection,0.3.10,101,
2026-08-16,Ank.DocToolkit.Extensions.DependencyInjection,0.3.11,126,
2026-08-16,Ank.DocToolkit.Extensions.DependencyInjection,0.3.12,136,
2026-08-16,Ank.DocToolkit.Extensions.DependencyInjection,0.3.2,216,
2026-08-16,Ank.DocToolkit.Extensions.DependencyInjection,0.3.3,96,
2026-08-16,Ank.DocToolkit.Extensions.DependencyInjection,0.3.4,105,
2026-08-16,Ank.DocToolkit.Extensions.DependencyInjection,0.3.5,116,
2026-08-16,Ank.DocToolkit.Extensions.DependencyInjection,0.3.6,130,
2026-08-16,Ank.DocToolkit.Extensions.DependencyInjection,0.3.7,133,
2026-08-16,Ank.DocToolkit.Extensions.DependencyInjection,0.3.8,104,
2026-08-16,Ank.DocToolkit.Extensions.DependencyInjection,0.3.9,129,
2026-08-16,Ank.DocToolkit.Extensions.DependencyInjection,0.30.0,0,
2026-08-16,Ank.DocToolkit.Extensions.DependencyInjection,0.4.0,150,
2026-08-16,Ank.DocToolkit.Extensions.DependencyInjection,0.5.0,160,
2026-08-16,Ank.DocToolkit.Extensions.DependencyInjection,0.6.0,131,
2026-08-16,Ank.DocToolkit.Extensions.DependencyInjection,0.7.0,180,
2026-08-16,Ank.DocToolkit.Extensions.DependencyInjection,0.8.0,140,
2026-08-16,Ank.DocToolkit.Extensions.DependencyInjection,0.9.0,219,
2026-08-17,Ank.DocToolkit,0.1.0,354,
2026-08-17,Ank.DocToolkit,0.10.0,455,
2026-08-17,Ank.DocToolkit,0.11.0,1066,
2026-08-17,Ank.DocToolkit,0.12.0,888,
2026-08-17,Ank.DocToolkit,0.13.0,350,
2026-08-17,Ank.DocToolkit,0.14.0,325,
2026-08-17,Ank.DocToolkit,0.15.0,339,
2026-08-17,Ank.DocToolkit,0.16.0,357,
2026-08-17,Ank.DocToolkit,0.18.0,158,
2026-08-17,Ank.DocToolkit,0.18.1,334,
2026-08-17,Ank.DocToolkit,0.19.0,134,
2026-08-17,Ank.DocToolkit,0.19.1,253,
2026-08-17,Ank.DocToolkit,0.2.0,1483,
2026-08-17,Ank.DocToolkit,0.2.1,228,
2026-08-17,Ank.DocToolkit,0.2.2,97,
2026-08-17,Ank.DocToolkit,0.20.0,323,
2026-08-17,Ank.DocToolkit,0.21.0,211,
2026-08-17,Ank.DocToolkit,0.22.0,436,
2026-08-17,Ank.DocToolkit,0.23.0,118,
2026-08-17,Ank.DocToolkit,0.24.0,727,
2026-08-17,Ank.DocToolkit,0.25.0,272,
2026-08-17,Ank.DocToolkit,0.26.0,1203,
2026-08-17,Ank.DocToolkit,0.27.0,365,
2026-08-17,Ank.DocToolkit,0.27.1,162,
2026-08-17,Ank.DocToolkit,0.27.2,219,
2026-08-17,Ank.DocToolkit,0.27.3,72,
2026-08-17,Ank.DocToolkit,0.27.4,186,
2026-08-17,Ank.DocToolkit,0.27.5,229,
2026-08-17,Ank.DocToolkit,0.28.0,254,
2026-08-17,Ank.DocToolkit,0.29.0,368,
2026-08-17,Ank.DocToolkit,0.3.0,95,
2026-08-17,Ank.DocToolkit,0.3.1,95,
2026-08-17,Ank.DocToolkit,0.3.10,101,
2026-08-17,Ank.DocToolkit,0.3.11,124,
2026-08-17,Ank.DocToolkit,0.3.12,136,
2026-08-17,Ank.DocToolkit,0.3.2,221,
2026-08-17,Ank.DocToolkit,0.3.3,95,
2026-08-17,Ank.DocToolkit,0.3.4,101,
2026-08-17,Ank.DocToolkit,0.3.5,120,
2026-08-17,Ank.DocToolkit,0.3.6,132,
2026-08-17,Ank.DocToolkit,0.3.7,122,
2026-08-17,Ank.DocToolkit,0.3.8,108,
2026-08-17,Ank.DocToolkit,0.3.9,126,
2026-08-17,Ank.DocToolkit,0.30.0,258,
2026-08-17,Ank.DocToolkit,0.31.0,0,
2026-08-17,Ank.DocToolkit,0.4.0,151,
2026-08-17,Ank.DocToolkit,0.5.0,163,
2026-08-17,Ank.DocToolkit,0.6.0,137,
2026-08-17,Ank.DocToolkit,0.7.0,296,
2026-08-17,Ank.DocToolkit,0.8.0,447,
2026-08-17,Ank.DocToolkit,0.9.0,225,
2026-08-17,Ank.DocToolkit.Extensions.DependencyInjection,0.10.0,152,
2026-08-17,Ank.DocToolkit.Extensions.DependencyInjection,0.11.0,343,
2026-08-17,Ank.DocToolkit.Extensions.DependencyInjection,0.12.0,641,
2026-08-17,Ank.DocToolkit.Extensions.DependencyInjection,0.13.0,192,
2026-08-17,Ank.DocToolkit.Extensions.DependencyInjection,0.14.0,303,
2026-08-17,Ank.DocToolkit.Extensions.DependencyInjection,0.15.0,172,
2026-08-17,Ank.DocToolkit.Extensions.DependencyInjection,0.16.0,323,
2026-08-17,Ank.DocToolkit.Extensions.DependencyInjection,0.18.0,145,
2026-08-17,Ank.DocToolkit.Extensions.DependencyInjection,0.18.1,161,
2026-08-17,Ank.DocToolkit.Extensions.DependencyInjection,0.19.0,126,
2026-08-17,Ank.DocToolkit.Extensions.DependencyInjection,0.19.1,131,
2026-08-17,Ank.DocToolkit.Extensions.DependencyInjection,0.2.1,229,
2026-08-17,Ank.DocToolkit.Extensions.DependencyInjection,0.2.2,103,
2026-08-17,Ank.DocToolkit.Extensions.DependencyInjection,0.20.0,285,
2026-08-17,Ank.DocToolkit.Extensions.DependencyInjection,0.21.0,132,
2026-08-17,Ank.DocToolkit.Extensions.DependencyInjection,0.22.0,141,
2026-08-17,Ank.DocToolkit.Extensions.DependencyInjection,0.23.0,107,
2026-08-17,Ank.DocToolkit.Extensions.DependencyInjection,0.24.0,320,
2026-08-17,Ank.DocToolkit.Extensions.DependencyInjection,0.25.0,237,
2026-08-17,Ank.DocToolkit.Extensions.DependencyInjection,0.26.0,250,
2026-08-17,Ank.DocToolkit.Extensions.DependencyInjection,0.27.0,333,
2026-08-17,Ank.DocToolkit.Extensions.DependencyInjection,0.27.1,148,
2026-08-17,Ank.DocToolkit.Extensions.DependencyInjection,0.27.2,204,
2026-08-17,Ank.DocToolkit.Extensions.DependencyInjection,0.27.3,62,
2026-08-17,Ank.DocToolkit.Extensions.DependencyInjection,0.27.4,159,
2026-08-17,Ank.DocToolkit.Extensions.DependencyInjection,0.27.5,212,
2026-08-17,Ank.DocToolkit.Extensions.DependencyInjection,0.28.0,139,
2026-08-17,Ank.DocToolkit.Extensions.DependencyInjection,0.29.0,328,
2026-08-17,Ank.DocToolkit.Extensions.DependencyInjection,0.3.0,92,
2026-08-17,Ank.DocToolkit.Extensions.DependencyInjection,0.3.1,95,
2026-08-17,Ank.DocToolkit.Extensions.DependencyInjection,0.3.10,101,
2026-08-17,Ank.DocToolkit.Extensions.DependencyInjection,0.3.11,127,
2026-08-17,Ank.DocToolkit.Extensions.DependencyInjection,0.3.12,136,
2026-08-17,Ank.DocToolkit.Extensions.DependencyInjection,0.3.2,216,
2026-08-17,Ank.DocToolkit.Extensions.DependencyInjection,0.3.3,96,
2026-08-17,Ank.DocToolkit.Extensions.DependencyInjection,0.3.4,105,
2026-08-17,Ank.DocToolkit.Extensions.DependencyInjection,0.3.5,116,
2026-08-17,Ank.DocToolkit.Extensions.DependencyInjection,0.3.6,130,
2026-08-17,Ank.DocToolkit.Extensions.DependencyInjection,0.3.7,133,
2026-08-17,Ank.DocToolkit.Extensions.DependencyInjection,0.3.8,104,
2026-08-17,Ank.DocToolkit.Extensions.DependencyInjection,0.3.9,129,
2026-08-17,Ank.DocToolkit.Extensions.DependencyInjection,0.30.0,224,
2026-08-17,Ank.DocToolkit.Extensions.DependencyInjection,0.31.0,0,
2026-08-17,Ank.DocToolkit.Extensions.DependencyInjection,0.4.0,150,
2026-08-17,Ank.DocToolkit.Extensions.DependencyInjection,0.5.0,160,
2026-08-17,Ank.DocToolkit.Extensions.DependencyInjection,0.6.0,132,
2026-08-17,Ank.DocToolkit.Extensions.DependencyInjection,0.7.0,180,
2026-08-17,Ank.DocToolkit.Extensions.DependencyInjection,0.8.0,140,
2026-08-17,Ank.DocToolkit.Extensions.DependencyInjection,0.9.0,219,
2026-08-18,Ank.DocToolkit,0.1.0,354,
2026-08-18,Ank.DocToolkit,0.10.0,456,
2026-08-18,Ank.DocToolkit,0.11.0,1066,
2026-08-18,Ank.DocToolkit,0.12.0,889,
2026-08-18,Ank.DocToolkit,0.13.0,352,
2026-08-18,Ank.DocToolkit,0.14.0,326,
2026-08-18,Ank.DocToolkit,0.15.0,341,
2026-08-18,Ank.DocToolkit,0.16.0,359,
2026-08-18,Ank.DocToolkit,0.18.0,159,
2026-08-18,Ank.DocToolkit,0.18.1,335,
2026-08-18,Ank.DocToolkit,0.19.0,136,
2026-08-18,Ank.DocToolkit,0.19.1,255,
2026-08-18,Ank.DocToolkit,0.2.0,1483,
2026-08-18,Ank.DocToolkit,0.2.1,229,
2026-08-18,Ank.DocToolkit,0.2.2,97,
2026-08-18,Ank.DocToolkit,0.20.0,323,
2026-08-18,Ank.DocToolkit,0.21.0,220,
2026-08-18,Ank.DocToolkit,0.22.0,444,
2026-08-18,Ank.DocToolkit,0.23.0,126,
2026-08-18,Ank.DocToolkit,0.24.0,737,
2026-08-18,Ank.DocToolkit,0.25.0,280,
2026-08-18,Ank.DocToolkit,0.26.0,1220,
2026-08-18,Ank.DocToolkit,0.27.0,373,
2026-08-18,Ank.DocToolkit,0.27.1,170,
2026-08-18,Ank.DocToolkit,0.27.2,227,
2026-08-18,Ank.DocToolkit,0.27.3,80,
2026-08-18,Ank.DocToolkit,0.27.4,194,
2026-08-18,Ank.DocToolkit,0.27.5,237,
2026-08-18,Ank.DocToolkit,0.28.0,284,
2026-08-18,Ank.DocToolkit,0.29.0,377,
2026-08-18,Ank.DocToolkit,0.3.0,95,
2026-08-18,Ank.DocToolkit,0.3.1,95,
2026-08-18,Ank.DocToolkit,0.3.10,101,
2026-08-18,Ank.DocToolkit,0.3.11,125,
2026-08-18,Ank.DocToolkit,0.3.12,137,
2026-08-18,Ank.DocToolkit,0.3.2,221,
2026-08-18,Ank.DocToolkit,0.3.3,95,
2026-08-18,Ank.DocToolkit,0.3.4,101,
2026-08-18,Ank.DocToolkit,0.3.5,120,
2026-08-18,Ank.DocToolkit,0.3.6,132,
2026-08-18,Ank.DocToolkit,0.3.7,122,
2026-08-18,Ank.DocToolkit,0.3.8,108,
2026-08-18,Ank.DocToolkit,0.3.9,126,
2026-08-18,Ank.DocToolkit,0.30.0,293,
2026-08-18,Ank.DocToolkit,0.31.0,135,
2026-08-18,Ank.DocToolkit,0.4.0,152,
2026-08-18,Ank.DocToolkit,0.5.0,164,
2026-08-18,Ank.DocToolkit,0.6.0,138,
2026-08-18,Ank.DocToolkit,0.7.0,297,
2026-08-18,Ank.DocToolkit,0.8.0,448,
2026-08-18,Ank.DocToolkit,0.9.0,226,
2026-08-18,Ank.DocToolkit.Extensions.DependencyInjection,0.10.0,152,
2026-08-18,Ank.DocToolkit.Extensions.DependencyInjection,0.11.0,344,
2026-08-18,Ank.DocToolkit.Extensions.DependencyInjection,0.12.0,641,
2026-08-18,Ank.DocToolkit.Extensions.DependencyInjection,0.13.0,192,
2026-08-18,Ank.DocToolkit.Extensions.DependencyInjection,0.14.0,303,
2026-08-18,Ank.DocToolkit.Extensions.DependencyInjection,0.15.0,172,
2026-08-18,Ank.DocToolkit.Extensions.DependencyInjection,0.16.0,323,
2026-08-18,Ank.DocToolkit.Extensions.DependencyInjection,0.18.0,145,
2026-08-18,Ank.DocToolkit.Extensions.DependencyInjection,0.18.1,161,
2026-08-18,Ank.DocToolkit.Extensions.DependencyInjection,0.19.0,126,
2026-08-18,Ank.DocToolkit.Extensions.DependencyInjection,0.19.1,131,
2026-08-18,Ank.DocToolkit.Extensions.DependencyInjection,0.2.1,229,
2026-08-18,Ank.DocToolkit.Extensions.DependencyInjection,0.2.2,103,
2026-08-18,Ank.DocToolkit.Extensions.DependencyInjection,0.20.0,285,
2026-08-18,Ank.DocToolkit.Extensions.DependencyInjection,0.21.0,141,
2026-08-18,Ank.DocToolkit.Extensions.DependencyInjection,0.22.0,149,
2026-08-18,Ank.DocToolkit.Extensions.DependencyInjection,0.23.0,117,
2026-08-18,Ank.DocToolkit.Extensions.DependencyInjection,0.24.0,328,
2026-08-18,Ank.DocToolkit.Extensions.DependencyInjection,0.25.0,245,
2026-08-18,Ank.DocToolkit.Extensions.DependencyInjection,0.26.0,258,
2026-08-18,Ank.DocToolkit.Extensions.DependencyInjection,0.27.0,342,
2026-08-18,Ank.DocToolkit.Extensions.DependencyInjection,0.27.1,156,
2026-08-18,Ank.DocToolkit.Extensions.DependencyInjection,0.27.2,212,
2026-08-18,Ank.DocToolkit.Extensions.DependencyInjection,0.27.3,70,
2026-08-18,Ank.DocToolkit.Extensions.DependencyInjection,0.27.4,168,
2026-08-18,Ank.DocToolkit.Extensions.DependencyInjection,0.27.5,221,
2026-08-18,Ank.DocToolkit.Extensions.DependencyInjection,0.28.0,148,
2026-08-18,Ank.DocToolkit.Extensions.DependencyInjection,0.29.0,338,
2026-08-18,Ank.DocToolkit.Extensions.DependencyInjection,0.3.0,92,
2026-08-18,Ank.DocToolkit.Extensions.DependencyInjection,0.3.1,95,
2026-08-18,Ank.DocToolkit.Extensions.DependencyInjection,0.3.10,101,
2026-08-18,Ank.DocToolkit.Extensions.DependencyInjection,0.3.11,127,
2026-08-18,Ank.DocToolkit.Extensions.DependencyInjection,0.3.12,136,
2026-08-18,Ank.DocToolkit.Extensions.DependencyInjection,0.3.2,216,
2026-08-18,Ank.DocToolkit.Extensions.DependencyInjection,0.3.3,96,
2026-08-18,Ank.DocToolkit.Extensions.DependencyInjection,0.3.4,105,
2026-08-18,Ank.DocToolkit.Extensions.DependencyInjection,0.3.5,116,
2026-08-18,Ank.DocToolkit.Extensions.DependencyInjection,0.3.6,130,
2026-08-18,Ank.DocToolkit.Extensions.DependencyInjection,0.3.7,133,
2026-08-18,Ank.DocToolkit.Extensions.DependencyInjection,0.3.8,105,
2026-08-18,Ank.DocToolkit.Extensions.DependencyInjection,0.3.9,130,
2026-08-18,Ank.DocToolkit.Extensions.DependencyInjection,0.30.0,259,
2026-08-18,Ank.DocToolkit.Extensions.DependencyInjection,0.31.0,124,
2026-08-18,Ank.DocToolkit.Extensions.DependencyInjection,0.4.0,150,
2026-08-18,Ank.DocToolkit.Extensions.DependencyInjection,0.5.0,161,
2026-08-18,Ank.DocToolkit.Extensions.DependencyInjection,0.6.0,132,
2026-08-18,Ank.DocToolkit.Extensions.DependencyInjection,0.7.0,180,
2026-08-18,Ank.DocToolkit.Extensions.DependencyInjection,0.8.0,140,
2026-08-18,Ank.DocToolkit.Extensions.DependencyInjection,0.9.0,219,
2026-08-19,Ank.DocToolkit,0.1.0,355,
2026-08-19,Ank.DocToolkit,0.10.0,457,
2026-08-19,Ank.DocToolkit,0.11.0,1067,
2026-08-19,Ank.DocToolkit,0.12.0,891,
2026-08-19,Ank.DocToolkit,0.13.0,352,
2026-08-19,Ank.DocToolkit,0.14.0,327,
2026-08-19,Ank.DocToolkit,0.15.0,342,
2026-08-19,Ank.DocToolkit,0.16.0,360,
2026-08-19,Ank.DocToolkit,0.18.0,161,
2026-08-19,Ank.DocToolkit,0.18.1,336,
2026-08-19,Ank.DocToolkit,0.19.0,137,
2026-08-19,Ank.DocToolkit,0.19.1,257,
2026-08-19,Ank.DocToolkit,0.2.0,1483,
2026-08-19,Ank.DocToolkit,0.2.1,229,
2026-08-19,Ank.DocToolkit,0.2.2,97,
2026-08-19,Ank.DocToolkit,0.20.0,325,
2026-08-19,Ank.DocToolkit,0.21.0,222,
2026-08-19,Ank.DocToolkit,0.22.0,448,
2026-08-19,Ank.DocToolkit,0.23.0,129,
2026-08-19,Ank.DocToolkit,0.24.0,738,
2026-08-19,Ank.DocToolkit,0.25.0,281,
2026-08-19,Ank.DocToolkit,0.26.0,1226,
2026-08-19,Ank.DocToolkit,0.27.0,374,
2026-08-19,Ank.DocToolkit,0.27.1,171,
2026-08-19,Ank.DocToolkit,0.27.2,228,
2026-08-19,Ank.DocToolkit,0.27.3,81,
2026-08-19,Ank.DocToolkit,0.27.4,195,
2026-08-19,Ank.DocToolkit,0.27.5,239,
2026-08-19,Ank.DocToolkit,0.28.0,311,
2026-08-19,Ank.DocToolkit,0.29.0,379,
2026-08-19,Ank.DocToolkit,0.3.0,95,
2026-08-19,Ank.DocToolkit,0.3.1,95,
2026-08-19,Ank.DocToolkit,0.3.10,101,
2026-08-19,Ank.DocToolkit,0.3.11,126,
2026-08-19,Ank.DocToolkit,0.3.12,137,
2026-08-19,Ank.DocToolkit,0.3.2,221,
2026-08-19,Ank.DocToolkit,0.3.3,95,
2026-08-19,Ank.DocToolkit,0.3.4,102,
2026-08-19,Ank.DocToolkit,0.3.5,120,
2026-08-19,Ank.DocToolkit,0.3.6,132,
2026-08-19,Ank.DocToolkit,0.3.7,122,
2026-08-19,Ank.DocToolkit,0.3.8,108,
2026-08-19,Ank.DocToolkit,0.3.9,126,
2026-08-19,Ank.DocToolkit,0.30.0,297,
2026-08-19,Ank.DocToolkit,0.31.0,196,
2026-08-19,Ank.DocToolkit,0.31.1,149,
2026-08-19,Ank.DocToolkit,0.32.0,0,
2026-08-19,Ank.DocToolkit,0.4.0,152,
2026-08-19,Ank.DocToolkit,0.5.0,164,
2026-08-19,Ank.DocToolkit,0.6.0,138,
2026-08-19,Ank.DocToolkit,0.7.0,298,
2026-08-19,Ank.DocToolkit,0.8.0,448,
2026-08-19,Ank.DocToolkit,0.9.0,226,
2026-08-19,Ank.DocToolkit.Extensions.DependencyInjection,0.10.0,152,
2026-08-19,Ank.DocToolkit.Extensions.DependencyInjection,0.11.0,344,
2026-08-19,Ank.DocToolkit.Extensions.DependencyInjection,0.12.0,641,
2026-08-19,Ank.DocToolkit.Extensions.DependencyInjection,0.13.0,192,
2026-08-19,Ank.DocToolkit.Extensions.DependencyInjection,0.14.0,303,
2026-08-19,Ank.DocToolkit.Extensions.DependencyInjection,0.15.0,175,
2026-08-19,Ank.DocToolkit.Extensions.DependencyInjection,0.16.0,324,
2026-08-19,Ank.DocToolkit.Extensions.DependencyInjection,0.18.0,147,
2026-08-19,Ank.DocToolkit.Extensions.DependencyInjection,0.18.1,162,
2026-08-19,Ank.DocToolkit.Extensions.DependencyInjection,0.19.0,127,
2026-08-19,Ank.DocToolkit.Extensions.DependencyInjection,0.19.1,133,
2026-08-19,Ank.DocToolkit.Extensions.DependencyInjection,0.2.1,229,
2026-08-19,Ank.DocToolkit.Extensions.DependencyInjection,0.2.2,103,
2026-08-19,Ank.DocToolkit.Extensions.DependencyInjection,0.20.0,286,
2026-08-19,Ank.DocToolkit.Extensions.DependencyInjection,0.21.0,143,
2026-08-19,Ank.DocToolkit.Extensions.DependencyInjection,0.22.0,150,
2026-08-19,Ank.DocToolkit.Extensions.DependencyInjection,0.23.0,120,
2026-08-19,Ank.DocToolkit.Extensions.DependencyInjection,0.24.0,329,
2026-08-19,Ank.DocToolkit.Extensions.DependencyInjection,0.25.0,247,
2026-08-19,Ank.DocToolkit.Extensions.DependencyInjection,0.26.0,260,
2026-08-19,Ank.DocToolkit.Extensions.DependencyInjection,0.27.0,344,
2026-08-19,Ank.DocToolkit.Extensions.DependencyInjection,0.27.1,158,
2026-08-19,Ank.DocToolkit.Extensions.DependencyInjection,0.27.2,213,
2026-08-19,Ank.DocToolkit.Extensions.DependencyInjection,0.27.3,71,
2026-08-19,Ank.DocToolkit.Extensions.DependencyInjection,0.27.4,169,
2026-08-19,Ank.DocToolkit.Extensions.DependencyInjection,0.27.5,222,
2026-08-19,Ank.DocToolkit.Extensions.DependencyInjection,0.28.0,149,
2026-08-19,Ank.DocToolkit.Extensions.DependencyInjection,0.29.0,340,
2026-08-19,Ank.DocToolkit.Extensions.DependencyInjection,0.3.0,92,
2026-08-19,Ank.DocToolkit.Extensions.DependencyInjection,0.3.1,95,
2026-08-19,Ank.DocToolkit.Extensions.DependencyInjection,0.3.10,101,
2026-08-19,Ank.DocToolkit.Extensions.DependencyInjection,0.3.11,127,
2026-08-19,Ank.DocToolkit.Extensions.DependencyInjection,0.3.12,137,
2026-08-19,Ank.DocToolkit.Extensions.DependencyInjection,0.3.2,216,
2026-08-19,Ank.DocToolkit.Extensions.DependencyInjection,0.3.3,96,
2026-08-19,Ank.DocToolkit.Extensions.DependencyInjection,0.3.4,105,
2026-08-19,Ank.DocToolkit.Extensions.DependencyInjection,0.3.5,116,
2026-08-19,Ank.DocToolkit.Extensions.DependencyInjection,0.3.6,130,
2026-08-19,Ank.DocToolkit.Extensions.DependencyInjection,0.3.7,133,
2026-08-19,Ank.DocToolkit.Extensions.DependencyInjection,0.3.8,105,
2026-08-19,Ank.DocToolkit.Extensions.DependencyInjection,0.3.9,130,
2026-08-19,Ank.DocToolkit.Extensions.DependencyInjection,0.30.0,263,
2026-08-19,Ank.DocToolkit.Extensions.DependencyInjection,0.31.0,180,
2026-08-19,Ank.DocToolkit.Extensions.DependencyInjection,0.31.1,133,
2026-08-19,Ank.DocToolkit.Extensions.DependencyInjection,0.32.0,0,
2026-08-19,Ank.DocToolkit.Extensions.DependencyInjection,0.4.0,150,
2026-08-19,Ank.DocToolkit.Extensions.DependencyInjection,0.5.0,161,
2026-08-19,Ank.DocToolkit.Extensions.DependencyInjection,0.6.0,132,
2026-08-19,Ank.DocToolkit.Extensions.DependencyInjection,0.7.0,180,
2026-08-19,Ank.DocToolkit.Extensions.DependencyInjection,0.8.0,140,
2026-08-19,Ank.DocToolkit.Extensions.DependencyInjection,0.9.0,219,
2026-08-20,Ank.DocToolkit,0.1.0,356,
2026-08-20,Ank.DocToolkit,0.10.0,457,
2026-08-20,Ank.DocToolkit,0.11.0,1068,
2026-08-20,Ank.DocToolkit,0.12.0,891,
2026-08-20,Ank.DocToolkit,0.13.0,352,
2026-08-20,Ank.DocToolkit,0.14.0,327,
2026-08-20,Ank.DocToolkit,0.15.0,342,
2026-08-20,Ank.DocToolkit,0.16.0,360,
2026-08-20,Ank.DocToolkit,0.18.0,161,
2026-08-20,Ank.DocToolkit,0.18.1,336,
2026-08-20,Ank.DocToolkit,0.19.0,137,
2026-08-20,Ank.DocToolkit,0.19.1,257,
2026-08-20,Ank.DocToolkit,0.2.0,1484,
2026-08-20,Ank.DocToolkit,0.2.1,230,
2026-08-20,Ank.DocToolkit,0.2.2,98,
2026-08-20,Ank.DocToolkit,0.20.0,325,
2026-08-20,Ank.DocToolkit,0.21.0,226,
2026-08-20,Ank.DocToolkit,0.22.0,453,
2026-08-20,Ank.DocToolkit,0.23.0,130,
2026-08-20,Ank.DocToolkit,0.24.0,757,
2026-08-20,Ank.DocToolkit,0.25.0,294,
2026-08-20,Ank.DocToolkit,0.26.0,1256,
2026-08-20,Ank.DocToolkit,0.27.0,384,
2026-08-20,Ank.DocToolkit,0.27.1,181,
2026-08-20,Ank.DocToolkit,0.27.2,239,
2026-08-20,Ank.DocToolkit,0.27.3,91,
2026-08-20,Ank.DocToolkit,0.27.4,204,
2026-08-20,Ank.DocToolkit,0.27.5,248,
2026-08-20,Ank.DocToolkit,0.28.0,485,
2026-08-20,Ank.DocToolkit,0.29.0,388,
2026-08-20,Ank.DocToolkit,0.3.0,96,
2026-08-20,Ank.DocToolkit,0.3.1,95,
2026-08-20,Ank.DocToolkit,0.3.10,101,
2026-08-20,Ank.DocToolkit,0.3.11,126,
2026-08-20,Ank.DocToolkit,0.3.12,137,
2026-08-20,Ank.DocToolkit,0.3.2,221,
2026-08-20,Ank.DocToolkit,0.3.3,95,
2026-08-20,Ank.DocToolkit,0.3.4,102,
2026-08-20,Ank.DocToolkit,0.3.5,120,
2026-08-20,Ank.DocToolkit,0.3.6,132,
2026-08-20,Ank.DocToolkit,0.3.7,122,
2026-08-20,Ank.DocToolkit,0.3.8,108,
2026-08-20,Ank.DocToolkit,0.3.9,126,
2026-08-20,Ank.DocToolkit,0.30.0,309,
2026-08-20,Ank.DocToolkit,0.31.0,209,
2026-08-20,Ank.DocToolkit,0.31.1,180,
2026-08-20,Ank.DocToolkit,0.32.0,255,
2026-08-20,Ank.DocToolkit,0.33.0,29,
2026-08-20,Ank.DocToolkit,0.33.1,0,
2026-08-20,Ank.DocToolkit,0.33.2,0,
2026-08-20,Ank.DocToolkit,0.33.3,0,
2026-08-20,Ank.DocToolkit,0.4.0,152,
2026-08-20,Ank.DocToolkit,0.5.0,164,
2026-08-20,Ank.DocToolkit,0.6.0,138,
2026-08-20,Ank.DocToolkit,0.7.0,298,
2026-08-20,Ank.DocToolkit,0.8.0,448,
2026-08-20,Ank.DocToolkit,0.9.0,226,
2026-08-20,Ank.DocToolkit.Extensions.DependencyInjection,0.10.0,153,
2026-08-20,Ank.DocToolkit.Extensions.DependencyInjection,0.11.0,344,
2026-08-20,Ank.DocToolkit.Extensions.DependencyInjection,0.12.0,642,
2026-08-20,Ank.DocToolkit.Extensions.DependencyInjection,0.13.0,192,
2026-08-20,Ank.DocToolkit.Extensions.DependencyInjection,0.14.0,303,
2026-08-20,Ank.DocToolkit.Extensions.DependencyInjection,0.15.0,175,
2026-08-20,Ank.DocToolkit.Extensions.DependencyInjection,0.16.0,326,
2026-08-20,Ank.DocToolkit.Extensions.DependencyInjection,0.18.0,147,
2026-08-20,Ank.DocToolkit.Extensions.DependencyInjection,0.18.1,162,
2026-08-20,Ank.DocToolkit.Extensions.DependencyInjection,0.19.0,129,
2026-08-20,Ank.DocToolkit.Extensions.DependencyInjection,0.19.1,133,
2026-08-20,Ank.DocToolkit.Extensions.DependencyInjection,0.2.1,231,
2026-08-20,Ank.DocToolkit.Extensions.DependencyInjection,0.2.2,104,
2026-08-20,Ank.DocToolkit.Extensions.DependencyInjection,0.20.0,286,
2026-08-20,Ank.DocToolkit.Extensions.DependencyInjection,0.21.0,144,
2026-08-20,Ank.DocToolkit.Extensions.DependencyInjection,0.22.0,155,
2026-08-20,Ank.DocToolkit.Extensions.DependencyInjection,0.23.0,122,
2026-08-20,Ank.DocToolkit.Extensions.DependencyInjection,0.24.0,341,
2026-08-20,Ank.DocToolkit.Extensions.DependencyInjection,0.25.0,257,
2026-08-20,Ank.DocToolkit.Extensions.DependencyInjection,0.26.0,269,
2026-08-20,Ank.DocToolkit.Extensions.DependencyInjection,0.27.0,353,
2026-08-20,Ank.DocToolkit.Extensions.DependencyInjection,0.27.1,168,
2026-08-20,Ank.DocToolkit.Extensions.DependencyInjection,0.27.2,223,
2026-08-20,Ank.DocToolkit.Extensions.DependencyInjection,0.27.3,81,
2026-08-20,Ank.DocToolkit.Extensions.DependencyInjection,0.27.4,179,
2026-08-20,Ank.DocToolkit.Extensions.DependencyInjection,0.27.5,232,
2026-08-20,Ank.DocToolkit.Extensions.DependencyInjection,0.28.0,158,
2026-08-20,Ank.DocToolkit.Extensions.DependencyInjection,0.29.0,349,
2026-08-20,Ank.DocToolkit.Extensions.DependencyInjection,0.3.0,93,
2026-08-20,Ank.DocToolkit.Extensions.DependencyInjection,0.3.1,96,
2026-08-20,Ank.DocToolkit.Extensions.DependencyInjection,0.3.10,101,
2026-08-20,Ank.DocToolkit.Extensions.DependencyInjection,0.3.11,127,
2026-08-20,Ank.DocToolkit.Extensions.DependencyInjection,0.3.12,137,
2026-08-20,Ank.DocToolkit.Extensions.DependencyInjection,0.3.2,217,
2026-08-20,Ank.DocToolkit.Extensions.DependencyInjection,0.3.3,96,
2026-08-20,Ank.DocToolkit.Extensions.DependencyInjection,0.3.4,105,
2026-08-20,Ank.DocToolkit.Extensions.DependencyInjection,0.3.5,116,
2026-08-20,Ank.DocToolkit.Extensions.DependencyInjection,0.3.6,130,
2026-08-20,Ank.DocToolkit.Extensions.DependencyInjection,0.3.7,133,
2026-08-20,Ank.DocToolkit.Extensions.DependencyInjection,0.3.8,105,
2026-08-20,Ank.DocToolkit.Extensions.DependencyInjection,0.3.9,130,
2026-08-20,Ank.DocToolkit.Extensions.DependencyInjection,0.30.0,273,
2026-08-20,Ank.DocToolkit.Extensions.DependencyInjection,0.31.0,193,
2026-08-20,Ank.DocToolkit.Extensions.DependencyInjection,0.31.1,162,
2026-08-20,Ank.DocToolkit.Extensions.DependencyInjection,0.32.0,196,
2026-08-20,Ank.DocToolkit.Extensions.DependencyInjection,0.33.0,35,
2026-08-20,Ank.DocToolkit.Extensions.DependencyInjection,0.33.1,0,
2026-08-20,Ank.DocToolkit.Extensions.DependencyInjection,0.33.2,0,
2026-08-20,Ank.DocToolkit.Extensions.DependencyInjection,0.33.3,0,
2026-08-20,Ank.DocToolkit.Extensions.DependencyInjection,0.4.0,150,
2026-08-20,Ank.DocToolkit.Extensions.DependencyInjection,0.5.0,161,
2026-08-20,Ank.DocToolkit.Extensions.DependencyInjection,0.6.0,132,
2026-08-20,Ank.DocToolkit.Extensions.DependencyInjection,0.7.0,180,
2026-08-20,Ank.DocToolkit.Extensions.DependencyInjection,0.8.0,140,
2026-08-20,Ank.DocToolkit.Extensions.DependencyInjection,0.9.0,221,
2026-08-21,Ank.DocToolkit,0.1.0,356,
2026-08-21,Ank.DocToolkit,0.10.0,457,
2026-08-21,Ank.DocToolkit,0.11.0,1068,
2026-08-21,Ank.DocToolkit,0.12.0,891,
2026-08-21,Ank.DocToolkit,0.13.0,352,
2026-08-21,Ank.DocToolkit,0.14.0,327,
2026-08-21,Ank.DocToolkit,0.15.0,342,
2026-08-21,Ank.DocToolkit,0.16.0,360,
2026-08-21,Ank.DocToolkit,0.18.0,161,
2026-08-21,Ank.DocToolkit,0.18.1,336,
2026-08-21,Ank.DocToolkit,0.19.0,137,
2026-08-21,Ank.DocToolkit,0.19.1,257,
2026-08-21,Ank.DocToolkit,0.2.0,1484,
2026-08-21,Ank.DocToolkit,0.2.1,230,
2026-08-21,Ank.DocToolkit,0.2.2,98,
2026-08-21,Ank.DocToolkit,0.20.0,325,
2026-08-21,Ank.DocToolkit,0.21.0,226,
2026-08-21,Ank.DocToolkit,0.22.0,453,
2026-08-21,Ank.DocToolkit,0.23.0,130,
2026-08-21,Ank.DocToolkit,0.24.0,766,
2026-08-21,Ank.DocToolkit,0.25.0,295,
2026-08-21,Ank.DocToolkit,0.26.0,1318,
2026-08-21,Ank.DocToolkit,0.27.0,395,
2026-08-21,Ank.DocToolkit,0.27.1,192,
2026-08-21,Ank.DocToolkit,0.27.2,249,
2026-08-21,Ank.DocToolkit,0.27.3,101,
2026-08-21,Ank.DocToolkit,0.27.4,215,
2026-08-21,Ank.DocToolkit,0.27.5,258,
2026-08-21,Ank.DocToolkit,0.28.0,534,
2026-08-21,Ank.DocToolkit,0.29.0,399,
2026-08-21,Ank.DocToolkit,0.3.0,96,
2026-08-21,Ank.DocToolkit,0.3.1,95,
2026-08-21,Ank.DocToolkit,0.3.10,101,
2026-08-21,Ank.DocToolkit,0.3.11,126,
2026-08-21,Ank.DocToolkit,0.3.12,137,
2026-08-21,Ank.DocToolkit,0.3.2,221,
2026-08-21,Ank.DocToolkit,0.3.3,95,
2026-08-21,Ank.DocToolkit,0.3.4,102,
2026-08-21,Ank.DocToolkit,0.3.5,120,
2026-08-21,Ank.DocToolkit,0.3.6,132,
2026-08-21,Ank.DocToolkit,0.3.7,122,
2026-08-21,Ank.DocToolkit,0.3.8,109,
2026-08-21,Ank.DocToolkit,0.3.9,126,
2026-08-21,Ank.DocToolkit,0.30.0,320,
2026-08-21,Ank.DocToolkit,0.31.0,219,
2026-08-21,Ank.DocToolkit,0.31.1,190,
2026-08-21,Ank.DocToolkit,0.32.0,466,
2026-08-21,Ank.DocToolkit,0.33.0,119,
2026-08-21,Ank.DocToolkit,0.33.1,74,
2026-08-21,Ank.DocToolkit,0.33.2,82,
2026-08-21,Ank.DocToolkit,0.33.3,75,
2026-08-21,Ank.DocToolkit,0.33.4,0,
2026-08-21,Ank.DocToolkit,0.4.0,152,
2026-08-21,Ank.DocToolkit,0.5.0,164,
2026-08-21,Ank.DocToolkit,0.6.0,138,
2026-08-21,Ank.DocToolkit,0.7.0,298,
2026-08-21,Ank.DocToolkit,0.8.0,448,
2026-08-21,Ank.DocToolkit,0.9.0,226,
2026-08-21,Ank.DocToolkit.Extensions.DependencyInjection,0.10.0,154,
2026-08-21,Ank.DocToolkit.Extensions.DependencyInjection,0.11.0,345,
2026-08-21,Ank.DocToolkit.Extensions.DependencyInjection,0.12.0,642,
2026-08-21,Ank.DocToolkit.Extensions.DependencyInjection,0.13.0,193,
2026-08-21,Ank.DocToolkit.Extensions.DependencyInjection,0.14.0,304,
2026-08-21,Ank.DocToolkit.Extensions.DependencyInjection,0.15.0,175,
2026-08-21,Ank.DocToolkit.Extensions.DependencyInjection,0.16.0,327,
2026-08-21,Ank.DocToolkit.Extensions.DependencyInjection,0.18.0,148,
2026-08-21,Ank.DocToolkit.Extensions.DependencyInjection,0.18.1,162,
2026-08-21,Ank.DocToolkit.Extensions.DependencyInjection,0.19.0,129,
2026-08-21,Ank.DocToolkit.Extensions.DependencyInjection,0.19.1,133,
2026-08-21,Ank.DocToolkit.Extensions.DependencyInjection,0.2.1,231,
2026-08-21,Ank.DocToolkit.Extensions.DependencyInjection,0.2.2,104,
2026-08-21,Ank.DocToolkit.Extensions.DependencyInjection,0.20.0,286,
2026-08-21,Ank.DocToolkit.Extensions.DependencyInjection,0.21.0,144,
2026-08-21,Ank.DocToolkit.Extensions.DependencyInjection,0.22.0,156,
2026-08-21,Ank.DocToolkit.Extensions.DependencyInjection,0.23.0,123,
2026-08-21,Ank.DocToolkit.Extensions.DependencyInjection,0.24.0,341,
2026-08-21,Ank.DocToolkit.Extensions.DependencyInjection,0.25.0,257,
2026-08-21,Ank.DocToolkit.Extensions.DependencyInjection,0.26.0,289,
2026-08-21,Ank.DocToolkit.Extensions.DependencyInjection,0.27.0,373,
2026-08-21,Ank.DocToolkit.Extensions.DependencyInjection,0.27.1,190,
2026-08-21,Ank.DocToolkit.Extensions.DependencyInjection,0.27.2,244,
2026-08-21,Ank.DocToolkit.Extensions.DependencyInjection,0.27.3,101,
2026-08-21,Ank.DocToolkit.Extensions.DependencyInjection,0.27.4,199,
2026-08-21,Ank.DocToolkit.Extensions.DependencyInjection,0.27.5,252,
2026-08-21,Ank.DocToolkit.Extensions.DependencyInjection,0.28.0,178,
2026-08-21,Ank.DocToolkit.Extensions.DependencyInjection,0.29.0,369,
2026-08-21,Ank.DocToolkit.Extensions.DependencyInjection,0.3.0,93,
2026-08-21,Ank.DocToolkit.Extensions.DependencyInjection,0.3.1,96,
2026-08-21,Ank.DocToolkit.Extensions.DependencyInjection,0.3.10,101,
2026-08-21,Ank.DocToolkit.Extensions.DependencyInjection,0.3.11,127,
2026-08-21,Ank.DocToolkit.Extensions.DependencyInjection,0.3.12,137,
2026-08-21,Ank.DocToolkit.Extensions.DependencyInjection,0.3.2,217,
2026-08-21,Ank.DocToolkit.Extensions.DependencyInjection,0.3.3,96,
2026-08-21,Ank.DocToolkit.Extensions.DependencyInjection,0.3.4,105,
2026-08-21,Ank.DocToolkit.Extensions.DependencyInjection,0.3.5,116,
2026-08-21,Ank.DocToolkit.Extensions.DependencyInjection,0.3.6,130,
2026-08-21,Ank.DocToolkit.Extensions.DependencyInjection,0.3.7,133,
2026-08-21,Ank.DocToolkit.Extensions.DependencyInjection,0.3.8,105,
2026-08-21,Ank.DocToolkit.Extensions.DependencyInjection,0.3.9,130,
2026-08-21,Ank.DocToolkit.Extensions.DependencyInjection,0.30.0,293,
2026-08-21,Ank.DocToolkit.Extensions.DependencyInjection,0.31.0,213,
2026-08-21,Ank.DocToolkit.Extensions.DependencyInjection,0.31.1,183,
2026-08-21,Ank.DocToolkit.Extensions.DependencyInjection,0.32.0,219,
2026-08-21,Ank.DocToolkit.Extensions.DependencyInjection,0.33.0,127,
2026-08-21,Ank.DocToolkit.Extensions.DependencyInjection,0.33.1,73,
2026-08-21,Ank.DocToolkit.Extensions.DependencyInjection,0.33.2,76,
2026-08-21,Ank.DocToolkit.Extensions.DependencyInjection,0.33.3,64,
2026-08-21,Ank.DocToolkit.Extensions.DependencyInjection,0.33.4,0,
2026-08-21,Ank.DocToolkit.Extensions.DependencyInjection,0.4.0,150,
2026-08-21,Ank.DocToolkit.Extensions.DependencyInjection,0.5.0,161,
2026-08-21,Ank.DocToolkit.Extensions.DependencyInjection,0.6.0,132,
2026-08-21,Ank.DocToolkit.Extensions.DependencyInjection,0.7.0,180,
2026-08-21,Ank.DocToolkit.Extensions.DependencyInjection,0.8.0,140,
2026-08-21,Ank.DocToolkit.Extensions.DependencyInjection,0.9.0,222,
2026-08-22,Ank.DocToolkit,0.1.0,356,
2026-08-22,Ank.DocToolkit,0.10.0,457,
2026-08-22,Ank.DocToolkit,0.11.0,1068,
2026-08-22,Ank.DocToolkit,0.12.0,891,
2026-08-22,Ank.DocToolkit,0.13.0,352,
2026-08-22,Ank.DocToolkit,0.14.0,327,
2026-08-22,Ank.DocToolkit,0.15.0,342,
2026-08-22,Ank.DocToolkit,0.16.0,360,
2026-08-22,Ank.DocToolkit,0.18.0,161,
2026-08-22,Ank.DocToolkit,0.18.1,336,
2026-08-22,Ank.DocToolkit,0.19.0,137,
2026-08-22,Ank.DocToolkit,0.19.1,257,
2026-08-22,Ank.DocToolkit,0.2.0,1484,
2026-08-22,Ank.DocToolkit,0.2.1,230,
2026-08-22,Ank.DocToolkit,0.2.2,98,
2026-08-22,Ank.DocToolkit,0.20.0,325,
2026-08-22,Ank.DocToolkit,0.21.0,226,
2026-08-22,Ank.DocToolkit,0.22.0,454,
2026-08-22,Ank.DocToolkit,0.23.0,130,
2026-08-22,Ank.DocToolkit,0.24.0,766,
2026-08-22,Ank.DocToolkit,0.25.0,296,
2026-08-22,Ank.DocToolkit,0.26.0,1322,
2026-08-22,Ank.DocToolkit,0.27.0,409,
2026-08-22,Ank.DocToolkit,0.27.1,203,
2026-08-22,Ank.DocToolkit,0.27.2,261,
2026-08-22,Ank.DocToolkit,0.27.3,113,
2026-08-22,Ank.DocToolkit,0.27.4,225,
2026-08-22,Ank.DocToolkit,0.27.5,269,
2026-08-22,Ank.DocToolkit,0.28.0,549,
2026-08-22,Ank.DocToolkit,0.29.0,409,
2026-08-22,Ank.DocToolkit,0.3.0,96,
2026-08-22,Ank.DocToolkit,0.3.1,95,
2026-08-22,Ank.DocToolkit,0.3.10,101,
2026-08-22,Ank.DocToolkit,0.3.11,127,
2026-08-22,Ank.DocToolkit,0.3.12,138,
2026-08-22,Ank.DocToolkit,0.3.2,221,
2026-08-22,Ank.DocToolkit,0.3.3,95,
2026-08-22,Ank.DocToolkit,0.3.4,102,
2026-08-22,Ank.DocToolkit,0.3.5,120,
2026-08-22,Ank.DocToolkit,0.3.6,132,
2026-08-22,Ank.DocToolkit,0.3.7,122,
2026-08-22,Ank.DocToolkit,0.3.8,109,
2026-08-22,Ank.DocToolkit,0.3.9,126,
2026-08-22,Ank.DocToolkit,0.30.0,330,
2026-08-22,Ank.DocToolkit,0.31.0,230,
2026-08-22,Ank.DocToolkit,0.31.1,201,
2026-08-22,Ank.DocToolkit,0.32.0,916,
2026-08-22,Ank.DocToolkit,0.33.0,132,
2026-08-22,Ank.DocToolkit,0.33.1,95,
2026-08-22,Ank.DocToolkit,0.33.2,105,
2026-08-22,Ank.DocToolkit,0.33.3,411,
2026-08-22,Ank.DocToolkit,0.33.4,195,
2026-08-22,Ank.DocToolkit,0.33.5,31,
2026-08-22,Ank.DocToolkit,0.34.0,0,
2026-08-22,Ank.DocToolkit,0.35.0,0,
2026-08-22,Ank.DocToolkit,0.4.0,152,
2026-08-22,Ank.DocToolkit,0.5.0,164,
2026-08-22,Ank.DocToolkit,0.6.0,138,
2026-08-22,Ank.DocToolkit,0.7.0,298,
2026-08-22,Ank.DocToolkit,0.8.0,448,
2026-08-22,Ank.DocToolkit,0.9.0,226,
2026-08-22,Ank.DocToolkit.Extensions.DependencyInjection,0.10.0,154,
2026-08-22,Ank.DocToolkit.Extensions.DependencyInjection,0.11.0,345,
2026-08-22,Ank.DocToolkit.Extensions.DependencyInjection,0.12.0,643,
2026-08-22,Ank.DocToolkit.Extensions.DependencyInjection,0.13.0,193,
2026-08-22,Ank.DocToolkit.Extensions.DependencyInjection,0.14.0,304,
2026-08-22,Ank.DocToolkit.Extensions.DependencyInjection,0.15.0,176,
2026-08-22,Ank.DocToolkit.Extensions.DependencyInjection,0.16.0,327,
2026-08-22,Ank.DocToolkit.Extensions.DependencyInjection,0.18.0,148,
2026-08-22,Ank.DocToolkit.Extensions.DependencyInjection,0.18.1,162,
2026-08-22,Ank.DocToolkit.Extensions.DependencyInjection,0.19.0,130,
2026-08-22,Ank.DocToolkit.Extensions.DependencyInjection,0.19.1,133,
2026-08-22,Ank.DocToolkit.Extensions.DependencyInjection,0.2.1,231,
2026-08-22,Ank.DocToolkit.Extensions.DependencyInjection,0.2.2,104,
2026-08-22,Ank.DocToolkit.Extensions.DependencyInjection,0.20.0,289,
2026-08-22,Ank.DocToolkit.Extensions.DependencyInjection,0.21.0,144,
2026-08-22,Ank.DocToolkit.Extensions.DependencyInjection,0.22.0,156,
2026-08-22,Ank.DocToolkit.Extensions.DependencyInjection,0.23.0,124,
2026-08-22,Ank.DocToolkit.Extensions.DependencyInjection,0.24.0,345,
2026-08-22,Ank.DocToolkit.Extensions.DependencyInjection,0.25.0,259,
2026-08-22,Ank.DocToolkit.Extensions.DependencyInjection,0.26.0,294,
2026-08-22,Ank.DocToolkit.Extensions.DependencyInjection,0.27.0,376,
2026-08-22,Ank.DocToolkit.Extensions.DependencyInjection,0.27.1,190,
2026-08-22,Ank.DocToolkit.Extensions.DependencyInjection,0.27.2,246,
2026-08-22,Ank.DocToolkit.Extensions.DependencyInjection,0.27.3,103,
2026-08-22,Ank.DocToolkit.Extensions.DependencyInjection,0.27.4,199,
2026-08-22,Ank.DocToolkit.Extensions.DependencyInjection,0.27.5,254,
2026-08-22,Ank.DocToolkit.Extensions.DependencyInjection,0.28.0,180,
2026-08-22,Ank.DocToolkit.Extensions.DependencyInjection,0.29.0,371,
2026-08-22,Ank.DocToolkit.Extensions.DependencyInjection,0.3.0,93,
2026-08-22,Ank.DocToolkit.Extensions.DependencyInjection,0.3.1,96,
2026-08-22,Ank.DocToolkit.Extensions.DependencyInjection,0.3.10,101,
2026-08-22,Ank.DocToolkit.Extensions.DependencyInjection,0.3.11,127,
2026-08-22,Ank.DocToolkit.Extensions.DependencyInjection,0.3.12,137,
2026-08-22,Ank.DocToolkit.Extensions.DependencyInjection,0.3.2,217,
2026-08-22,Ank.DocToolkit.Extensions.DependencyInjection,0.3.3,97,
2026-08-22,Ank.DocToolkit.Extensions.DependencyInjection,0.3.4,105,
2026-08-22,Ank.DocToolkit.Extensions.DependencyInjection,0.3.5,116,
2026-08-22,Ank.DocToolkit.Extensions.DependencyInjection,0.3.6,131,
2026-08-22,Ank.DocToolkit.Extensions.DependencyInjection,0.3.7,134,
2026-08-22,Ank.DocToolkit.Extensions.DependencyInjection,0.3.8,105,
2026-08-22,Ank.DocToolkit.Extensions.DependencyInjection,0.3.9,130,
2026-08-22,Ank.DocToolkit.Extensions.DependencyInjection,0.30.0,295,
2026-08-22,Ank.DocToolkit.Extensions.DependencyInjection,0.31.0,215,
2026-08-22,Ank.DocToolkit.Extensions.DependencyInjection,0.31.1,186,
2026-08-22,Ank.DocToolkit.Extensions.DependencyInjection,0.32.0,223,
2026-08-22,Ank.DocToolkit.Extensions.DependencyInjection,0.33.0,135,
2026-08-22,Ank.DocToolkit.Extensions.DependencyInjection,0.33.1,85,
2026-08-22,Ank.DocToolkit.Extensions.DependencyInjection,0.33.2,89,
2026-08-22,Ank.DocToolkit.Extensions.DependencyInjection,0.33.3,357,
2026-08-22,Ank.DocToolkit.Extensions.DependencyInjection,0.33.4,177,
2026-08-22,Ank.DocToolkit.Extensions.DependencyInjection,0.33.5,29,
2026-08-22,Ank.DocToolkit.Extensions.DependencyInjection,0.34.0,0,
2026-08-22,Ank.DocToolkit.Extensions.DependencyInjection,0.35.0,0,
2026-08-22,Ank.DocToolkit.Extensions.DependencyInjection,0.4.0,150,
2026-08-22,Ank.DocToolkit.Extensions.DependencyInjection,0.5.0,161,
2026-08-22,Ank.DocToolkit.Extensions.DependencyInjection,0.6.0,132,
2026-08-22,Ank.DocToolkit.Extensions.DependencyInjection,0.7.0,180,
2026-08-22,Ank.DocToolkit.Extensions.DependencyInjection,0.8.0,140,
2026-08-22,Ank.DocToolkit.Extensions.DependencyInjection,0.9.0,223,
2026-08-23,Ank.DocToolkit,0.1.0,356,
2026-08-23,Ank.DocToolkit,0.10.0,457,
2026-08-23,Ank.DocToolkit,0.11.0,1068,
2026-08-23,Ank.DocToolkit,0.12.0,891,
2026-08-23,Ank.DocToolkit,0.13.0,352,
2026-08-23,Ank.DocToolkit,0.14.0,327,
2026-08-23,Ank.DocToolkit,0.15.0,342,
2026-08-23,Ank.DocToolkit,0.16.0,360,
2026-08-23,Ank.DocToolkit,0.18.0,161,
2026-08-23,Ank.DocToolkit,0.18.1,336,
2026-08-23,Ank.DocToolkit,0.19.0,137,
2026-08-23,Ank.DocToolkit,0.19.1,258,
2026-08-23,Ank.DocToolkit,0.2.0,1484,
2026-08-23,Ank.DocToolkit,0.2.1,230,
2026-08-23,Ank.DocToolkit,0.2.2,98,
2026-08-23,Ank.DocToolkit,0.20.0,325,
2026-08-23,Ank.DocToolkit,0.21.0,226,
2026-08-23,Ank.DocToolkit,0.22.0,454,
2026-08-23,Ank.DocToolkit,0.23.0,131,
2026-08-23,Ank.DocToolkit,0.24.0,766,
2026-08-23,Ank.DocToolkit,0.25.0,296,
2026-08-23,Ank.DocToolkit,0.26.0,1323,
2026-08-23,Ank.DocToolkit,0.27.0,410,
2026-08-23,Ank.DocToolkit,0.27.1,206,
2026-08-23,Ank.DocToolkit,0.27.2,262,
2026-08-23,Ank.DocToolkit,0.27.3,117,
2026-08-23,Ank.DocToolkit,0.27.4,228,
2026-08-23,Ank.DocToolkit,0.27.5,271,
2026-08-23,Ank.DocToolkit,0.28.0,553,
2026-08-23,Ank.DocToolkit,0.29.0,410,
2026-08-23,Ank.DocToolkit,0.3.0,96,
2026-08-23,Ank.DocToolkit,0.3.1,95,
2026-08-23,Ank.DocToolkit,0.3.10,101,
2026-08-23,Ank.DocToolkit,0.3.11,127,
2026-08-23,Ank.DocToolkit,0.3.12,138,
2026-08-23,Ank.DocToolkit,0.3.2,221,
2026-08-23,Ank.DocToolkit,0.3.3,95,
2026-08-23,Ank.DocToolkit,0.3.4,102,
2026-08-23,Ank.DocToolkit,0.3.5,120,
2026-08-23,Ank.DocToolkit,0.3.6,132,
2026-08-23,Ank.DocToolkit,0.3.7,122,
2026-08-23,Ank.DocToolkit,0.3.8,109,
2026-08-23,Ank.DocToolkit,0.3.9,126,
2026-08-23,Ank.DocToolkit,0.30.0,331,
2026-08-23,Ank.DocToolkit,0.31.0,231,
2026-08-23,Ank.DocToolkit,0.31.1,202,
2026-08-23,Ank.DocToolkit,0.32.0,1088,
2026-08-23,Ank.DocToolkit,0.33.0,133,
2026-08-23,Ank.DocToolkit,0.33.1,98,
2026-08-23,Ank.DocToolkit,0.33.2,107,
2026-08-23,Ank.DocToolkit,0.33.3,413,
2026-08-23,Ank.DocToolkit,0.33.4,201,
2026-08-23,Ank.DocToolkit,0.33.5,165,
2026-08-23,Ank.DocToolkit,0.34.0,172,
2026-08-23,Ank.DocToolkit,0.35.0,129,
2026-08-23,Ank.DocToolkit,0.36.0,0,
2026-08-23,Ank.DocToolkit,0.36.1,0,
2026-08-23,Ank.DocToolkit,0.4.0,152,
2026-08-23,Ank.DocToolkit,0.5.0,164,
2026-08-23,Ank.DocToolkit,0.6.0,138,
2026-08-23,Ank.DocToolkit,0.7.0,298,
2026-08-23,Ank.DocToolkit,0.8.0,448,
2026-08-23,Ank.DocToolkit,0.9.0,226,
2026-08-23,Ank.DocToolkit.Extensions.DependencyInjection,0.10.0,154,
2026-08-23,Ank.DocToolkit.Extensions.DependencyInjection,0.11.0,345,
2026-08-23,Ank.DocToolkit.Extensions.DependencyInjection,0.12.0,643,
2026-08-23,Ank.DocToolkit.Extensions.DependencyInjection,0.13.0,193,
2026-08-23,Ank.DocToolkit.Extensions.DependencyInjection,0.14.0,304,
2026-08-23,Ank.DocToolkit.Extensions.DependencyInjection,0.15.0,176,
2026-08-23,Ank.DocToolkit.Extensions.DependencyInjection,0.16.0,327,
2026-08-23,Ank.DocToolkit.Extensions.DependencyInjection,0.18.0,148,
2026-08-23,Ank.DocToolkit.Extensions.DependencyInjection,0.18.1,162,
2026-08-23,Ank.DocToolkit.Extensions.DependencyInjection,0.19.0,130,
2026-08-23,Ank.DocToolkit.Extensions.DependencyInjection,0.19.1,134,
2026-08-23,Ank.DocToolkit.Extensions.DependencyInjection,0.2.1,231,
2026-08-23,Ank.DocToolkit.Extensions.DependencyInjection,0.2.2,104,
2026-08-23,Ank.DocToolkit.Extensions.DependencyInjection,0.20.0,289,
2026-08-23,Ank.DocToolkit.Extensions.DependencyInjection,0.21.0,144,
2026-08-23,Ank.DocToolkit.Extensions.DependencyInjection,0.22.0,156,
2026-08-23,Ank.DocToolkit.Extensions.DependencyInjection,0.23.0,124,
2026-08-23,Ank.DocToolkit.Extensions.DependencyInjection,0.24.0,345,
2026-08-23,Ank.DocToolkit.Extensions.DependencyInjection,0.25.0,259,
2026-08-23,Ank.DocToolkit.Extensions.DependencyInjection,0.26.0,294,
2026-08-23,Ank.DocToolkit.Extensions.DependencyInjection,0.27.0,376,
2026-08-23,Ank.DocToolkit.Extensions.DependencyInjection,0.27.1,193,
2026-08-23,Ank.DocToolkit.Extensions.DependencyInjection,0.27.2,249,
2026-08-23,Ank.DocToolkit.Extensions.DependencyInjection,0.27.3,106,
2026-08-23,Ank.DocToolkit.Extensions.DependencyInjection,0.27.4,202,
2026-08-23,Ank.DocToolkit.Extensions.DependencyInjection,0.27.5,255,
2026-08-23,Ank.DocToolkit.Extensions.DependencyInjection,0.28.0,181,
2026-08-23,Ank.DocToolkit.Extensions.DependencyInjection,0.29.0,371,
2026-08-23,Ank.DocToolkit.Extensions.DependencyInjection,0.3.0,93,
2026-08-23,Ank.DocToolkit.Extensions.DependencyInjection,0.3.1,96,
2026-08-23,Ank.DocToolkit.Extensions.DependencyInjection,0.3.10,101,
2026-08-23,Ank.DocToolkit.Extensions.DependencyInjection,0.3.11,127,
2026-08-23,Ank.DocToolkit.Extensions.DependencyInjection,0.3.12,137,
2026-08-23,Ank.DocToolkit.Extensions.DependencyInjection,0.3.2,217,
2026-08-23,Ank.DocToolkit.Extensions.DependencyInjection,0.3.3,97,
2026-08-23,Ank.DocToolkit.Extensions.DependencyInjection,0.3.4,105,
2026-08-23,Ank.DocToolkit.Extensions.DependencyInjection,0.3.5,116,
2026-08-23,Ank.DocToolkit.Extensions.DependencyInjection,0.3.6,131,
2026-08-23,Ank.DocToolkit.Extensions.DependencyInjection,0.3.7,134,
2026-08-23,Ank.DocToolkit.Extensions.DependencyInjection,0.3.8,105,
2026-08-23,Ank.DocToolkit.Extensions.DependencyInjection,0.3.9,130,
2026-08-23,Ank.DocToolkit.Extensions.DependencyInjection,0.30.0,295,
2026-08-23,Ank.DocToolkit.Extensions.DependencyInjection,0.31.0,215,
2026-08-23,Ank.DocToolkit.Extensions.DependencyInjection,0.31.1,186,
2026-08-23,Ank.DocToolkit.Extensions.DependencyInjection,0.32.0,225,
2026-08-23,Ank.DocToolkit.Extensions.DependencyInjection,0.33.0,135,
2026-08-23,Ank.DocToolkit.Extensions.DependencyInjection,0.33.1,87,
2026-08-23,Ank.DocToolkit.Extensions.DependencyInjection,0.33.2,90,
2026-08-23,Ank.DocToolkit.Extensions.DependencyInjection,0.33.3,358,
2026-08-23,Ank.DocToolkit.Extensions.DependencyInjection,0.33.4,182,
2026-08-23,Ank.DocToolkit.Extensions.DependencyInjection,0.33.5,147,
2026-08-23,Ank.DocToolkit.Extensions.DependencyInjection,0.34.0,91,
2026-08-23,Ank.DocToolkit.Extensions.DependencyInjection,0.35.0,118,
2026-08-23,Ank.DocToolkit.Extensions.DependencyInjection,0.36.0,0,
2026-08-23,Ank.DocToolkit.Extensions.DependencyInjection,0.36.1,0,
2026-08-23,Ank.DocToolkit.Extensions.DependencyInjection,0.4.0,150,
2026-08-23,Ank.DocToolkit.Extensions.DependencyInjection,0.5.0,161,
2026-08-23,Ank.DocToolkit.Extensions.DependencyInjection,0.6.0,132,
2026-08-23,Ank.DocToolkit.Extensions.DependencyInjection,0.7.0,180,
2026-08-23,Ank.DocToolkit.Extensions.DependencyInjection,0.8.0,140,
2026-08-23,Ank.DocToolkit.Extensions.DependencyInjection,0.9.0,223,
2026-08-24,Ank.DocToolkit,0.1.0,356,
2026-08-24,Ank.DocToolkit,0.10.0,457,
2026-08-24,Ank.DocToolkit,0.11.0,1068,
2026-08-24,Ank.DocToolkit,0.12.0,891,
2026-08-24,Ank.DocToolkit,0.13.0,352,
2026-08-24,Ank.DocToolkit,0.14.0,327,
2026-08-24,Ank.DocToolkit,0.15.0,342,
2026-08-24,Ank.DocToolkit,0.16.0,360,
2026-08-24,Ank.DocToolkit,0.18.0,161,
2026-08-24,Ank.DocToolkit,0.18.1,336,
2026-08-24,Ank.DocToolkit,0.19.0,137,
2026-08-24,Ank.DocToolkit,0.19.1,258,
2026-08-24,Ank.DocToolkit,0.2.0,1485,
2026-08-24,Ank.DocToolkit,0.2.1,230,
2026-08-24,Ank.DocToolkit,0.2.2,98,
2026-08-24,Ank.DocToolkit,0.20.0,325,
2026-08-24,Ank.DocToolkit,0.21.0,226,
2026-08-24,Ank.DocToolkit,0.22.0,455,
2026-08-24,Ank.DocToolkit,0.23.0,131,
2026-08-24,Ank.DocToolkit,0.24.0,766,
2026-08-24,Ank.DocToolkit,0.25.0,296,
2026-08-24,Ank.DocToolkit,0.26.0,1324,
2026-08-24,Ank.DocToolkit,0.27.0,410,
2026-08-24,Ank.DocToolkit,0.27.1,206,
2026-08-24,Ank.DocToolkit,0.27.2,262,
2026-08-24,Ank.DocToolkit,0.27.3,119,
2026-08-24,Ank.DocToolkit,0.27.4,229,
2026-08-24,Ank.DocToolkit,0.27.5,273,
2026-08-24,Ank.DocToolkit,0.28.0,553,
2026-08-24,Ank.DocToolkit,0.29.0,411,
2026-08-24,Ank.DocToolkit,0.3.0,96,
2026-08-24,Ank.DocToolkit,0.3.1,95,
2026-08-24,Ank.DocToolkit,0.3.10,101,
2026-08-24,Ank.DocToolkit,0.3.11,127,
2026-08-24,Ank.DocToolkit,0.3.12,138,
2026-08-24,Ank.DocToolkit,0.3.2,221,
2026-08-24,Ank.DocToolkit,0.3.3,95,
2026-08-24,Ank.DocToolkit,0.3.4,102,
2026-08-24,Ank.DocToolkit,0.3.5,120,
2026-08-24,Ank.DocToolkit,0.3.6,132,
2026-08-24,Ank.DocToolkit,0.3.7,122,
2026-08-24,Ank.DocToolkit,0.3.8,109,
2026-08-24,Ank.DocToolkit,0.3.9,126,
2026-08-24,Ank.DocToolkit,0.30.0,333,
2026-08-24,Ank.DocToolkit,0.31.0,231,
2026-08-24,Ank.DocToolkit,0.31.1,202,
2026-08-24,Ank.DocToolkit,0.32.0,1095,
2026-08-24,Ank.DocToolkit,0.33.0,133,
2026-08-24,Ank.DocToolkit,0.33.1,98,
2026-08-24,Ank.DocToolkit,0.33.2,108,
2026-08-24,Ank.DocToolkit,0.33.3,413,
2026-08-24,Ank.DocToolkit,0.33.4,201,
2026-08-24,Ank.DocToolkit,0.33.5,166,
2026-08-24,Ank.DocToolkit,0.34.0,575,
2026-08-24,Ank.DocToolkit,0.35.0,338,
2026-08-24,Ank.DocToolkit,0.36.0,55,
2026-08-24,Ank.DocToolkit,0.36.1,217,
2026-08-24,Ank.DocToolkit,0.37.0,92,
2026-08-24,Ank.DocToolkit,0.4.0,152,
2026-08-24,Ank.DocToolkit,0.5.0,164,
2026-08-24,Ank.DocToolkit,0.6.0,138,
2026-08-24,Ank.DocToolkit,0.7.0,298,
2026-08-24,Ank.DocToolkit,0.8.0,448,
2026-08-24,Ank.DocToolkit,0.9.0,226,
2026-08-24,Ank.DocToolkit.Extensions.DependencyInjection,0.10.0,154,
2026-08-24,Ank.DocToolkit.Extensions.DependencyInjection,0.11.0,345,
2026-08-24,Ank.DocToolkit.Extensions.DependencyInjection,0.12.0,643,
2026-08-24,Ank.DocToolkit.Extensions.DependencyInjection,0.13.0,193,
2026-08-24,Ank.DocToolkit.Extensions.DependencyInjection,0.14.0,304,
2026-08-24,Ank.DocToolkit.Extensions.DependencyInjection,0.15.0,176,
2026-08-24,Ank.DocToolkit.Extensions.DependencyInjection,0.16.0,327,
2026-08-24,Ank.DocToolkit.Extensions.DependencyInjection,0.18.0,148,
2026-08-24,Ank.DocToolkit.Extensions.DependencyInjection,0.18.1,162,
2026-08-24,Ank.DocToolkit.Extensions.DependencyInjection,0.19.0,130,
2026-08-24,Ank.DocToolkit.Extensions.DependencyInjection,0.19.1,134,
2026-08-24,Ank.DocToolkit.Extensions.DependencyInjection,0.2.1,231,
2026-08-24,Ank.DocToolkit.Extensions.DependencyInjection,0.2.2,104,
2026-08-24,Ank.DocToolkit.Extensions.DependencyInjection,0.20.0,289,
2026-08-24,Ank.DocToolkit.Extensions.DependencyInjection,0.21.0,144,
2026-08-24,Ank.DocToolkit.Extensions.DependencyInjection,0.22.0,157,
2026-08-24,Ank.DocToolkit.Extensions.DependencyInjection,0.23.0,124,
2026-08-24,Ank.DocToolkit.Extensions.DependencyInjection,0.24.0,345,
2026-08-24,Ank.DocToolkit.Extensions.DependencyInjection,0.25.0,259,
2026-08-24,Ank.DocToolkit.Extensions.DependencyInjection,0.26.0,294,
2026-08-24,Ank.DocToolkit.Extensions.DependencyInjection,0.27.0,376,
2026-08-24,Ank.DocToolkit.Extensions.DependencyInjection,0.27.1,193,
2026-08-24,Ank.DocToolkit.Extensions.DependencyInjection,0.27.2,249,
2026-08-24,Ank.DocToolkit.Extensions.DependencyInjection,0.27.3,106,
2026-08-24,Ank.DocToolkit.Extensions.DependencyInjection,0.27.4,202,
2026-08-24,Ank.DocToolkit.Extensions.DependencyInjection,0.27.5,258,
2026-08-24,Ank.DocToolkit.Extensions.DependencyInjection,0.28.0,184,
2026-08-24,Ank.DocToolkit.Extensions.DependencyInjection,0.29.0,371,
2026-08-24,Ank.DocToolkit.Extensions.DependencyInjection,0.3.0,93,
2026-08-24,Ank.DocToolkit.Extensions.DependencyInjection,0.3.1,96,
2026-08-24,Ank.DocToolkit.Extensions.DependencyInjection,0.3.10,101,
2026-08-24,Ank.DocToolkit.Extensions.DependencyInjection,0.3.11,127,
2026-08-24,Ank.DocToolkit.Extensions.DependencyInjection,0.3.12,137,
2026-08-24,Ank.DocToolkit.Extensions.DependencyInjection,0.3.2,217,
2026-08-24,Ank.DocToolkit.Extensions.DependencyInjection,0.3.3,97,
2026-08-24,Ank.DocToolkit.Extensions.DependencyInjection,0.3.4,105,
2026-08-24,Ank.DocToolkit.Extensions.DependencyInjection,0.3.5,116,
2026-08-24,Ank.DocToolkit.Extensions.DependencyInjection,0.3.6,131,
2026-08-24,Ank.DocToolkit.Extensions.DependencyInjection,0.3.7,134,
2026-08-24,Ank.DocToolkit.Extensions.DependencyInjection,0.3.8,105,
2026-08-24,Ank.DocToolkit.Extensions.DependencyInjection,0.3.9,130,
2026-08-24,Ank.DocToolkit.Extensions.DependencyInjection,0.30.0,298,
2026-08-24,Ank.DocToolkit.Extensions.DependencyInjection,0.31.0,215,
2026-08-24,Ank.DocToolkit.Extensions.DependencyInjection,0.31.1,186,
2026-08-24,Ank.DocToolkit.Extensions.DependencyInjection,0.32.0,225,
2026-08-24,Ank.DocToolkit.Extensions.DependencyInjection,0.33.0,135,
2026-08-24,Ank.DocToolkit.Extensions.DependencyInjection,0.33.1,87,
2026-08-24,Ank.DocToolkit.Extensions.DependencyInjection,0.33.2,91,
2026-08-24,Ank.DocToolkit.Extensions.DependencyInjection,0.33.3,358,
2026-08-24,Ank.DocToolkit.Extensions.DependencyInjection,0.33.4,182,
2026-08-24,Ank.DocToolkit.Extensions.DependencyInjection,0.33.5,151,
2026-08-24,Ank.DocToolkit.Extensions.DependencyInjection,0.34.0,95,
2026-08-24,Ank.DocToolkit.Extensions.DependencyInjection,0.35.0,234,
2026-08-24,Ank.DocToolkit.Extensions.DependencyInjection,0.36.0,142,
2026-08-24,Ank.DocToolkit.Extensions.DependencyInjection,0.36.1,197,
2026-08-24,Ank.DocToolkit.Extensions.DependencyInjection,0.37.0,85,
2026-08-24,Ank.DocToolkit.Extensions.DependencyInjection,0.4.0,150,
2026-08-24,Ank.DocToolkit.Extensions.DependencyInjection,0.5.0,161,
2026-08-24,Ank.DocToolkit.Extensions.DependencyInjection,0.6.0,132,
2026-08-24,Ank.DocToolkit.Extensions.DependencyInjection,0.7.0,180,
2026-08-24,Ank.DocToolkit.Extensions.DependencyInjection,0.8.0,140,
2026-08-24,Ank.DocToolkit.Extensions.DependencyInjection,0.9.0,223,
2026-08-25,Ank.DocToolkit,0.1.0,357,
2026-08-25,Ank.DocToolkit,0.10.0,458,
2026-08-25,Ank.DocToolkit,0.11.0,1068,
2026-08-25,Ank.DocToolkit,0.12.0,891,
2026-08-25,Ank.DocToolkit,0.13.0,354,
2026-08-25,Ank.DocToolkit,0.14.0,327,
2026-08-25,Ank.DocToolkit,0.15.0,342,
2026-08-25,Ank.DocToolkit,0.16.0,360,
2026-08-25,Ank.DocToolkit,0.18.0,161,
2026-08-25,Ank.DocToolkit,0.18.1,336,
2026-08-25,Ank.DocToolkit,0.19.0,137,
2026-08-25,Ank.DocToolkit,0.19.1,258,
2026-08-25,Ank.DocToolkit,0.2.0,1485,
2026-08-25,Ank.DocToolkit,0.2.1,231,
2026-08-25,Ank.DocToolkit,0.2.2,99,
2026-08-25,Ank.DocToolkit,0.20.0,325,
2026-08-25,Ank.DocToolkit,0.21.0,226,
2026-08-25,Ank.DocToolkit,0.22.0,455,
2026-08-25,Ank.DocToolkit,0.23.0,132,
2026-08-25,Ank.DocToolkit,0.24.0,766,
2026-08-25,Ank.DocToolkit,0.25.0,296,
2026-08-25,Ank.DocToolkit,0.26.0,1324,
2026-08-25,Ank.DocToolkit,0.27.0,410,
2026-08-25,Ank.DocToolkit,0.27.1,206,
2026-08-25,Ank.DocToolkit,0.27.2,262,
2026-08-25,Ank.DocToolkit,0.27.3,119,
2026-08-25,Ank.DocToolkit,0.27.4,229,
2026-08-25,Ank.DocToolkit,0.27.5,274,
2026-08-25,Ank.DocToolkit,0.28.0,555,
2026-08-25,Ank.DocToolkit,0.29.0,412,
2026-08-25,Ank.DocToolkit,0.3.0,96,
2026-08-25,Ank.DocToolkit,0.3.1,95,
2026-08-25,Ank.DocToolkit,0.3.10,102,
2026-08-25,Ank.DocToolkit,0.3.11,127,
2026-08-25,Ank.DocToolkit,0.3.12,139,
2026-08-25,Ank.DocToolkit,0.3.2,221,
2026-08-25,Ank.DocToolkit,0.3.3,95,
2026-08-25,Ank.DocToolkit,0.3.4,102,
2026-08-25,Ank.DocToolkit,0.3.5,120,
2026-08-25,Ank.DocToolkit,0.3.6,132,
2026-08-25,Ank.DocToolkit,0.3.7,122,
2026-08-25,Ank.DocToolkit,0.3.8,109,
2026-08-25,Ank.DocToolkit,0.3.9,126,
2026-08-25,Ank.DocToolkit,0.30.0,333,
2026-08-25,Ank.DocToolkit,0.31.0,239,
2026-08-25,Ank.DocToolkit,0.31.1,209,
2026-08-25,Ank.DocToolkit,0.32.0,1109,
2026-08-25,Ank.DocToolkit,0.33.0,141,
2026-08-25,Ank.DocToolkit,0.33.1,106,
2026-08-25,Ank.DocToolkit,0.33.2,118,
2026-08-25,Ank.DocToolkit,0.33.3,423,
2026-08-25,Ank.DocToolkit,0.33.4,206,
2026-08-25,Ank.DocToolkit,0.33.5,175,
2026-08-25,Ank.DocToolkit,0.34.0,587,
2026-08-25,Ank.DocToolkit,0.35.0,347,
2026-08-25,Ank.DocToolkit,0.36.0,68,
2026-08-25,Ank.DocToolkit,0.36.1,269,
2026-08-25,Ank.DocToolkit,0.37.0,302,
2026-08-25,Ank.DocToolkit,0.4.0,153,
2026-08-25,Ank.DocToolkit,0.5.0,165,
2026-08-25,Ank.DocToolkit,0.6.0,139,
2026-08-25,Ank.DocToolkit,0.7.0,299,
2026-08-25,Ank.DocToolkit,0.8.0,449,
2026-08-25,Ank.DocToolkit,0.9.0,227,
2026-08-25,Ank.DocToolkit.Extensions.DependencyInjection,0.10.0,155,
2026-08-25,Ank.DocToolkit.Extensions.DependencyInjection,0.11.0,346,
2026-08-25,Ank.DocToolkit.Extensions.DependencyInjection,0.12.0,644,
2026-08-25,Ank.DocToolkit.Extensions.DependencyInjection,0.13.0,194,
2026-08-25,Ank.DocToolkit.Extensions.DependencyInjection,0.14.0,305,
2026-08-25,Ank.DocToolkit.Extensions.DependencyInjection,0.15.0,177,
2026-08-25,Ank.DocToolkit.Extensions.DependencyInjection,0.16.0,328,
2026-08-25,Ank.DocToolkit.Extensions.DependencyInjection,0.18.0,148,
2026-08-25,Ank.DocToolkit.Extensions.DependencyInjection,0.18.1,163,
2026-08-25,Ank.DocToolkit.Extensions.DependencyInjection,0.19.0,130,
2026-08-25,Ank.DocToolkit.Extensions.DependencyInjection,0.19.1,135,
2026-08-25,Ank.DocToolkit.Extensions.DependencyInjection,0.2.1,232,
2026-08-25,Ank.DocToolkit.Extensions.DependencyInjection,0.2.2,105,
2026-08-25,Ank.DocToolkit.Extensions.DependencyInjection,0.20.0,290,
2026-08-25,Ank.DocToolkit.Extensions.DependencyInjection,0.21.0,145,
2026-08-25,Ank.DocToolkit.Extensions.DependencyInjection,0.22.0,158,
2026-08-25,Ank.DocToolkit.Extensions.DependencyInjection,0.23.0,125,
2026-08-25,Ank.DocToolkit.Extensions.DependencyInjection,0.24.0,346,
2026-08-25,Ank.DocToolkit.Extensions.DependencyInjection,0.25.0,260,
2026-08-25,Ank.DocToolkit.Extensions.DependencyInjection,0.26.0,295,
2026-08-25,Ank.DocToolkit.Extensions.DependencyInjection,0.27.0,376,
2026-08-25,Ank.DocToolkit.Extensions.DependencyInjection,0.27.1,193,
2026-08-25,Ank.DocToolkit.Extensions.DependencyInjection,0.27.2,249,
2026-08-25,Ank.DocToolkit.Extensions.DependencyInjection,0.27.3,106,
2026-08-25,Ank.DocToolkit.Extensions.DependencyInjection,0.27.4,202,
2026-08-25,Ank.DocToolkit.Extensions.DependencyInjection,0.27.5,260,
2026-08-25,Ank.DocToolkit.Extensions.DependencyInjection,0.28.0,186,
2026-08-25,Ank.DocToolkit.Extensions.DependencyInjection,0.29.0,372,
2026-08-25,Ank.DocToolkit.Extensions.DependencyInjection,0.3.0,93,
2026-08-25,Ank.DocToolkit.Extensions.DependencyInjection,0.3.1,96,
2026-08-25,Ank.DocToolkit.Extensions.DependencyInjection,0.3.10,101,
2026-08-25,Ank.DocToolkit.Extensions.DependencyInjection,0.3.11,127,
2026-08-25,Ank.DocToolkit.Extensions.DependencyInjection,0.3.12,138,
2026-08-25,Ank.DocToolkit.Extensions.DependencyInjection,0.3.2,217,
2026-08-25,Ank.DocToolkit.Extensions.DependencyInjection,0.3.3,97,
2026-08-25,Ank.DocToolkit.Extensions.DependencyInjection,0.3.4,105,
2026-08-25,Ank.DocToolkit.Extensions.DependencyInjection,0.3.5,116,
2026-08-25,Ank.DocToolkit.Extensions.DependencyInjection,0.3.6,131,
2026-08-25,Ank.DocToolkit.Extensions.DependencyInjection,0.3.7,134,
2026-08-25,Ank.DocToolkit.Extensions.DependencyInjection,0.3.8,105,
2026-08-25,Ank.DocToolkit.Extensions.DependencyInjection,0.3.9,130,
2026-08-25,Ank.DocToolkit.Extensions.DependencyInjection,0.30.0,299,
2026-08-25,Ank.DocToolkit.Extensions.DependencyInjection,0.31.0,225,
2026-08-25,Ank.DocToolkit.Extensions.DependencyInjection,0.31.1,194,
2026-08-25,Ank.DocToolkit.Extensions.DependencyInjection,0.32.0,232,
2026-08-25,Ank.DocToolkit.Extensions.DependencyInjection,0.33.0,142,
2026-08-25,Ank.DocToolkit.Extensions.DependencyInjection,0.33.1,94,
2026-08-25,Ank.DocToolkit.Extensions.DependencyInjection,0.33.2,98,
2026-08-25,Ank.DocToolkit.Extensions.DependencyInjection,0.33.3,366,
2026-08-25,Ank.DocToolkit.Extensions.DependencyInjection,0.33.4,187,
2026-08-25,Ank.DocToolkit.Extensions.DependencyInjection,0.33.5,159,
2026-08-25,Ank.DocToolkit.Extensions.DependencyInjection,0.34.0,105,
2026-08-25,Ank.DocToolkit.Extensions.DependencyInjection,0.35.0,243,
2026-08-25,Ank.DocToolkit.Extensions.DependencyInjection,0.36.0,154,
2026-08-25,Ank.DocToolkit.Extensions.DependencyInjection,0.36.1,209,
2026-08-25,Ank.DocToolkit.Extensions.DependencyInjection,0.37.0,271,
2026-08-25,Ank.DocToolkit.Extensions.DependencyInjection,0.4.0,151,
2026-08-25,Ank.DocToolkit.Extensions.DependencyInjection,0.5.0,162,
2026-08-25,Ank.DocToolkit.Extensions.DependencyInjection,0.6.0,133,
2026-08-25,Ank.DocToolkit.Extensions.DependencyInjection,0.7.0,181,
2026-08-25,Ank.DocToolkit.Extensions.DependencyInjection,0.8.0,141,
2026-08-25,Ank.DocToolkit.Extensions.DependencyInjection,0.9.0,224,
2026-08-26,Ank.DocToolkit,0.1.0,357,
2026-08-26,Ank.DocToolkit,0.10.0,458,
2026-08-26,Ank.DocToolkit,0.11.0,1068,
2026-08-26,Ank.DocToolkit,0.12.0,891,
2026-08-26,Ank.DocToolkit,0.13.0,354,
2026-08-26,Ank.DocToolkit,0.14.0,327,
2026-08-26,Ank.DocToolkit,0.15.0,342,
2026-08-26,Ank.DocToolkit,0.16.0,360,
2026-08-26,Ank.DocToolkit,0.18.0,161,
2026-08-26,Ank.DocToolkit,0.18.1,336,
2026-08-26,Ank.DocToolkit,0.19.0,137,
2026-08-26,Ank.DocToolkit,0.19.1,258,
2026-08-26,Ank.DocToolkit,0.2.0,1485,
2026-08-26,Ank.DocToolkit,0.2.1,231,
2026-08-26,Ank.DocToolkit,0.2.2,99,
2026-08-26,Ank.DocToolkit,0.20.0,325,
2026-08-26,Ank.DocToolkit,0.21.0,226,
2026-08-26,Ank.DocToolkit,0.22.0,455,
2026-08-26,Ank.DocToolkit,0.23.0,132,
2026-08-26,Ank.DocToolkit,0.24.0,766,
2026-08-26,Ank.DocToolkit,0.25.0,296,
2026-08-26,Ank.DocToolkit,0.26.0,1324,
2026-08-26,Ank.DocToolkit,0.27.0,410,
2026-08-26,Ank.DocToolkit,0.27.1,206,
2026-08-26,Ank.DocToolkit,0.27.2,262,
2026-08-26,Ank.DocToolkit,0.27.3,119,
2026-08-26,Ank.DocToolkit,0.27.4,229,
2026-08-26,Ank.DocToolkit,0.27.5,274,
2026-08-26,Ank.DocToolkit,0.28.0,558,
2026-08-26,Ank.DocToolkit,0.29.0,412,
2026-08-26,Ank.DocToolkit,0.3.0,96,
2026-08-26,Ank.DocToolkit,0.3.1,95,
2026-08-26,Ank.DocToolkit,0.3.10,102,
2026-08-26,Ank.DocToolkit,0.3.11,127,
2026-08-26,Ank.DocToolkit,0.3.12,139,
2026-08-26,Ank.DocToolkit,0.3.2,221,
2026-08-26,Ank.DocToolkit,0.3.3,95,
2026-08-26,Ank.DocToolkit,0.3.4,102,
2026-08-26,Ank.DocToolkit,0.3.5,120,
2026-08-26,Ank.DocToolkit,0.3.6,132,
2026-08-26,Ank.DocToolkit,0.3.7,122,
2026-08-26,Ank.DocToolkit,0.3.8,109,
2026-08-26,Ank.DocToolkit,0.3.9,126,
2026-08-26,Ank.DocToolkit,0.30.0,333,
2026-08-26,Ank.DocToolkit,0.31.0,243,
2026-08-26,Ank.DocToolkit,0.31.1,212,
2026-08-26,Ank.DocToolkit,0.32.0,1144,
2026-08-26,Ank.DocToolkit,0.33.0,151,
2026-08-26,Ank.DocToolkit,0.33.1,116,
2026-08-26,Ank.DocToolkit,0.33.2,127,
2026-08-26,Ank.DocToolkit,0.33.3,433,
2026-08-26,Ank.DocToolkit,0.33.4,217,
2026-08-26,Ank.DocToolkit,0.33.5,186,
2026-08-26,Ank.DocToolkit,0.34.0,611,
2026-08-26,Ank.DocToolkit,0.35.0,358,
2026-08-26,Ank.DocToolkit,0.36.1,368,
2026-08-26,Ank.DocToolkit,0.37.0,458,
2026-08-26,Ank.DocToolkit,0.38.0,129,
2026-08-26,Ank.DocToolkit,0.39.0,147,
2026-08-26,Ank.DocToolkit,0.4.0,153,
2026-08-26,Ank.DocToolkit,0.40.0,27,
2026-08-26,Ank.DocToolkit,0.41.0,4,
2026-08-26,Ank.DocToolkit,0.42.0,0,
2026-08-26,Ank.DocToolkit,0.5.0,165,
2026-08-26,Ank.DocToolkit,0.6.0,139,
2026-08-26,Ank.DocToolkit,0.7.0,299,
2026-08-26,Ank.DocToolkit,0.8.0,449,
2026-08-26,Ank.DocToolkit,0.9.0,227,
2026-08-26,Ank.DocToolkit.Extensions.DependencyInjection,0.10.0,155,
2026-08-26,Ank.DocToolkit.Extensions.DependencyInjection,0.11.0,346,
2026-08-26,Ank.DocToolkit.Extensions.DependencyInjection,0.12.0,644,
2026-08-26,Ank.DocToolkit.Extensions.DependencyInjection,0.13.0,194,
2026-08-26,Ank.DocToolkit.Extensions.DependencyInjection,0.14.0,305,
2026-08-26,Ank.DocToolkit.Extensions.DependencyInjection,0.15.0,177,
2026-08-26,Ank.DocToolkit.Extensions.DependencyInjection,0.16.0,328,
2026-08-26,Ank.DocToolkit.Extensions.DependencyInjection,0.18.0,148,
2026-08-26,Ank.DocToolkit.Extensions.DependencyInjection,0.18.1,165,
2026-08-26,Ank.DocToolkit.Extensions.DependencyInjection,0.19.0,130,
2026-08-26,Ank.DocToolkit.Extensions.DependencyInjection,0.19.1,135,
2026-08-26,Ank.DocToolkit.Extensions.DependencyInjection,0.2.1,233,
2026-08-26,Ank.DocToolkit.Extensions.DependencyInjection,0.2.2,106,
2026-08-26,Ank.DocToolkit.Extensions.DependencyInjection,0.20.0,291,
2026-08-26,Ank.DocToolkit.Extensions.DependencyInjection,0.21.0,145,
2026-08-26,Ank.DocToolkit.Extensions.DependencyInjection,0.22.0,158,
2026-08-26,Ank.DocToolkit.Extensions.DependencyInjection,0.23.0,125,
2026-08-26,Ank.DocToolkit.Extensions.DependencyInjection,0.24.0,346,
2026-08-26,Ank.DocToolkit.Extensions.DependencyInjection,0.25.0,260,
2026-08-26,Ank.DocToolkit.Extensions.DependencyInjection,0.26.0,295,
2026-08-26,Ank.DocToolkit.Extensions.DependencyInjection,0.27.0,376,
2026-08-26,Ank.DocToolkit.Extensions.DependencyInjection,0.27.1,193,
2026-08-26,Ank.DocToolkit.Extensions.DependencyInjection,0.27.2,249,
2026-08-26,Ank.DocToolkit.Extensions.DependencyInjection,0.27.3,106,
2026-08-26,Ank.DocToolkit.Extensions.DependencyInjection,0.27.4,202,
2026-08-26,Ank.DocToolkit.Extensions.DependencyInjection,0.27.5,260,
2026-08-26,Ank.DocToolkit.Extensions.DependencyInjection,0.28.0,186,
2026-08-26,Ank.DocToolkit.Extensions.DependencyInjection,0.29.0,372,
2026-08-26,Ank.DocToolkit.Extensions.DependencyInjection,0.3.0,93,
2026-08-26,Ank.DocToolkit.Extensions.DependencyInjection,0.3.1,96,
2026-08-26,Ank.DocToolkit.Extensions.DependencyInjection,0.3.10,101,
2026-08-26,Ank.DocToolkit.Extensions.DependencyInjection,0.3.11,127,
2026-08-26,Ank.DocToolkit.Extensions.DependencyInjection,0.3.12,138,
2026-08-26,Ank.DocToolkit.Extensions.DependencyInjection,0.3.2,217,
2026-08-26,Ank.DocToolkit.Extensions.DependencyInjection,0.3.3,97,
2026-08-26,Ank.DocToolkit.Extensions.DependencyInjection,0.3.4,105,
2026-08-26,Ank.DocToolkit.Extensions.DependencyInjection,0.3.5,116,
2026-08-26,Ank.DocToolkit.Extensions.DependencyInjection,0.3.6,131,
2026-08-26,Ank.DocToolkit.Extensions.DependencyInjection,0.3.7,134,
2026-08-26,Ank.DocToolkit.Extensions.DependencyInjection,0.3.8,105,
2026-08-26,Ank.DocToolkit.Extensions.DependencyInjection,0.3.9,130,
2026-08-26,Ank.DocToolkit.Extensions.DependencyInjection,0.30.0,299,
2026-08-26,Ank.DocToolkit.Extensions.DependencyInjection,0.31.0,228,
2026-08-26,Ank.DocToolkit.Extensions.DependencyInjection,0.31.1,200,
2026-08-26,Ank.DocToolkit.Extensions.DependencyInjection,0.32.0,242,
2026-08-26,Ank.DocToolkit.Extensions.DependencyInjection,0.33.0,152,
2026-08-26,Ank.DocToolkit.Extensions.DependencyInjection,0.33.1,103,
2026-08-26,Ank.DocToolkit.Extensions.DependencyInjection,0.33.2,108,
2026-08-26,Ank.DocToolkit.Extensions.DependencyInjection,0.33.3,376,
2026-08-26,Ank.DocToolkit.Extensions.DependencyInjection,0.33.4,197,
2026-08-26,Ank.DocToolkit.Extensions.DependencyInjection,0.33.5,169,
2026-08-26,Ank.DocToolkit.Extensions.DependencyInjection,0.34.0,115,
2026-08-26,Ank.DocToolkit.Extensions.DependencyInjection,0.35.0,253,
2026-08-26,Ank.DocToolkit.Extensions.DependencyInjection,0.36.1,221,
2026-08-26,Ank.DocToolkit.Extensions.DependencyInjection,0.37.0,408,
2026-08-26,Ank.DocToolkit.Extensions.DependencyInjection,0.38.0,93,
2026-08-26,Ank.DocToolkit.Extensions.DependencyInjection,0.39.0,123,
2026-08-26,Ank.DocToolkit.Extensions.DependencyInjection,0.4.0,151,
2026-08-26,Ank.DocToolkit.Extensions.DependencyInjection,0.40.0,31,
2026-08-26,Ank.DocToolkit.Extensions.DependencyInjection,0.41.0,6,
2026-08-26,Ank.DocToolkit.Extensions.DependencyInjection,0.42.0,0,
2026-08-26,Ank.DocToolkit.Extensions.DependencyInjection,0.5.0,162,
2026-08-26,Ank.DocToolkit.Extensions.DependencyInjection,0.6.0,133,
2026-08-26,Ank.DocToolkit.Extensions.DependencyInjection,0.7.0,182,
2026-08-26,Ank.DocToolkit.Extensions.DependencyInjection,0.8.0,141,
2026-08-26,Ank.DocToolkit.Extensions.DependencyInjection,0.9.0,224,
2026-08-27,Ank.DocToolkit,0.1.0,357,
2026-08-27,Ank.DocToolkit,0.10.0,458,
2026-08-27,Ank.DocToolkit,0.11.0,1068,
2026-08-27,Ank.DocToolkit,0.12.0,891,
2026-08-27,Ank.DocToolkit,0.13.0,354,
2026-08-27,Ank.DocToolkit,0.14.0,327,
2026-08-27,Ank.DocToolkit,0.15.0,342,
2026-08-27,Ank.DocToolkit,0.16.0,360,
2026-08-27,Ank.DocToolkit,0.18.0,161,
2026-08-27,Ank.DocToolkit,0.18.1,336,
2026-08-27,Ank.DocToolkit,0.19.0,137,
2026-08-27,Ank.DocToolkit,0.19.1,258,
2026-08-27,Ank.DocToolkit,0.2.0,1485,
2026-08-27,Ank.DocToolkit,0.2.1,231,
2026-08-27,Ank.DocToolkit,0.2.2,99,
2026-08-27,Ank.DocToolkit,0.20.0,325,
2026-08-27,Ank.DocToolkit,0.21.0,226,
2026-08-27,Ank.DocToolkit,0.22.0,455,
2026-08-27,Ank.DocToolkit,0.23.0,132,
2026-08-27,Ank.DocToolkit,0.24.0,766,
2026-08-27,Ank.DocToolkit,0.25.0,296,
2026-08-27,Ank.DocToolkit,0.26.0,1324,
2026-08-27,Ank.DocToolkit,0.27.0,410,
2026-08-27,Ank.DocToolkit,0.27.1,206,
2026-08-27,Ank.DocToolkit,0.27.2,262,
2026-08-27,Ank.DocToolkit,0.27.3,119,
2026-08-27,Ank.DocToolkit,0.27.4,229,
2026-08-27,Ank.DocToolkit,0.27.5,274,
2026-08-27,Ank.DocToolkit,0.28.0,558,
2026-08-27,Ank.DocToolkit,0.29.0,412,
2026-08-27,Ank.DocToolkit,0.3.0,96,
2026-08-27,Ank.DocToolkit,0.3.1,95,
2026-08-27,Ank.DocToolkit,0.3.10,102,
2026-08-27,Ank.DocToolkit,0.3.11,127,
2026-08-27,Ank.DocToolkit,0.3.12,139,
2026-08-27,Ank.DocToolkit,0.3.2,221,
2026-08-27,Ank.DocToolkit,0.3.3,95,
2026-08-27,Ank.DocToolkit,0.3.4,102,
2026-08-27,Ank.DocToolkit,0.3.5,120,
2026-08-27,Ank.DocToolkit,0.3.6,133,
2026-08-27,Ank.DocToolkit,0.3.7,122,
2026-08-27,Ank.DocToolkit,0.3.8,109,
2026-08-27,Ank.DocToolkit,0.3.9,126,
2026-08-27,Ank.DocToolkit,0.30.0,333,
2026-08-27,Ank.DocToolkit,0.31.0,244,
2026-08-27,Ank.DocToolkit,0.31.1,214,
2026-08-27,Ank.DocToolkit,0.32.0,1187,
2026-08-27,Ank.DocToolkit,0.33.0,155,
2026-08-27,Ank.DocToolkit,0.33.1,118,
2026-08-27,Ank.DocToolkit,0.33.2,128,
2026-08-27,Ank.DocToolkit,0.33.3,433,
2026-08-27,Ank.DocToolkit,0.33.4,237,
2026-08-27,Ank.DocToolkit,0.33.5,207,
2026-08-27,Ank.DocToolkit,0.34.0,657,
2026-08-27,Ank.DocToolkit,0.35.0,379,
2026-08-27,Ank.DocToolkit,0.36.1,408,
2026-08-27,Ank.DocToolkit,0.37.0,478,
2026-08-27,Ank.DocToolkit,0.38.0,255,
2026-08-27,Ank.DocToolkit,0.39.0,172,
2026-08-27,Ank.DocToolkit,0.4.0,153,
2026-08-27,Ank.DocToolkit,0.40.0,127,
2026-08-27,Ank.DocToolkit,0.41.0,188,
2026-08-27,Ank.DocToolkit,0.42.0,125,
2026-08-27,Ank.DocToolkit,0.5.0,165,
2026-08-27,Ank.DocToolkit,0.6.0,139,
2026-08-27,Ank.DocToolkit,0.7.0,299,
2026-08-27,Ank.DocToolkit,0.8.0,449,
2026-08-27,Ank.DocToolkit,0.9.0,227,
2026-08-27,Ank.DocToolkit.Extensions.DependencyInjection,0.10.0,155,
2026-08-27,Ank.DocToolkit.Extensions.DependencyInjection,0.11.0,346,
2026-08-27,Ank.DocToolkit.Extensions.DependencyInjection,0.12.0,644,
2026-08-27,Ank.DocToolkit.Extensions.DependencyInjection,0.13.0,194,
2026-08-27,Ank.DocToolkit.Extensions.DependencyInjection,0.14.0,305,
2026-08-27,Ank.DocToolkit.Extensions.DependencyInjection,0.15.0,177,
2026-08-27,Ank.DocToolkit.Extensions.DependencyInjection,0.16.0,328,
2026-08-27,Ank.DocToolkit.Extensions.DependencyInjection,0.18.0,148,
2026-08-27,Ank.DocToolkit.Extensions.DependencyInjection,0.18.1,165,
2026-08-27,Ank.DocToolkit.Extensions.DependencyInjection,0.19.0,130,
2026-08-27,Ank.DocToolkit.Extensions.DependencyInjection,0.19.1,135,
2026-08-27,Ank.DocToolkit.Extensions.DependencyInjection,0.2.1,233,
2026-08-27,Ank.DocToolkit.Extensions.DependencyInjection,0.2.2,106,
2026-08-27,Ank.DocToolkit.Extensions.DependencyInjection,0.20.0,291,
2026-08-27,Ank.DocToolkit.Extensions.DependencyInjection,0.21.0,145,
2026-08-27,Ank.DocToolkit.Extensions.DependencyInjection,0.22.0,158,
2026-08-27,Ank.DocToolkit.Extensions.DependencyInjection,0.23.0,125,
2026-08-27,Ank.DocToolkit.Extensions.DependencyInjection,0.24.0,346,
2026-08-27,Ank.DocToolkit.Extensions.DependencyInjection,0.25.0,260,
2026-08-27,Ank.DocToolkit.Extensions.DependencyInjection,0.26.0,295,
2026-08-27,Ank.DocToolkit.Extensions.DependencyInjection,0.27.0,376,
2026-08-27,Ank.DocToolkit.Extensions.DependencyInjection,0.27.1,193,
2026-08-27,Ank.DocToolkit.Extensions.DependencyInjection,0.27.2,249,
2026-08-27,Ank.DocToolkit.Extensions.DependencyInjection,0.27.3,106,
2026-08-27,Ank.DocToolkit.Extensions.DependencyInjection,0.27.4,202,
2026-08-27,Ank.DocToolkit.Extensions.DependencyInjection,0.27.5,261,
2026-08-27,Ank.DocToolkit.Extensions.DependencyInjection,0.28.0,186,
2026-08-27,Ank.DocToolkit.Extensions.DependencyInjection,0.29.0,373,
2026-08-27,Ank.DocToolkit.Extensions.DependencyInjection,0.3.0,93,
2026-08-27,Ank.DocToolkit.Extensions.DependencyInjection,0.3.1,96,
2026-08-27,Ank.DocToolkit.Extensions.DependencyInjection,0.3.10,101,
2026-08-27,Ank.DocToolkit.Extensions.DependencyInjection,0.3.11,127,
2026-08-27,Ank.DocToolkit.Extensions.DependencyInjection,0.3.12,138,
2026-08-27,Ank.DocToolkit.Extensions.DependencyInjection,0.3.2,217,
2026-08-27,Ank.DocToolkit.Extensions.DependencyInjection,0.3.3,97,
2026-08-27,Ank.DocToolkit.Extensions.DependencyInjection,0.3.4,105,
2026-08-27,Ank.DocToolkit.Extensions.DependencyInjection,0.3.5,116,
2026-08-27,Ank.DocToolkit.Extensions.DependencyInjection,0.3.6,131,
2026-08-27,Ank.DocToolkit.Extensions.DependencyInjection,0.3.7,134,
2026-08-27,Ank.DocToolkit.Extensions.DependencyInjection,0.3.8,105,
2026-08-27,Ank.DocToolkit.Extensions.DependencyInjection,0.3.9,130,
2026-08-27,Ank.DocToolkit.Extensions.DependencyInjection,0.30.0,299,
2026-08-27,Ank.DocToolkit.Extensions.DependencyInjection,0.31.0,228,
2026-08-27,Ank.DocToolkit.Extensions.DependencyInjection,0.31.1,200,
2026-08-27,Ank.DocToolkit.Extensions.DependencyInjection,0.32.0,247,
2026-08-27,Ank.DocToolkit.Extensions.DependencyInjection,0.33.0,154,
2026-08-27,Ank.DocToolkit.Extensions.DependencyInjection,0.33.1,115,
2026-08-27,Ank.DocToolkit.Extensions.DependencyInjection,0.33.2,123,
2026-08-27,Ank.DocToolkit.Extensions.DependencyInjection,0.33.3,399,
2026-08-27,Ank.DocToolkit.Extensions.DependencyInjection,0.33.4,218,
2026-08-27,Ank.DocToolkit.Extensions.DependencyInjection,0.33.5,190,
2026-08-27,Ank.DocToolkit.Extensions.DependencyInjection,0.34.0,136,
2026-08-27,Ank.DocToolkit.Extensions.DependencyInjection,0.35.0,277,
2026-08-27,Ank.DocToolkit.Extensions.DependencyInjection,0.36.1,241,
2026-08-27,Ank.DocToolkit.Extensions.DependencyInjection,0.37.0,428,
2026-08-27,Ank.DocToolkit.Extensions.DependencyInjection,0.38.0,120,
2026-08-27,Ank.DocToolkit.Extensions.DependencyInjection,0.39.0,148,
2026-08-27,Ank.DocToolkit.Extensions.DependencyInjection,0.4.0,151,
2026-08-27,Ank.DocToolkit.Extensions.DependencyInjection,0.40.0,129,
2026-08-27,Ank.DocToolkit.Extensions.DependencyInjection,0.41.0,174,
2026-08-27,Ank.DocToolkit.Extensions.DependencyInjection,0.42.0,115,
2026-08-27,Ank.DocToolkit.Extensions.DependencyInjection,0.5.0,162,
2026-08-27,Ank.DocToolkit.Extensions.DependencyInjection,0.6.0,133,
2026-08-27,Ank.DocToolkit.Extensions.DependencyInjection,0.7.0,182,
2026-08-27,Ank.DocToolkit.Extensions.DependencyInjection,0.8.0,141,
2026-08-27,Ank.DocToolkit.Extensions.DependencyInjection,0.9.0,224,
2026-08-28,Ank.DocToolkit,0.1.0,357,
2026-08-28,Ank.DocToolkit,0.10.0,458,
2026-08-28,Ank.DocToolkit,0.11.0,1068,
2026-08-28,Ank.DocToolkit,0.12.0,891,
2026-08-28,Ank.DocToolkit,0.13.0,354,
2026-08-28,Ank.DocToolkit,0.14.0,327,
2026-08-28,Ank.DocToolkit,0.15.0,342,
2026-08-28,Ank.DocToolkit,0.16.0,360,
2026-08-28,Ank.DocToolkit,0.18.0,161,
2026-08-28,Ank.DocToolkit,0.18.1,336,
2026-08-28,Ank.DocToolkit,0.19.0,137,
2026-08-28,Ank.DocToolkit,0.19.1,258,
2026-08-28,Ank.DocToolkit,0.2.0,1485,
2026-08-28,Ank.DocToolkit,0.2.1,231,
2026-08-28,Ank.DocToolkit,0.2.2,99,
2026-08-28,Ank.DocToolkit,0.20.0,325,
2026-08-28,Ank.DocToolkit,0.21.0,226,
2026-08-28,Ank.DocToolkit,0.22.0,455,
2026-08-28,Ank.DocToolkit,0.23.0,132,
2026-08-28,Ank.DocToolkit,0.24.0,766,
2026-08-28,Ank.DocToolkit,0.25.0,296,
2026-08-28,Ank.DocToolkit,0.26.0,1324,
2026-08-28,Ank.DocToolkit,0.27.0,410,
2026-08-28,Ank.DocToolkit,0.27.1,206,
2026-08-28,Ank.DocToolkit,0.27.2,262,
2026-08-28,Ank.DocToolkit,0.27.3,119,
2026-08-28,Ank.DocToolkit,0.27.4,229,
2026-08-28,Ank.DocToolkit,0.27.5,275,
2026-08-28,Ank.DocToolkit,0.28.0,559,
2026-08-28,Ank.DocToolkit,0.29.0,412,
2026-08-28,Ank.DocToolkit,0.3.0,96,
2026-08-28,Ank.DocToolkit,0.3.1,95,
2026-08-28,Ank.DocToolkit,0.3.10,102,
2026-08-28,Ank.DocToolkit,0.3.11,127,
2026-08-28,Ank.DocToolkit,0.3.12,139,
2026-08-28,Ank.DocToolkit,0.3.2,221,
2026-08-28,Ank.DocToolkit,0.3.3,95,
2026-08-28,Ank.DocToolkit,0.3.4,102,
2026-08-28,Ank.DocToolkit,0.3.5,120,
2026-08-28,Ank.DocToolkit,0.3.6,133,
2026-08-28,Ank.DocToolkit,0.3.7,122,
2026-08-28,Ank.DocToolkit,0.3.8,109,
2026-08-28,Ank.DocToolkit,0.3.9,126,
2026-08-28,Ank.DocToolkit,0.30.0,334,
2026-08-28,Ank.DocToolkit,0.31.0,245,
2026-08-28,Ank.DocToolkit,0.31.1,216,
2026-08-28,Ank.DocToolkit,0.32.0,1188,
2026-08-28,Ank.DocToolkit,0.33.0,158,
2026-08-28,Ank.DocToolkit,0.33.1,119,
2026-08-28,Ank.DocToolkit,0.33.2,129,
2026-08-28,Ank.DocToolkit,0.33.3,434,
2026-08-28,Ank.DocToolkit,0.33.4,238,
2026-08-28,Ank.DocToolkit,0.33.5,208,
2026-08-28,Ank.DocToolkit,0.34.0,659,
2026-08-28,Ank.DocToolkit,0.35.0,380,
2026-08-28,Ank.DocToolkit,0.36.1,411,
2026-08-28,Ank.DocToolkit,0.37.0,481,
2026-08-28,Ank.DocToolkit,0.38.0,291,
2026-08-28,Ank.DocToolkit,0.39.0,173,
2026-08-28,Ank.DocToolkit,0.4.0,153,
2026-08-28,Ank.DocToolkit,0.40.0,129,
2026-08-28,Ank.DocToolkit,0.41.0,190,
2026-08-28,Ank.DocToolkit,0.42.0,252,
2026-08-28,Ank.DocToolkit,0.5.0,165,
2026-08-28,Ank.DocToolkit,0.6.0,139,
2026-08-28,Ank.DocToolkit,0.7.0,299,
2026-08-28,Ank.DocToolkit,0.8.0,449,
2026-08-28,Ank.DocToolkit,0.9.0,227,
2026-08-28,Ank.DocToolkit.Extensions.DependencyInjection,0.10.0,155,
2026-08-28,Ank.DocToolkit.Extensions.DependencyInjection,0.11.0,346,
2026-08-28,Ank.DocToolkit.Extensions.DependencyInjection,0.12.0,644,
2026-08-28,Ank.DocToolkit.Extensions.DependencyInjection,0.13.0,194,
2026-08-28,Ank.DocToolkit.Extensions.DependencyInjection,0.14.0,305,
2026-08-28,Ank.DocToolkit.Extensions.DependencyInjection,0.15.0,177,
2026-08-28,Ank.DocToolkit.Extensions.DependencyInjection,0.16.0,328,
2026-08-28,Ank.DocToolkit.Extensions.DependencyInjection,0.18.0,148,
2026-08-28,Ank.DocToolkit.Extensions.DependencyInjection,0.18.1,165,
2026-08-28,Ank.DocToolkit.Extensions.DependencyInjection,0.19.0,130,
2026-08-28,Ank.DocToolkit.Extensions.DependencyInjection,0.19.1,135,
2026-08-28,Ank.DocToolkit.Extensions.DependencyInjection,0.2.1,233,
2026-08-28,Ank.DocToolkit.Extensions.DependencyInjection,0.2.2,106,
2026-08-28,Ank.DocToolkit.Extensions.DependencyInjection,0.20.0,291,
2026-08-28,Ank.DocToolkit.Extensions.DependencyInjection,0.21.0,145,
2026-08-28,Ank.DocToolkit.Extensions.DependencyInjection,0.22.0,158,
2026-08-28,Ank.DocToolkit.Extensions.DependencyInjection,0.23.0,125,
2026-08-28,Ank.DocToolkit.Extensions.DependencyInjection,0.24.0,346,
2026-08-28,Ank.DocToolkit.Extensions.DependencyInjection,0.25.0,260,
2026-08-28,Ank.DocToolkit.Extensions.DependencyInjection,0.26.0,295,
2026-08-28,Ank.DocToolkit.Extensions.DependencyInjection,0.27.0,376,
2026-08-28,Ank.DocToolkit.Extensions.DependencyInjection,0.27.1,193,
2026-08-28,Ank.DocToolkit.Extensions.DependencyInjection,0.27.2,249,
2026-08-28,Ank.DocToolkit.Extensions.DependencyInjection,0.27.3,106,
2026-08-28,Ank.DocToolkit.Extensions.DependencyInjection,0.27.4,202,
2026-08-28,Ank.DocToolkit.Extensions.DependencyInjection,0.27.5,262,
2026-08-28,Ank.DocToolkit.Extensions.DependencyInjection,0.28.0,187,
2026-08-28,Ank.DocToolkit.Extensions.DependencyInjection,0.29.0,374,
2026-08-28,Ank.DocToolkit.Extensions.DependencyInjection,0.3.0,93,
2026-08-28,Ank.DocToolkit.Extensions.DependencyInjection,0.3.1,96,
2026-08-28,Ank.DocToolkit.Extensions.DependencyInjection,0.3.10,101,
2026-08-28,Ank.DocToolkit.Extensions.DependencyInjection,0.3.11,127,
2026-08-28,Ank.DocToolkit.Extensions.DependencyInjection,0.3.12,138,
2026-08-28,Ank.DocToolkit.Extensions.DependencyInjection,0.3.2,217,
2026-08-28,Ank.DocToolkit.Extensions.DependencyInjection,0.3.3,97,
2026-08-28,Ank.DocToolkit.Extensions.DependencyInjection,0.3.4,105,
2026-08-28,Ank.DocToolkit.Extensions.DependencyInjection,0.3.5,116,
2026-08-28,Ank.DocToolkit.Extensions.DependencyInjection,0.3.6,131,
2026-08-28,Ank.DocToolkit.Extensions.DependencyInjection,0.3.7,134,
2026-08-28,Ank.DocToolkit.Extensions.DependencyInjection,0.3.8,105,
2026-08-28,Ank.DocToolkit.Extensions.DependencyInjection,0.3.9,130,
2026-08-28,Ank.DocToolkit.Extensions.DependencyInjection,0.30.0,300,
2026-08-28,Ank.DocToolkit.Extensions.DependencyInjection,0.31.0,229,
2026-08-28,Ank.DocToolkit.Extensions.DependencyInjection,0.31.1,201,
2026-08-28,Ank.DocToolkit.Extensions.DependencyInjection,0.32.0,248,
2026-08-28,Ank.DocToolkit.Extensions.DependencyInjection,0.33.0,158,
2026-08-28,Ank.DocToolkit.Extensions.DependencyInjection,0.33.1,116,
2026-08-28,Ank.DocToolkit.Extensions.DependencyInjection,0.33.2,124,
2026-08-28,Ank.DocToolkit.Extensions.DependencyInjection,0.33.3,402,
2026-08-28,Ank.DocToolkit.Extensions.DependencyInjection,0.33.4,219,
2026-08-28,Ank.DocToolkit.Extensions.DependencyInjection,0.33.5,191,
2026-08-28,Ank.DocToolkit.Extensions.DependencyInjection,0.34.0,138,
2026-08-28,Ank.DocToolkit.Extensions.DependencyInjection,0.35.0,278,
2026-08-28,Ank.DocToolkit.Extensions.DependencyInjection,0.36.1,243,
2026-08-28,Ank.DocToolkit.Extensions.DependencyInjection,0.37.0,430,
2026-08-28,Ank.DocToolkit.Extensions.DependencyInjection,0.38.0,122,
2026-08-28,Ank.DocToolkit.Extensions.DependencyInjection,0.39.0,150,
2026-08-28,Ank.DocToolkit.Extensions.DependencyInjection,0.4.0,151,
2026-08-28,Ank.DocToolkit.Extensions.DependencyInjection,0.40.0,131,
2026-08-28,Ank.DocToolkit.Extensions.DependencyInjection,0.41.0,176,
2026-08-28,Ank.DocToolkit.Extensions.DependencyInjection,0.42.0,228,
2026-08-28,Ank.DocToolkit.Extensions.DependencyInjection,0.5.0,162,
2026-08-28,Ank.DocToolkit.Extensions.DependencyInjection,0.6.0,133,
2026-08-28,Ank.DocToolkit.Extensions.DependencyInjection,0.7.0,182,
2026-08-28,Ank.DocToolkit.Extensions.DependencyInjection,0.8.0,141,
2026-08-28,Ank.DocToolkit.Extensions.DependencyInjection,0.9.0,224,
2026-08-29,Ank.DocToolkit,0.1.0,358,
2026-08-29,Ank.DocToolkit,0.10.0,459,
2026-08-29,Ank.DocToolkit,0.11.0,1069,
2026-08-29,Ank.DocToolkit,0.12.0,892,
2026-08-29,Ank.DocToolkit,0.13.0,355,
2026-08-29,Ank.DocToolkit,0.14.0,328,
2026-08-29,Ank.DocToolkit,0.15.0,343,
2026-08-29,Ank.DocToolkit,0.16.0,361,
2026-08-29,Ank.DocToolkit,0.18.0,162,
2026-08-29,Ank.DocToolkit,0.18.1,337,
2026-08-29,Ank.DocToolkit,0.19.0,138,
2026-08-29,Ank.DocToolkit,0.19.1,259,
2026-08-29,Ank.DocToolkit,0.2.0,1486,
2026-08-29,Ank.DocToolkit,0.2.1,232,
2026-08-29,Ank.DocToolkit,0.2.2,100,
2026-08-29,Ank.DocToolkit,0.20.0,326,
2026-08-29,Ank.DocToolkit,0.21.0,227,
2026-08-29,Ank.DocToolkit,0.22.0,456,
2026-08-29,Ank.DocToolkit,0.23.0,133,
2026-08-29,Ank.DocToolkit,0.24.0,767,
2026-08-29,Ank.DocToolkit,0.25.0,297,
2026-08-29,Ank.DocToolkit,0.26.0,1325,
2026-08-29,Ank.DocToolkit,0.27.0,411,
2026-08-29,Ank.DocToolkit,0.27.1,207,
2026-08-29,Ank.DocToolkit,0.27.2,263,
2026-08-29,Ank.DocToolkit,0.27.3,120,
2026-08-29,Ank.DocToolkit,0.27.4,231,
2026-08-29,Ank.DocToolkit,0.27.5,276,
2026-08-29,Ank.DocToolkit,0.28.0,559,
2026-08-29,Ank.DocToolkit,0.29.0,412,
2026-08-29,Ank.DocToolkit,0.3.0,97,
2026-08-29,Ank.DocToolkit,0.3.1,96,
2026-08-29,Ank.DocToolkit,0.3.10,103,
2026-08-29,Ank.DocToolkit,0.3.11,128,
2026-08-29,Ank.DocToolkit,0.3.12,140,
2026-08-29,Ank.DocToolkit,0.3.2,222,
2026-08-29,Ank.DocToolkit,0.3.3,96,
2026-08-29,Ank.DocToolkit,0.3.4,103,
2026-08-29,Ank.DocToolkit,0.3.5,121,
2026-08-29,Ank.DocToolkit,0.3.6,134,
2026-08-29,Ank.DocToolkit,0.3.7,123,
2026-08-29,Ank.DocToolkit,0.3.8,110,
2026-08-29,Ank.DocToolkit,0.3.9,127,
2026-08-29,Ank.DocToolkit,0.30.0,335,
2026-08-29,Ank.DocToolkit,0.31.0,245,
2026-08-29,Ank.DocToolkit,0.31.1,216,
2026-08-29,Ank.DocToolkit,0.32.0,1188,
2026-08-29,Ank.DocToolkit,0.33.0,158,
2026-08-29,Ank.DocToolkit,0.33.1,120,
2026-08-29,Ank.DocToolkit,0.33.2,130,
2026-08-29,Ank.DocToolkit,0.33.3,435,
2026-08-29,Ank.DocToolkit,0.33.4,241,
2026-08-29,Ank.DocToolkit,0.33.5,212,
2026-08-29,Ank.DocToolkit,0.34.0,662,
2026-08-29,Ank.DocToolkit,0.35.0,383,
2026-08-29,Ank.DocToolkit,0.36.1,414,
2026-08-29,Ank.DocToolkit,0.37.0,482,
2026-08-29,Ank.DocToolkit,0.38.0,337,
2026-08-29,Ank.DocToolkit,0.39.0,178,
2026-08-29,Ank.DocToolkit,0.4.0,154,
2026-08-29,Ank.DocToolkit,0.40.0,131,
2026-08-29,Ank.DocToolkit,0.41.0,191,
2026-08-29,Ank.DocToolkit,0.42.0,432,
2026-08-29,Ank.DocToolkit,0.43.0,0,
2026-08-29,Ank.DocToolkit,0.44.0,0,
2026-08-29,Ank.DocToolkit,0.44.1,0,
2026-08-29,Ank.DocToolkit,0.5.0,166,
2026-08-29,Ank.DocToolkit,0.6.0,140,
2026-08-29,Ank.DocToolkit,0.7.0,300,
2026-08-29,Ank.DocToolkit,0.8.0,450,
2026-08-29,Ank.DocToolkit,0.9.0,228,
2026-08-29,Ank.DocToolkit.Extensions.DependencyInjection,0.10.0,156,
2026-08-29,Ank.DocToolkit.Extensions.DependencyInjection,0.11.0,347,
2026-08-29,Ank.DocToolkit.Extensions.DependencyInjection,0.12.0,645,
2026-08-29,Ank.DocToolkit.Extensions.DependencyInjection,0.13.0,195,
2026-08-29,Ank.DocToolkit.Extensions.DependencyInjection,0.14.0,306,
2026-08-29,Ank.DocToolkit.Extensions.DependencyInjection,0.15.0,178,
2026-08-29,Ank.DocToolkit.Extensions.DependencyInjection,0.16.0,329,
2026-08-29,Ank.DocToolkit.Extensions.DependencyInjection,0.18.0,149,
2026-08-29,Ank.DocToolkit.Extensions.DependencyInjection,0.18.1,166,
2026-08-29,Ank.DocToolkit.Extensions.DependencyInjection,0.19.0,131,
2026-08-29,Ank.DocToolkit.Extensions.DependencyInjection,0.19.1,136,
2026-08-29,Ank.DocToolkit.Extensions.DependencyInjection,0.2.1,234,
2026-08-29,Ank.DocToolkit.Extensions.DependencyInjection,0.2.2,107,
2026-08-29,Ank.DocToolkit.Extensions.DependencyInjection,0.20.0,292,
2026-08-29,Ank.DocToolkit.Extensions.DependencyInjection,0.21.0,146,
2026-08-29,Ank.DocToolkit.Extensions.DependencyInjection,0.22.0,159,
2026-08-29,Ank.DocToolkit.Extensions.DependencyInjection,0.23.0,126,
2026-08-29,Ank.DocToolkit.Extensions.DependencyInjection,0.24.0,347,
2026-08-29,Ank.DocToolkit.Extensions.DependencyInjection,0.25.0,261,
2026-08-29,Ank.DocToolkit.Extensions.DependencyInjection,0.26.0,296,
2026-08-29,Ank.DocToolkit.Extensions.DependencyInjection,0.27.0,377,
2026-08-29,Ank.DocToolkit.Extensions.DependencyInjection,0.27.1,194,
2026-08-29,Ank.DocToolkit.Extensions.DependencyInjection,0.27.2,250,
2026-08-29,Ank.DocToolkit.Extensions.DependencyInjection,0.27.3,107,
2026-08-29,Ank.DocToolkit.Extensions.DependencyInjection,0.27.4,203,
2026-08-29,Ank.DocToolkit.Extensions.DependencyInjection,0.27.5,262,
2026-08-29,Ank.DocToolkit.Extensions.DependencyInjection,0.28.0,187,
2026-08-29,Ank.DocToolkit.Extensions.DependencyInjection,0.29.0,376,
2026-08-29,Ank.DocToolkit.Extensions.DependencyInjection,0.3.0,94,
2026-08-29,Ank.DocToolkit.Extensions.DependencyInjection,0.3.1,97,
2026-08-29,Ank.DocToolkit.Extensions.DependencyInjection,0.3.10,102,
2026-08-29,Ank.DocToolkit.Extensions.DependencyInjection,0.3.11,128,
2026-08-29,Ank.DocToolkit.Extensions.DependencyInjection,0.3.12,139,
2026-08-29,Ank.DocToolkit.Extensions.DependencyInjection,0.3.2,218,
2026-08-29,Ank.DocToolkit.Extensions.DependencyInjection,0.3.3,98,
2026-08-29,Ank.DocToolkit.Extensions.DependencyInjection,0.3.4,106,
2026-08-29,Ank.DocToolkit.Extensions.DependencyInjection,0.3.5,117,
2026-08-29,Ank.DocToolkit.Extensions.DependencyInjection,0.3.6,132,
2026-08-29,Ank.DocToolkit.Extensions.DependencyInjection,0.3.7,135,
2026-08-29,Ank.DocToolkit.Extensions.DependencyInjection,0.3.8,106,
2026-08-29,Ank.DocToolkit.Extensions.DependencyInjection,0.3.9,131,
2026-08-29,Ank.DocToolkit.Extensions.DependencyInjection,0.30.0,300,
2026-08-29,Ank.DocToolkit.Extensions.DependencyInjection,0.31.0,229,
2026-08-29,Ank.DocToolkit.Extensions.DependencyInjection,0.31.1,201,
2026-08-29,Ank.DocToolkit.Extensions.DependencyInjection,0.32.0,248,
2026-08-29,Ank.DocToolkit.Extensions.DependencyInjection,0.33.0,158,
2026-08-29,Ank.DocToolkit.Extensions.DependencyInjection,0.33.1,116,
2026-08-29,Ank.DocToolkit.Extensions.DependencyInjection,0.33.2,124,
2026-08-29,Ank.DocToolkit.Extensions.DependencyInjection,0.33.3,402,
2026-08-29,Ank.DocToolkit.Extensions.DependencyInjection,0.33.4,222,
2026-08-29,Ank.DocToolkit.Extensions.DependencyInjection,0.33.5,193,
2026-08-29,Ank.DocToolkit.Extensions.DependencyInjection,0.34.0,141,
2026-08-29,Ank.DocToolkit.Extensions.DependencyInjection,0.35.0,281,
2026-08-29,Ank.DocToolkit.Extensions.DependencyInjection,0.36.1,243,
2026-08-29,Ank.DocToolkit.Extensions.DependencyInjection,0.37.0,430,
2026-08-29,Ank.DocToolkit.Extensions.DependencyInjection,0.38.0,125,
2026-08-29,Ank.DocToolkit.Extensions.DependencyInjection,0.39.0,152,
2026-08-29,Ank.DocToolkit.Extensions.DependencyInjection,0.4.0,152,
2026-08-29,Ank.DocToolkit.Extensions.DependencyInjection,0.40.0,132,
2026-08-29,Ank.DocToolkit.Extensions.DependencyInjection,0.41.0,177,
2026-08-29,Ank.DocToolkit.Extensions.DependencyInjection,0.42.0,385,
2026-08-29,Ank.DocToolkit.Extensions.DependencyInjection,0.43.0,0,
2026-08-29,Ank.DocToolkit.Extensions.DependencyInjection,0.44.0,0,
2026-08-29,Ank.DocToolkit.Extensions.DependencyInjection,0.44.1,0,
2026-08-29,Ank.DocToolkit.Extensions.DependencyInjection,0.5.0,163,
2026-08-29,Ank.DocToolkit.Extensions.DependencyInjection,0.6.0,134,
2026-08-29,Ank.DocToolkit.Extensions.DependencyInjection,0.7.0,183,
2026-08-29,Ank.DocToolkit.Extensions.DependencyInjection,0.8.0,142,
2026-08-29,Ank.DocToolkit.Extensions.DependencyInjection,0.9.0,225,
2026-08-30,Ank.DocToolkit,0.1.0,358,
2026-08-30,Ank.DocToolkit,0.10.0,459,
2026-08-30,Ank.DocToolkit,0.11.0,1069,
2026-08-30,Ank.DocToolkit,0.12.0,892,
2026-08-30,Ank.DocToolkit,0.13.0,355,
2026-08-30,Ank.DocToolkit,0.14.0,328,
2026-08-30,Ank.DocToolkit,0.15.0,343,
2026-08-30,Ank.DocToolkit,0.16.0,361,
2026-08-30,Ank.DocToolkit,0.18.0,162,
2026-08-30,Ank.DocToolkit,0.18.1,337,
2026-08-30,Ank.DocToolkit,0.19.0,138,
2026-08-30,Ank.DocToolkit,0.19.1,259,
2026-08-30,Ank.DocToolkit,0.2.0,1486,
2026-08-30,Ank.DocToolkit,0.2.1,232,
2026-08-30,Ank.DocToolkit,0.2.2,100,
2026-08-30,Ank.DocToolkit,0.20.0,326,
2026-08-30,Ank.DocToolkit,0.21.0,227,
2026-08-30,Ank.DocToolkit,0.22.0,456,
2026-08-30,Ank.DocToolkit,0.23.0,133,
2026-08-30,Ank.DocToolkit,0.24.0,767,
2026-08-30,Ank.DocToolkit,0.25.0,297,
2026-08-30,Ank.DocToolkit,0.26.0,1325,
2026-08-30,Ank.DocToolkit,0.27.0,411,
2026-08-30,Ank.DocToolkit,0.27.1,207,
2026-08-30,Ank.DocToolkit,0.27.2,263,
2026-08-30,Ank.DocToolkit,0.27.3,120,
2026-08-30,Ank.DocToolkit,0.27.4,231,
2026-08-30,Ank.DocToolkit,0.27.5,276,
2026-08-30,Ank.DocToolkit,0.28.0,560,
2026-08-30,Ank.DocToolkit,0.29.0,413,
2026-08-30,Ank.DocToolkit,0.3.0,97,
2026-08-30,Ank.DocToolkit,0.3.1,96,
2026-08-30,Ank.DocToolkit,0.3.10,103,
2026-08-30,Ank.DocToolkit,0.3.11,128,
2026-08-30,Ank.DocToolkit,0.3.12,140,
2026-08-30,Ank.DocToolkit,0.3.2,222,
2026-08-30,Ank.DocToolkit,0.3.3,96,
2026-08-30,Ank.DocToolkit,0.3.4,103,
2026-08-30,Ank.DocToolkit,0.3.5,121,
2026-08-30,Ank.DocToolkit,0.3.6,134,
2026-08-30,Ank.DocToolkit,0.3.7,123,
2026-08-30,Ank.DocToolkit,0.3.8,110,
2026-08-30,Ank.DocToolkit,0.3.9,127,
2026-08-30,Ank.DocToolkit,0.30.0,335,
2026-08-30,Ank.DocToolkit,0.31.0,246,
2026-08-30,Ank.DocToolkit,0.31.1,217,
2026-08-30,Ank.DocToolkit,0.32.0,1189,
2026-08-30,Ank.DocToolkit,0.33.0,158,
2026-08-30,Ank.DocToolkit,0.33.1,120,
2026-08-30,Ank.DocToolkit,0.33.2,130,
2026-08-30,Ank.DocToolkit,0.33.3,435,
2026-08-30,Ank.DocToolkit,0.33.4,242,
2026-08-30,Ank.DocToolkit,0.33.5,212,
2026-08-30,Ank.DocToolkit,0.34.0,666,
2026-08-30,Ank.DocToolkit,0.35.0,387,
2026-08-30,Ank.DocToolkit,0.36.1,415,
2026-08-30,Ank.DocToolkit,0.37.0,484,
2026-08-30,Ank.DocToolkit,0.38.0,447,
2026-08-30,Ank.DocToolkit,0.39.0,178,
2026-08-30,Ank.DocToolkit,0.4.0,154,
2026-08-30,Ank.DocToolkit,0.40.0,133,
2026-08-30,Ank.DocToolkit,0.41.0,192,
2026-08-30,Ank.DocToolkit,0.42.0,701,
2026-08-30,Ank.DocToolkit,0.43.0,145,
2026-08-30,Ank.DocToolkit,0.44.0,195,
2026-08-30,Ank.DocToolkit,0.44.1,78,
2026-08-30,Ank.DocToolkit,0.45.0,0,
2026-08-30,Ank.DocToolkit,0.45.1,0,
2026-08-30,Ank.DocToolkit,0.46.0,0,
2026-08-30,Ank.DocToolkit,0.5.0,166,
2026-08-30,Ank.DocToolkit,0.6.0,140,
2026-08-30,Ank.DocToolkit,0.7.0,300,
2026-08-30,Ank.DocToolkit,0.8.0,450,
2026-08-30,Ank.DocToolkit,0.9.0,228,
2026-08-30,Ank.DocToolkit.Extensions.DependencyInjection,0.10.0,156,
2026-08-30,Ank.DocToolkit.Extensions.DependencyInjection,0.11.0,347,
2026-08-30,Ank.DocToolkit.Extensions.DependencyInjection,0.12.0,645,
2026-08-30,Ank.DocToolkit.Extensions.DependencyInjection,0.13.0,195,
2026-08-30,Ank.DocToolkit.Extensions.DependencyInjection,0.14.0,306,
2026-08-30,Ank.DocToolkit.Extensions.DependencyInjection,0.15.0,178,
2026-08-30,Ank.DocToolkit.Extensions.DependencyInjection,0.16.0,329,
2026-08-30,Ank.DocToolkit.Extensions.DependencyInjection,0.18.0,149,
2026-08-30,Ank.DocToolkit.Extensions.DependencyInjection,0.18.1,166,
2026-08-30,Ank.DocToolkit.Extensions.DependencyInjection,0.19.0,131,
2026-08-30,Ank.DocToolkit.Extensions.DependencyInjection,0.19.1,136,
2026-08-30,Ank.DocToolkit.Extensions.DependencyInjection,0.2.1,234,
2026-08-30,Ank.DocToolkit.Extensions.DependencyInjection,0.2.2,107,
2026-08-30,Ank.DocToolkit.Extensions.DependencyInjection,0.20.0,292,
2026-08-30,Ank.DocToolkit.Extensions.DependencyInjection,0.21.0,146,
2026-08-30,Ank.DocToolkit.Extensions.DependencyInjection,0.22.0,159,
2026-08-30,Ank.DocToolkit.Extensions.DependencyInjection,0.23.0,126,
2026-08-30,Ank.DocToolkit.Extensions.DependencyInjection,0.24.0,347,
2026-08-30,Ank.DocToolkit.Extensions.DependencyInjection,0.25.0,261,
2026-08-30,Ank.DocToolkit.Extensions.DependencyInjection,0.26.0,296,
2026-08-30,Ank.DocToolkit.Extensions.DependencyInjection,0.27.0,377,
2026-08-30,Ank.DocToolkit.Extensions.DependencyInjection,0.27.1,194,
2026-08-30,Ank.DocToolkit.Extensions.DependencyInjection,0.27.2,250,
2026-08-30,Ank.DocToolkit.Extensions.DependencyInjection,0.27.3,107,
2026-08-30,Ank.DocToolkit.Extensions.DependencyInjection,0.27.4,203,
2026-08-30,Ank.DocToolkit.Extensions.DependencyInjection,0.27.5,262,
2026-08-30,Ank.DocToolkit.Extensions.DependencyInjection,0.28.0,187,
2026-08-30,Ank.DocToolkit.Extensions.DependencyInjection,0.29.0,376,
2026-08-30,Ank.DocToolkit.Extensions.DependencyInjection,0.3.0,94,
2026-08-30,Ank.DocToolkit.Extensions.DependencyInjection,0.3.1,97,
2026-08-30,Ank.DocToolkit.Extensions.DependencyInjection,0.3.10,102,
2026-08-30,Ank.DocToolkit.Extensions.DependencyInjection,0.3.11,128,
2026-08-30,Ank.DocToolkit.Extensions.DependencyInjection,0.3.12,139,
2026-08-30,Ank.DocToolkit.Extensions.DependencyInjection,0.3.2,218,
2026-08-30,Ank.DocToolkit.Extensions.DependencyInjection,0.3.3,98,
2026-08-30,Ank.DocToolkit.Extensions.DependencyInjection,0.3.4,106,
2026-08-30,Ank.DocToolkit.Extensions.DependencyInjection,0.3.5,117,
2026-08-30,Ank.DocToolkit.Extensions.DependencyInjection,0.3.6,132,
2026-08-30,Ank.DocToolkit.Extensions.DependencyInjection,0.3.7,135,
2026-08-30,Ank.DocToolkit.Extensions.DependencyInjection,0.3.8,106,
2026-08-30,Ank.DocToolkit.Extensions.DependencyInjection,0.3.9,131,
2026-08-30,Ank.DocToolkit.Extensions.DependencyInjection,0.30.0,301,
2026-08-30,Ank.DocToolkit.Extensions.DependencyInjection,0.31.0,229,
2026-08-30,Ank.DocToolkit.Extensions.DependencyInjection,0.31.1,201,
2026-08-30,Ank.DocToolkit.Extensions.DependencyInjection,0.32.0,248,
2026-08-30,Ank.DocToolkit.Extensions.DependencyInjection,0.33.0,158,
2026-08-30,Ank.DocToolkit.Extensions.DependencyInjection,0.33.1,117,
2026-08-30,Ank.DocToolkit.Extensions.DependencyInjection,0.33.2,125,
2026-08-30,Ank.DocToolkit.Extensions.DependencyInjection,0.33.3,403,
2026-08-30,Ank.DocToolkit.Extensions.DependencyInjection,0.33.4,223,
2026-08-30,Ank.DocToolkit.Extensions.DependencyInjection,0.33.5,196,
2026-08-30,Ank.DocToolkit.Extensions.DependencyInjection,0.34.0,144,
2026-08-30,Ank.DocToolkit.Extensions.DependencyInjection,0.35.0,282,
2026-08-30,Ank.DocToolkit.Extensions.DependencyInjection,0.36.1,245,
2026-08-30,Ank.DocToolkit.Extensions.DependencyInjection,0.37.0,432,
2026-08-30,Ank.DocToolkit.Extensions.DependencyInjection,0.38.0,125,
2026-08-30,Ank.DocToolkit.Extensions.DependencyInjection,0.39.0,154,
2026-08-30,Ank.DocToolkit.Extensions.DependencyInjection,0.4.0,152,
2026-08-30,Ank.DocToolkit.Extensions.DependencyInjection,0.40.0,134,
2026-08-30,Ank.DocToolkit.Extensions.DependencyInjection,0.41.0,178,
2026-08-30,Ank.DocToolkit.Extensions.DependencyInjection,0.42.0,626,
2026-08-30,Ank.DocToolkit.Extensions.DependencyInjection,0.43.0,78,
2026-08-30,Ank.DocToolkit.Extensions.DependencyInjection,0.44.0,181,
2026-08-30,Ank.DocToolkit.Extensions.DependencyInjection,0.44.1,71,
2026-08-30,Ank.DocToolkit.Extensions.DependencyInjection,0.45.0,0,
2026-08-30,Ank.DocToolkit.Extensions.DependencyInjection,0.45.1,0,
2026-08-30,Ank.DocToolkit.Extensions.DependencyInjection,0.46.0,0,
2026-08-30,Ank.DocToolkit.Extensions.DependencyInjection,0.5.0,163,
2026-08-30,Ank.DocToolkit.Extensions.DependencyInjection,0.6.0,134,
2026-08-30,Ank.DocToolkit.Extensions.DependencyInjection,0.7.0,183,
2026-08-30,Ank.DocToolkit.Extensions.DependencyInjection,0.8.0,142,
2026-08-30,Ank.DocToolkit.Extensions.DependencyInjection,0.9.0,225,
2026-08-31,Ank.DocToolkit,0.1.0,358,
2026-08-31,Ank.DocToolkit,0.10.0,459,
2026-08-31,Ank.DocToolkit,0.11.0,1069,
2026-08-31,Ank.DocToolkit,0.12.0,892,
2026-08-31,Ank.DocToolkit,0.13.0,355,
2026-08-31,Ank.DocToolkit,0.14.0,328,
2026-08-31,Ank.DocToolkit,0.15.0,343,
2026-08-31,Ank.DocToolkit,0.16.0,361,
2026-08-31,Ank.DocToolkit,0.18.0,162,
2026-08-31,Ank.DocToolkit,0.18.1,338,
2026-08-31,Ank.DocToolkit,0.19.0,138,
2026-08-31,Ank.DocToolkit,0.19.1,259,
2026-08-31,Ank.DocToolkit,0.2.0,1486,
2026-08-31,Ank.DocToolkit,0.2.1,232,
2026-08-31,Ank.DocToolkit,0.2.2,100,
2026-08-31,Ank.DocToolkit,0.20.0,326,
2026-08-31,Ank.DocToolkit,0.21.0,229,
2026-08-31,Ank.DocToolkit,0.22.0,456,
2026-08-31,Ank.DocToolkit,0.23.0,133,
2026-08-31,Ank.DocToolkit,0.24.0,767,
2026-08-31,Ank.DocToolkit,0.25.0,297,
2026-08-31,Ank.DocToolkit,0.26.0,1325,
2026-08-31,Ank.DocToolkit,0.27.0,411,
2026-08-31,Ank.DocToolkit,0.27.1,207,
2026-08-31,Ank.DocToolkit,0.27.2,263,
2026-08-31,Ank.DocToolkit,0.27.3,120,
2026-08-31,Ank.DocToolkit,0.27.4,231,
2026-08-31,Ank.DocToolkit,0.27.5,276,
2026-08-31,Ank.DocToolkit,0.28.0,560,
2026-08-31,Ank.DocToolkit,0.29.0,413,
2026-08-31,Ank.DocToolkit,0.3.0,97,
2026-08-31,Ank.DocToolkit,0.3.1,96,
2026-08-31,Ank.DocToolkit,0.3.10,103,
2026-08-31,Ank.DocToolkit,0.3.11,128,
2026-08-31,Ank.DocToolkit,0.3.12,140,
2026-08-31,Ank.DocToolkit,0.3.2,222,
2026-08-31,Ank.DocToolkit,0.3.3,96,
2026-08-31,Ank.DocToolkit,0.3.4,103,
2026-08-31,Ank.DocToolkit,0.3.5,121,
2026-08-31,Ank.DocToolkit,0.3.6,134,
2026-08-31,Ank.DocToolkit,0.3.7,123,
2026-08-31,Ank.DocToolkit,0.3.8,110,
2026-08-31,Ank.DocToolkit,0.3.9,127,
2026-08-31,Ank.DocToolkit,0.30.0,335,
2026-08-31,Ank.DocToolkit,0.31.0,246,
2026-08-31,Ank.DocToolkit,0.31.1,217,
2026-08-31,Ank.DocToolkit,0.32.0,1190,
2026-08-31,Ank.DocToolkit,0.33.0,158,
2026-08-31,Ank.DocToolkit,0.33.1,120,
2026-08-31,Ank.DocToolkit,0.33.2,130,
2026-08-31,Ank.DocToolkit,0.33.3,436,
2026-08-31,Ank.DocToolkit,0.33.4,242,
2026-08-31,Ank.DocToolkit,0.33.5,212,
2026-08-31,Ank.DocToolkit,0.34.0,666,
2026-08-31,Ank.DocToolkit,0.35.0,387,
2026-08-31,Ank.DocToolkit,0.36.1,417,
2026-08-31,Ank.DocToolkit,0.37.0,487,
2026-08-31,Ank.DocToolkit,0.38.0,452,
2026-08-31,Ank.DocToolkit,0.39.0,179,
2026-08-31,Ank.DocToolkit,0.4.0,154,
2026-08-31,Ank.DocToolkit,0.40.0,133,
2026-08-31,Ank.DocToolkit,0.41.0,195,
2026-08-31,Ank.DocToolkit,0.42.0,701,
2026-08-31,Ank.DocToolkit,0.43.0,408,
2026-08-31,Ank.DocToolkit,0.44.0,199,
2026-08-31,Ank.DocToolkit,0.44.1,318,
2026-08-31,Ank.DocToolkit,0.45.0,155,
2026-08-31,Ank.DocToolkit,0.45.1,191,
2026-08-31,Ank.DocToolkit,0.46.0,162,
2026-08-31,Ank.DocToolkit,0.47.0,0,
2026-08-31,Ank.DocToolkit,0.48.0,0,
2026-08-31,Ank.DocToolkit,0.5.0,166,
2026-08-31,Ank.DocToolkit,0.6.0,140,
2026-08-31,Ank.DocToolkit,0.7.0,300,
2026-08-31,Ank.DocToolkit,0.8.0,450,
2026-08-31,Ank.DocToolkit,0.9.0,228,
2026-08-31,Ank.DocToolkit.Extensions.DependencyInjection,0.10.0,156,
2026-08-31,Ank.DocToolkit.Extensions.DependencyInjection,0.11.0,347,
2026-08-31,Ank.DocToolkit.Extensions.DependencyInjection,0.12.0,645,
2026-08-31,Ank.DocToolkit.Extensions.DependencyInjection,0.13.0,195,
2026-08-31,Ank.DocToolkit.Extensions.DependencyInjection,0.14.0,306,
2026-08-31,Ank.DocToolkit.Extensions.DependencyInjection,0.15.0,178,
2026-08-31,Ank.DocToolkit.Extensions.DependencyInjection,0.16.0,329,
2026-08-31,Ank.DocToolkit.Extensions.DependencyInjection,0.18.0,149,
2026-08-31,Ank.DocToolkit.Extensions.DependencyInjection,0.18.1,166,
2026-08-31,Ank.DocToolkit.Extensions.DependencyInjection,0.19.0,131,
2026-08-31,Ank.DocToolkit.Extensions.DependencyInjection,0.19.1,136,
2026-08-31,Ank.DocToolkit.Extensions.DependencyInjection,0.2.1,234,
2026-08-31,Ank.DocToolkit.Extensions.DependencyInjection,0.2.2,107,
2026-08-31,Ank.DocToolkit.Extensions.DependencyInjection,0.20.0,292,
2026-08-31,Ank.DocToolkit.Extensions.DependencyInjection,0.21.0,146,
2026-08-31,Ank.DocToolkit.Extensions.DependencyInjection,0.22.0,159,
2026-08-31,Ank.DocToolkit.Extensions.DependencyInjection,0.23.0,126,
2026-08-31,Ank.DocToolkit.Extensions.DependencyInjection,0.24.0,347,
2026-08-31,Ank.DocToolkit.Extensions.DependencyInjection,0.25.0,261,
2026-08-31,Ank.DocToolkit.Extensions.DependencyInjection,0.26.0,296,
2026-08-31,Ank.DocToolkit.Extensions.DependencyInjection,0.27.0,377,
2026-08-31,Ank.DocToolkit.Extensions.DependencyInjection,0.27.1,194,
2026-08-31,Ank.DocToolkit.Extensions.DependencyInjection,0.27.2,250,
2026-08-31,Ank.DocToolkit.Extensions.DependencyInjection,0.27.3,107,
2026-08-31,Ank.DocToolkit.Extensions.DependencyInjection,0.27.4,203,
2026-08-31,Ank.DocToolkit.Extensions.DependencyInjection,0.27.5,264,
2026-08-31,Ank.DocToolkit.Extensions.DependencyInjection,0.28.0,187,
2026-08-31,Ank.DocToolkit.Extensions.DependencyInjection,0.29.0,376,
2026-08-31,Ank.DocToolkit.Extensions.DependencyInjection,0.3.0,94,
2026-08-31,Ank.DocToolkit.Extensions.DependencyInjection,0.3.1,97,
2026-08-31,Ank.DocToolkit.Extensions.DependencyInjection,0.3.10,102,
2026-08-31,Ank.DocToolkit.Extensions.DependencyInjection,0.3.11,128,
2026-08-31,Ank.DocToolkit.Extensions.DependencyInjection,0.3.12,139,
2026-08-31,Ank.DocToolkit.Extensions.DependencyInjection,0.3.2,218,
2026-08-31,Ank.DocToolkit.Extensions.DependencyInjection,0.3.3,98,
2026-08-31,Ank.DocToolkit.Extensions.DependencyInjection,0.3.4,106,
2026-08-31,Ank.DocToolkit.Extensions.DependencyInjection,0.3.5,117,
2026-08-31,Ank.DocToolkit.Extensions.DependencyInjection,0.3.6,132,
2026-08-31,Ank.DocToolkit.Extensions.DependencyInjection,0.3.7,135,
2026-08-31,Ank.DocToolkit.Extensions.DependencyInjection,0.3.8,106,
2026-08-31,Ank.DocToolkit.Extensions.DependencyInjection,0.3.9,131,
2026-08-31,Ank.DocToolkit.Extensions.DependencyInjection,0.30.0,301,
2026-08-31,Ank.DocToolkit.Extensions.DependencyInjection,0.31.0,230,
2026-08-31,Ank.DocToolkit.Extensions.DependencyInjection,0.31.1,204,
2026-08-31,Ank.DocToolkit.Extensions.DependencyInjection,0.32.0,249,
2026-08-31,Ank.DocToolkit.Extensions.DependencyInjection,0.33.0,159,
2026-08-31,Ank.DocToolkit.Extensions.DependencyInjection,0.33.1,117,
2026-08-31,Ank.DocToolkit.Extensions.DependencyInjection,0.33.2,125,
2026-08-31,Ank.DocToolkit.Extensions.DependencyInjection,0.33.3,403,
2026-08-31,Ank.DocToolkit.Extensions.DependencyInjection,0.33.4,223,
2026-08-31,Ank.DocToolkit.Extensions.DependencyInjection,0.33.5,196,
2026-08-31,Ank.DocToolkit.Extensions.DependencyInjection,0.34.0,144,
2026-08-31,Ank.DocToolkit.Extensions.DependencyInjection,0.35.0,282,
2026-08-31,Ank.DocToolkit.Extensions.DependencyInjection,0.36.1,249,
2026-08-31,Ank.DocToolkit.Extensions.DependencyInjection,0.37.0,432,
2026-08-31,Ank.DocToolkit.Extensions.DependencyInjection,0.38.0,127,
2026-08-31,Ank.DocToolkit.Extensions.DependencyInjection,0.39.0,155,
2026-08-31,Ank.DocToolkit.Extensions.DependencyInjection,0.4.0,152,
2026-08-31,Ank.DocToolkit.Extensions.DependencyInjection,0.40.0,135,
2026-08-31,Ank.DocToolkit.Extensions.DependencyInjection,0.41.0,179,
2026-08-31,Ank.DocToolkit.Extensions.DependencyInjection,0.42.0,626,
2026-08-31,Ank.DocToolkit.Extensions.DependencyInjection,0.43.0,80,
2026-08-31,Ank.DocToolkit.Extensions.DependencyInjection,0.44.0,186,
2026-08-31,Ank.DocToolkit.Extensions.DependencyInjection,0.44.1,285,
2026-08-31,Ank.DocToolkit.Extensions.DependencyInjection,0.45.0,135,
2026-08-31,Ank.DocToolkit.Extensions.DependencyInjection,0.45.1,173,
2026-08-31,Ank.DocToolkit.Extensions.DependencyInjection,0.46.0,138,
2026-08-31,Ank.DocToolkit.Extensions.DependencyInjection,0.47.0,0,
2026-08-31,Ank.DocToolkit.Extensions.DependencyInjection,0.48.0,0,
2026-08-31,Ank.DocToolkit.Extensions.DependencyInjection,0.5.0,163,
2026-08-31,Ank.DocToolkit.Extensions.DependencyInjection,0.6.0,134,
2026-08-31,Ank.DocToolkit.Extensions.DependencyInjection,0.7.0,183,
2026-08-31,Ank.DocToolkit.Extensions.DependencyInjection,0.8.0,142,
2026-08-31,Ank.DocToolkit.Extensions.DependencyInjection,0.9.0,225,
2026-09-01,Ank.DocToolkit,0.1.0,358,
2026-09-01,Ank.DocToolkit,0.10.0,459,
2026-09-01,Ank.DocToolkit,0.11.0,1069,
2026-09-01,Ank.DocToolkit,0.12.0,892,
2026-09-01,Ank.DocToolkit,0.13.0,355,
2026-09-01,Ank.DocToolkit,0.14.0,328,
2026-09-01,Ank.DocToolkit,0.15.0,343,
2026-09-01,Ank.DocToolkit,0.16.0,361,
2026-09-01,Ank.DocToolkit,0.18.0,163,
2026-09-01,Ank.DocToolkit,0.18.1,339,
2026-09-01,Ank.DocToolkit,0.19.0,138,
2026-09-01,Ank.DocToolkit,0.19.1,259,
2026-09-01,Ank.DocToolkit,0.2.0,1486,
2026-09-01,Ank.DocToolkit,0.2.1,232,
2026-09-01,Ank.DocToolkit,0.2.2,100,
2026-09-01,Ank.DocToolkit,0.20.0,326,
2026-09-01,Ank.DocToolkit,0.21.0,229,
2026-09-01,Ank.DocToolkit,0.22.0,456,
2026-09-01,Ank.DocToolkit,0.23.0,133,
2026-09-01,Ank.DocToolkit,0.24.0,767,
2026-09-01,Ank.DocToolkit,0.25.0,297,
2026-09-01,Ank.DocToolkit,0.26.0,1325,
2026-09-01,Ank.DocToolkit,0.27.0,411,
2026-09-01,Ank.DocToolkit,0.27.1,207,
2026-09-01,Ank.DocToolkit,0.27.2,263,
2026-09-01,Ank.DocToolkit,0.27.3,120,
2026-09-01,Ank.DocToolkit,0.27.4,231,
2026-09-01,Ank.DocToolkit,0.27.5,276,
2026-09-01,Ank.DocToolkit,0.28.0,560,
2026-09-01,Ank.DocToolkit,0.29.0,413,
2026-09-01,Ank.DocToolkit,0.3.0,97,
2026-09-01,Ank.DocToolkit,0.3.1,96,
2026-09-01,Ank.DocToolkit,0.3.10,103,
2026-09-01,Ank.DocToolkit,0.3.11,128,
2026-09-01,Ank.DocToolkit,0.3.12,140,
2026-09-01,Ank.DocToolkit,0.3.2,223,
2026-09-01,Ank.DocToolkit,0.3.3,96,
2026-09-01,Ank.DocToolkit,0.3.4,103,
2026-09-01,Ank.DocToolkit,0.3.5,121,
2026-09-01,Ank.DocToolkit,0.3.6,134,
2026-09-01,Ank.DocToolkit,0.3.7,123,
2026-09-01,Ank.DocToolkit,0.3.8,110,
2026-09-01,Ank.DocToolkit,0.3.9,127,
2026-09-01,Ank.DocToolkit,0.30.0,335,
2026-09-01,Ank.DocToolkit,0.31.0,246,
2026-09-01,Ank.DocToolkit,0.31.1,217,
2026-09-01,Ank.DocToolkit,0.32.0,1190,
2026-09-01,Ank.DocToolkit,0.33.0,158,
2026-09-01,Ank.DocToolkit,0.33.1,120,
2026-09-01,Ank.DocToolkit,0.33.2,131,
2026-09-01,Ank.DocToolkit,0.33.3,436,
2026-09-01,Ank.DocToolkit,0.33.4,242,
2026-09-01,Ank.DocToolkit,0.33.5,212,
2026-09-01,Ank.DocToolkit,0.34.0,666,
2026-09-01,Ank.DocToolkit,0.35.0,387,
2026-09-01,Ank.DocToolkit,0.36.1,420,
2026-09-01,Ank.DocToolkit,0.37.0,487,
2026-09-01,Ank.DocToolkit,0.38.0,461,
2026-09-01,Ank.DocToolkit,0.39.0,186,
2026-09-01,Ank.DocToolkit,0.4.0,154,
2026-09-01,Ank.DocToolkit,0.40.0,140,
2026-09-01,Ank.DocToolkit,0.41.0,205,
2026-09-01,Ank.DocToolkit,0.42.0,709,
2026-09-01,Ank.DocToolkit,0.43.0,428,
2026-09-01,Ank.DocToolkit,0.44.0,207,
2026-09-01,Ank.DocToolkit,0.44.1,326,
2026-09-01,Ank.DocToolkit,0.45.0,166,
2026-09-01,Ank.DocToolkit,0.45.1,203,
2026-09-01,Ank.DocToolkit,0.46.0,325,
2026-09-01,Ank.DocToolkit,0.47.0,188,
2026-09-01,Ank.DocToolkit,0.48.0,272,
2026-09-01,Ank.DocToolkit,0.49.0,117,
2026-09-01,Ank.DocToolkit,0.5.0,167,
2026-09-01,Ank.DocToolkit,0.50.0,0,
2026-09-01,Ank.DocToolkit,0.51.0,0,
2026-09-01,Ank.DocToolkit,0.52.0,0,
2026-09-01,Ank.DocToolkit,0.53.0,0,
2026-09-01,Ank.DocToolkit,0.6.0,140,
2026-09-01,Ank.DocToolkit,0.7.0,300,
2026-09-01,Ank.DocToolkit,0.8.0,450,
2026-09-01,Ank.DocToolkit,0.9.0,228,
2026-09-01,Ank.DocToolkit.Extensions.DependencyInjection,0.10.0,156,
2026-09-01,Ank.DocToolkit.Extensions.DependencyInjection,0.11.0,347,
2026-09-01,Ank.DocToolkit.Extensions.DependencyInjection,0.12.0,645,
2026-09-01,Ank.DocToolkit.Extensions.DependencyInjection,0.13.0,195,
2026-09-01,Ank.DocToolkit.Extensions.DependencyInjection,0.14.0,306,
2026-09-01,Ank.DocToolkit.Extensions.DependencyInjection,0.15.0,178,
2026-09-01,Ank.DocToolkit.Extensions.DependencyInjection,0.16.0,329,
2026-09-01,Ank.DocToolkit.Extensions.DependencyInjection,0.18.0,150,
2026-09-01,Ank.DocToolkit.Extensions.DependencyInjection,0.18.1,167,
2026-09-01,Ank.DocToolkit.Extensions.DependencyInjection,0.19.0,131,
2026-09-01,Ank.DocToolkit.Extensions.DependencyInjection,0.19.1,136,
2026-09-01,Ank.DocToolkit.Extensions.DependencyInjection,0.2.1,234,
2026-09-01,Ank.DocToolkit.Extensions.DependencyInjection,0.2.2,107,
2026-09-01,Ank.DocToolkit.Extensions.DependencyInjection,0.20.0,292,
2026-09-01,Ank.DocToolkit.Extensions.DependencyInjection,0.21.0,146,
2026-09-01,Ank.DocToolkit.Extensions.DependencyInjection,0.22.0,159,
2026-09-01,Ank.DocToolkit.Extensions.DependencyInjection,0.23.0,126,
2026-09-01,Ank.DocToolkit.Extensions.DependencyInjection,0.24.0,347,
2026-09-01,Ank.DocToolkit.Extensions.DependencyInjection,0.25.0,261,
2026-09-01,Ank.DocToolkit.Extensions.DependencyInjection,0.26.0,296,
2026-09-01,Ank.DocToolkit.Extensions.DependencyInjection,0.27.0,377,
2026-09-01,Ank.DocToolkit.Extensions.DependencyInjection,0.27.1,194,
2026-09-01,Ank.DocToolkit.Extensions.DependencyInjection,0.27.2,250,
2026-09-01,Ank.DocToolkit.Extensions.DependencyInjection,0.27.3,108,
2026-09-01,Ank.DocToolkit.Extensions.DependencyInjection,0.27.4,203,
2026-09-01,Ank.DocToolkit.Extensions.DependencyInjection,0.27.5,264,
2026-09-01,Ank.DocToolkit.Extensions.DependencyInjection,0.28.0,187,
2026-09-01,Ank.DocToolkit.Extensions.DependencyInjection,0.29.0,376,
2026-09-01,Ank.DocToolkit.Extensions.DependencyInjection,0.3.0,94,
2026-09-01,Ank.DocToolkit.Extensions.DependencyInjection,0.3.1,97,
2026-09-01,Ank.DocToolkit.Extensions.DependencyInjection,0.3.10,102,
2026-09-01,Ank.DocToolkit.Extensions.DependencyInjection,0.3.11,128,
2026-09-01,Ank.DocToolkit.Extensions.DependencyInjection,0.3.12,139,
2026-09-01,Ank.DocToolkit.Extensions.DependencyInjection,0.3.2,219,
2026-09-01,Ank.DocToolkit.Extensions.DependencyInjection,0.3.3,98,
2026-09-01,Ank.DocToolkit.Extensions.DependencyInjection,0.3.4,106,
2026-09-01,Ank.DocToolkit.Extensions.DependencyInjection,0.3.5,117,
2026-09-01,Ank.DocToolkit.Extensions.DependencyInjection,0.3.6,132,
2026-09-01,Ank.DocToolkit.Extensions.DependencyInjection,0.3.7,135,
2026-09-01,Ank.DocToolkit.Extensions.DependencyInjection,0.3.8,106,
2026-09-01,Ank.DocToolkit.Extensions.DependencyInjection,0.3.9,131,
2026-09-01,Ank.DocToolkit.Extensions.DependencyInjection,0.30.0,301,
2026-09-01,Ank.DocToolkit.Extensions.DependencyInjection,0.31.0,230,
2026-09-01,Ank.DocToolkit.Extensions.DependencyInjection,0.31.1,204,
2026-09-01,Ank.DocToolkit.Extensions.DependencyInjection,0.32.0,249,
2026-09-01,Ank.DocToolkit.Extensions.DependencyInjection,0.33.0,161,
2026-09-01,Ank.DocToolkit.Extensions.DependencyInjection,0.33.1,117,
2026-09-01,Ank.DocToolkit.Extensions.DependencyInjection,0.33.2,126,
2026-09-01,Ank.DocToolkit.Extensions.DependencyInjection,0.33.3,403,
2026-09-01,Ank.DocToolkit.Extensions.DependencyInjection,0.33.4,225,
2026-09-01,Ank.DocToolkit.Extensions.DependencyInjection,0.33.5,197,
2026-09-01,Ank.DocToolkit.Extensions.DependencyInjection,0.34.0,144,
2026-09-01,Ank.DocToolkit.Extensions.DependencyInjection,0.35.0,283,
2026-09-01,Ank.DocToolkit.Extensions.DependencyInjection,0.36.1,249,
2026-09-01,Ank.DocToolkit.Extensions.DependencyInjection,0.37.0,436,
2026-09-01,Ank.DocToolkit.Extensions.DependencyInjection,0.38.0,137,
2026-09-01,Ank.DocToolkit.Extensions.DependencyInjection,0.39.0,162,
2026-09-01,Ank.DocToolkit.Extensions.DependencyInjection,0.4.0,152,
2026-09-01,Ank.DocToolkit.Extensions.DependencyInjection,0.40.0,143,
2026-09-01,Ank.DocToolkit.Extensions.DependencyInjection,0.41.0,189,
2026-09-01,Ank.DocToolkit.Extensions.DependencyInjection,0.42.0,634,
2026-09-01,Ank.DocToolkit.Extensions.DependencyInjection,0.43.0,89,
2026-09-01,Ank.DocToolkit.Extensions.DependencyInjection,0.44.0,193,
2026-09-01,Ank.DocToolkit.Extensions.DependencyInjection,0.44.1,291,
2026-09-01,Ank.DocToolkit.Extensions.DependencyInjection,0.45.0,145,
2026-09-01,Ank.DocToolkit.Extensions.DependencyInjection,0.45.1,184,
2026-09-01,Ank.DocToolkit.Extensions.DependencyInjection,0.46.0,161,
2026-09-01,Ank.DocToolkit.Extensions.DependencyInjection,0.47.0,168,
2026-09-01,Ank.DocToolkit.Extensions.DependencyInjection,0.48.0,102,
2026-09-01,Ank.DocToolkit.Extensions.DependencyInjection,0.49.0,165,
2026-09-01,Ank.DocToolkit.Extensions.DependencyInjection,0.5.0,164,
2026-09-01,Ank.DocToolkit.Extensions.DependencyInjection,0.50.0,0,
2026-09-01,Ank.DocToolkit.Extensions.DependencyInjection,0.51.0,0,
2026-09-01,Ank.DocToolkit.Extensions.DependencyInjection,0.52.0,0,
2026-09-01,Ank.DocToolkit.Extensions.DependencyInjection,0.53.0,0,
2026-09-01,Ank.DocToolkit.Extensions.DependencyInjection,0.6.0,134,
2026-09-01,Ank.DocToolkit.Extensions.DependencyInjection,0.7.0,183,
2026-09-01,Ank.DocToolkit.Extensions.DependencyInjection,0.8.0,142,
2026-09-01,Ank.DocToolkit.Extensions.DependencyInjection,0.9.0,225,
2026-09-02,Ank.DocToolkit,0.1.0,358,
2026-09-02,Ank.DocToolkit,0.10.0,459,
2026-09-02,Ank.DocToolkit,0.11.0,1069,
2026-09-02,Ank.DocToolkit,0.12.0,892,
2026-09-02,Ank.DocToolkit,0.13.0,355,
2026-09-02,Ank.DocToolkit,0.14.0,328,
2026-09-02,Ank.DocToolkit,0.15.0,343,
2026-09-02,Ank.DocToolkit,0.16.0,361,
2026-09-02,Ank.DocToolkit,0.18.0,163,
2026-09-02,Ank.DocToolkit,0.18.1,339,
2026-09-02,Ank.DocToolkit,0.19.0,138,
2026-09-02,Ank.DocToolkit,0.19.1,259,
2026-09-02,Ank.DocToolkit,0.2.0,1486,
2026-09-02,Ank.DocToolkit,0.2.1,232,
2026-09-02,Ank.DocToolkit,0.2.2,100,
2026-09-02,Ank.DocToolkit,0.20.0,326,
2026-09-02,Ank.DocToolkit,0.21.0,229,
2026-09-02,Ank.DocToolkit,0.22.0,456,
2026-09-02,Ank.DocToolkit,0.23.0,133,
2026-09-02,Ank.DocToolkit,0.24.0,767,
2026-09-02,Ank.DocToolkit,0.25.0,297,
2026-09-02,Ank.DocToolkit,0.26.0,1327,
2026-09-02,Ank.DocToolkit,0.27.0,411,
2026-09-02,Ank.DocToolkit,0.27.1,207,
2026-09-02,Ank.DocToolkit,0.27.2,263,
2026-09-02,Ank.DocToolkit,0.27.3,120,
2026-09-02,Ank.DocToolkit,0.27.4,231,
2026-09-02,Ank.DocToolkit,0.27.5,276,
2026-09-02,Ank.DocToolkit,0.28.0,560,
2026-09-02,Ank.DocToolkit,0.29.0,413,
2026-09-02,Ank.DocToolkit,0.3.0,97,
2026-09-02,Ank.DocToolkit,0.3.1,96,
2026-09-02,Ank.DocToolkit,0.3.10,103,
2026-09-02,Ank.DocToolkit,0.3.11,128,
2026-09-02,Ank.DocToolkit,0.3.12,140,
2026-09-02,Ank.DocToolkit,0.3.2,223,
2026-09-02,Ank.DocToolkit,0.3.3,96,
2026-09-02,Ank.DocToolkit,0.3.4,103,
2026-09-02,Ank.DocToolkit,0.3.5,121,
2026-09-02,Ank.DocToolkit,0.3.6,134,
2026-09-02,Ank.DocToolkit,0.3.7,123,
2026-09-02,Ank.DocToolkit,0.3.8,110,
2026-09-02,Ank.DocToolkit,0.3.9,127,
2026-09-02,Ank.DocToolkit,0.30.0,335,
2026-09-02,Ank.DocToolkit,0.31.0,246,
2026-09-02,Ank.DocToolkit,0.31.1,217,
2026-09-02,Ank.DocToolkit,0.32.0,1190,
2026-09-02,Ank.DocToolkit,0.33.0,158,
2026-09-02,Ank.DocToolkit,0.33.1,120,
2026-09-02,Ank.DocToolkit,0.33.2,132,
2026-09-02,Ank.DocToolkit,0.33.3,437,
2026-09-02,Ank.DocToolkit,0.33.4,243,
2026-09-02,Ank.DocToolkit,0.33.5,213,
2026-09-02,Ank.DocToolkit,0.34.0,667,
2026-09-02,Ank.DocToolkit,0.35.0,388,
2026-09-02,Ank.DocToolkit,0.36.1,420,
2026-09-02,Ank.DocToolkit,0.37.0,489,
2026-09-02,Ank.DocToolkit,0.38.0,476,
2026-09-02,Ank.DocToolkit,0.39.0,190,
2026-09-02,Ank.DocToolkit,0.4.0,154,
2026-09-02,Ank.DocToolkit,0.40.0,142,
2026-09-02,Ank.DocToolkit,0.41.0,207,
2026-09-02,Ank.DocToolkit,0.42.0,711,
2026-09-02,Ank.DocToolkit,0.43.0,451,
2026-09-02,Ank.DocToolkit,0.44.0,212,
2026-09-02,Ank.DocToolkit,0.44.1,330,
2026-09-02,Ank.DocToolkit,0.45.0,172,
2026-09-02,Ank.DocToolkit,0.45.1,209,
2026-09-02,Ank.DocToolkit,0.46.0,334,
2026-09-02,Ank.DocToolkit,0.47.0,199,
2026-09-02,Ank.DocToolkit,0.48.0,292,
2026-09-02,Ank.DocToolkit,0.49.0,231,
2026-09-02,Ank.DocToolkit,0.5.0,167,
2026-09-02,Ank.DocToolkit,0.50.0,342,
2026-09-02,Ank.DocToolkit,0.51.0,39,
2026-09-02,Ank.DocToolkit,0.52.0,245,
2026-09-02,Ank.DocToolkit,0.53.0,120,
2026-09-02,Ank.DocToolkit,0.54.0,224,
2026-09-02,Ank.DocToolkit,0.55.0,133,
2026-09-02,Ank.DocToolkit,0.56.0,0,
2026-09-02,Ank.DocToolkit,0.57.0,0,
2026-09-02,Ank.DocToolkit,0.57.1,0,
2026-09-02,Ank.DocToolkit,0.6.0,140,
2026-09-02,Ank.DocToolkit,0.7.0,300,
2026-09-02,Ank.DocToolkit,0.8.0,450,
2026-09-02,Ank.DocToolkit,0.9.0,228,
2026-09-02,Ank.DocToolkit.Extensions.DependencyInjection,0.10.0,156,
2026-09-02,Ank.DocToolkit.Extensions.DependencyInjection,0.11.0,347,
2026-09-02,Ank.DocToolkit.Extensions.DependencyInjection,0.12.0,645,
2026-09-02,Ank.DocToolkit.Extensions.DependencyInjection,0.13.0,195,
2026-09-02,Ank.DocToolkit.Extensions.DependencyInjection,0.14.0,306,
2026-09-02,Ank.DocToolkit.Extensions.DependencyInjection,0.15.0,178,
2026-09-02,Ank.DocToolkit.Extensions.DependencyInjection,0.16.0,329,
2026-09-02,Ank.DocToolkit.Extensions.DependencyInjection,0.18.0,150,
2026-09-02,Ank.DocToolkit.Extensions.DependencyInjection,0.18.1,167,
2026-09-02,Ank.DocToolkit.Extensions.DependencyInjection,0.19.0,131,
2026-09-02,Ank.DocToolkit.Extensions.DependencyInjection,0.19.1,136,
2026-09-02,Ank.DocToolkit.Extensions.DependencyInjection,0.2.1,234,
2026-09-02,Ank.DocToolkit.Extensions.DependencyInjection,0.2.2,107,
2026-09-02,Ank.DocToolkit.Extensions.DependencyInjection,0.20.0,292,
2026-09-02,Ank.DocToolkit.Extensions.DependencyInjection,0.21.0,146,
2026-09-02,Ank.DocToolkit.Extensions.DependencyInjection,0.22.0,159,
2026-09-02,Ank.DocToolkit.Extensions.DependencyInjection,0.23.0,126,
2026-09-02,Ank.DocToolkit.Extensions.DependencyInjection,0.24.0,347,
2026-09-02,Ank.DocToolkit.Extensions.DependencyInjection,0.25.0,261,
2026-09-02,Ank.DocToolkit.Extensions.DependencyInjection,0.26.0,296,
2026-09-02,Ank.DocToolkit.Extensions.DependencyInjection,0.27.0,377,
2026-09-02,Ank.DocToolkit.Extensions.DependencyInjection,0.27.1,194,
2026-09-02,Ank.DocToolkit.Extensions.DependencyInjection,0.27.2,250,
2026-09-02,Ank.DocToolkit.Extensions.DependencyInjection,0.27.3,108,
2026-09-02,Ank.DocToolkit.Extensions.DependencyInjection,0.27.4,203,
2026-09-02,Ank.DocToolkit.Extensions.DependencyInjection,0.27.5,264,
2026-09-02,Ank.DocToolkit.Extensions.DependencyInjection,0.28.0,187,
2026-09-02,Ank.DocToolkit.Extensions.DependencyInjection,0.29.0,376,
2026-09-02,Ank.DocToolkit.Extensions.DependencyInjection,0.3.0,94,
2026-09-02,Ank.DocToolkit.Extensions.DependencyInjection,0.3.1,97,
2026-09-02,Ank.DocToolkit.Extensions.DependencyInjection,0.3.10,102,
2026-09-02,Ank.DocToolkit.Extensions.DependencyInjection,0.3.11,128,
2026-09-02,Ank.DocToolkit.Extensions.DependencyInjection,0.3.12,139,
2026-09-02,Ank.DocToolkit.Extensions.DependencyInjection,0.3.2,219,
2026-09-02,Ank.DocToolkit.Extensions.DependencyInjection,0.3.3,98,
2026-09-02,Ank.DocToolkit.Extensions.DependencyInjection,0.3.4,106,
2026-09-02,Ank.DocToolkit.Extensions.DependencyInjection,0.3.5,117,
2026-09-02,Ank.DocToolkit.Extensions.DependencyInjection,0.3.6,132,
2026-09-02,Ank.DocToolkit.Extensions.DependencyInjection,0.3.7,135,
2026-09-02,Ank.DocToolkit.Extensions.DependencyInjection,0.3.8,106,
2026-09-02,Ank.DocToolkit.Extensions.DependencyInjection,0.3.9,131,
2026-09-02,Ank.DocToolkit.Extensions.DependencyInjection,0.30.0,301,
2026-09-02,Ank.DocToolkit.Extensions.DependencyInjection,0.31.0,230,
2026-09-02,Ank.DocToolkit.Extensions.DependencyInjection,0.31.1,204,
2026-09-02,Ank.DocToolkit.Extensions.DependencyInjection,0.32.0,249,
2026-09-02,Ank.DocToolkit.Extensions.DependencyInjection,0.33.0,161,
2026-09-02,Ank.DocToolkit.Extensions.DependencyInjection,0.33.1,117,
2026-09-02,Ank.DocToolkit.Extensions.DependencyInjection,0.33.2,126,
2026-09-02,Ank.DocToolkit.Extensions.DependencyInjection,0.33.3,403,
2026-09-02,Ank.DocToolkit.Extensions.DependencyInjection,0.33.4,225,
2026-09-02,Ank.DocToolkit.Extensions.DependencyInjection,0.33.5,197,
2026-09-02,Ank.DocToolkit.Extensions.DependencyInjection,0.34.0,145,
2026-09-02,Ank.DocToolkit.Extensions.DependencyInjection,0.35.0,283,
2026-09-02,Ank.DocToolkit.Extensions.DependencyInjection,0.36.1,250,
2026-09-02,Ank.DocToolkit.Extensions.DependencyInjection,0.37.0,436,
2026-09-02,Ank.DocToolkit.Extensions.DependencyInjection,0.38.0,138,
2026-09-02,Ank.DocToolkit.Extensions.DependencyInjection,0.39.0,174,
2026-09-02,Ank.DocToolkit.Extensions.DependencyInjection,0.4.0,152,
2026-09-02,Ank.DocToolkit.Extensions.DependencyInjection,0.40.0,153,
2026-09-02,Ank.DocToolkit.Extensions.DependencyInjection,0.41.0,200,
2026-09-02,Ank.DocToolkit.Extensions.DependencyInjection,0.42.0,644,
2026-09-02,Ank.DocToolkit.Extensions.DependencyInjection,0.43.0,101,
2026-09-02,Ank.DocToolkit.Extensions.DependencyInjection,0.44.0,205,
2026-09-02,Ank.DocToolkit.Extensions.DependencyInjection,0.44.1,304,
2026-09-02,Ank.DocToolkit.Extensions.DependencyInjection,0.45.0,159,
2026-09-02,Ank.DocToolkit.Extensions.DependencyInjection,0.45.1,197,
2026-09-02,Ank.DocToolkit.Extensions.DependencyInjection,0.46.0,173,
2026-09-02,Ank.DocToolkit.Extensions.DependencyInjection,0.47.0,185,
2026-09-02,Ank.DocToolkit.Extensions.DependencyInjection,0.48.0,121,
2026-09-02,Ank.DocToolkit.Extensions.DependencyInjection,0.49.0,192,
2026-09-02,Ank.DocToolkit.Extensions.DependencyInjection,0.5.0,164,
2026-09-02,Ank.DocToolkit.Extensions.DependencyInjection,0.50.0,134,
2026-09-02,Ank.DocToolkit.Extensions.DependencyInjection,0.51.0,47,
2026-09-02,Ank.DocToolkit.Extensions.DependencyInjection,0.52.0,183,
2026-09-02,Ank.DocToolkit.Extensions.DependencyInjection,0.53.0,119,
2026-09-02,Ank.DocToolkit.Extensions.DependencyInjection,0.54.0,109,
2026-09-02,Ank.DocToolkit.Extensions.DependencyInjection,0.55.0,128,
2026-09-02,Ank.DocToolkit.Extensions.DependencyInjection,0.56.0,0,
2026-09-02,Ank.DocToolkit.Extensions.DependencyInjection,0.57.0,0,
2026-09-02,Ank.DocToolkit.Extensions.DependencyInjection,0.57.1,0,
2026-09-02,Ank.DocToolkit.Extensions.DependencyInjection,0.6.0,134,
2026-09-02,Ank.DocToolkit.Extensions.DependencyInjection,0.7.0,183,
2026-09-02,Ank.DocToolkit.Extensions.DependencyInjection,0.8.0,142,
2026-09-02,Ank.DocToolkit.Extensions.DependencyInjection,0.9.0,225,
2026-09-03,Ank.DocToolkit,0.1.0,358,
2026-09-03,Ank.DocToolkit,0.10.0,460,
2026-09-03,Ank.DocToolkit,0.11.0,1070,
2026-09-03,Ank.DocToolkit,0.12.0,893,
2026-09-03,Ank.DocToolkit,0.13.0,356,
2026-09-03,Ank.DocToolkit,0.14.0,329,
2026-09-03,Ank.DocToolkit,0.15.0,344,
2026-09-03,Ank.DocToolkit,0.16.0,362,
2026-09-03,Ank.DocToolkit,0.18.0,164,
2026-09-03,Ank.DocToolkit,0.18.1,340,
2026-09-03,Ank.DocToolkit,0.19.0,139,
2026-09-03,Ank.DocToolkit,0.19.1,260,
2026-09-03,Ank.DocToolkit,0.2.0,1486,
2026-09-03,Ank.DocToolkit,0.2.1,232,
2026-09-03,Ank.DocToolkit,0.2.2,100,
2026-09-03,Ank.DocToolkit,0.20.0,327,
2026-09-03,Ank.DocToolkit,0.21.0,230,
2026-09-03,Ank.DocToolkit,0.22.0,457,
2026-09-03,Ank.DocToolkit,0.23.0,134,
2026-09-03,Ank.DocToolkit,0.24.0,768,
2026-09-03,Ank.DocToolkit,0.25.0,298,
2026-09-03,Ank.DocToolkit,0.26.0,1328,
2026-09-03,Ank.DocToolkit,0.27.0,412,
2026-09-03,Ank.DocToolkit,0.27.1,208,
2026-09-03,Ank.DocToolkit,0.27.2,264,
2026-09-03,Ank.DocToolkit,0.27.3,121,
2026-09-03,Ank.DocToolkit,0.27.4,232,
2026-09-03,Ank.DocToolkit,0.27.5,277,
2026-09-03,Ank.DocToolkit,0.28.0,561,
2026-09-03,Ank.DocToolkit,0.29.0,414,
2026-09-03,Ank.DocToolkit,0.3.0,97,
2026-09-03,Ank.DocToolkit,0.3.1,96,
2026-09-03,Ank.DocToolkit,0.3.10,104,
2026-09-03,Ank.DocToolkit,0.3.11,129,
2026-09-03,Ank.DocToolkit,0.3.12,141,
2026-09-03,Ank.DocToolkit,0.3.2,223,
2026-09-03,Ank.DocToolkit,0.3.3,96,
2026-09-03,Ank.DocToolkit,0.3.4,103,
2026-09-03,Ank.DocToolkit,0.3.5,121,
2026-09-03,Ank.DocToolkit,0.3.6,134,
2026-09-03,Ank.DocToolkit,0.3.7,124,
2026-09-03,Ank.DocToolkit,0.3.8,111,
2026-09-03,Ank.DocToolkit,0.3.9,128,
2026-09-03,Ank.DocToolkit,0.30.0,336,
2026-09-03,Ank.DocToolkit,0.31.0,247,
2026-09-03,Ank.DocToolkit,0.31.1,218,
2026-09-03,Ank.DocToolkit,0.32.0,1191,
2026-09-03,Ank.DocToolkit,0.33.0,159,
2026-09-03,Ank.DocToolkit,0.33.1,121,
2026-09-03,Ank.DocToolkit,0.33.2,133,
2026-09-03,Ank.DocToolkit,0.33.3,438,
2026-09-03,Ank.DocToolkit,0.33.4,244,
2026-09-03,Ank.DocToolkit,0.33.5,214,
2026-09-03,Ank.DocToolkit,0.34.0,670,
2026-09-03,Ank.DocToolkit,0.35.0,390,
2026-09-03,Ank.DocToolkit,0.36.1,422,
2026-09-03,Ank.DocToolkit,0.37.0,491,
2026-09-03,Ank.DocToolkit,0.38.0,478,
2026-09-03,Ank.DocToolkit,0.39.0,191,
2026-09-03,Ank.DocToolkit,0.4.0,155,
2026-09-03,Ank.DocToolkit,0.40.0,156,
2026-09-03,Ank.DocToolkit,0.41.0,218,
2026-09-03,Ank.DocToolkit,0.42.0,721,
2026-09-03,Ank.DocToolkit,0.43.0,466,
2026-09-03,Ank.DocToolkit,0.44.0,221,
2026-09-03,Ank.DocToolkit,0.44.1,340,
2026-09-03,Ank.DocToolkit,0.45.0,182,
2026-09-03,Ank.DocToolkit,0.45.1,219,
2026-09-03,Ank.DocToolkit,0.46.0,345,
2026-09-03,Ank.DocToolkit,0.47.0,210,
2026-09-03,Ank.DocToolkit,0.48.0,304,
2026-09-03,Ank.DocToolkit,0.49.0,243,
2026-09-03,Ank.DocToolkit,0.5.0,168,
2026-09-03,Ank.DocToolkit,0.50.0,355,
2026-09-03,Ank.DocToolkit,0.51.0,51,
2026-09-03,Ank.DocToolkit,0.52.0,259,
2026-09-03,Ank.DocToolkit,0.53.0,134,
2026-09-03,Ank.DocToolkit,0.54.0,312,
2026-09-03,Ank.DocToolkit,0.55.0,168,
2026-09-03,Ank.DocToolkit,0.56.0,147,
2026-09-03,Ank.DocToolkit,0.57.0,164,
2026-09-03,Ank.DocToolkit,0.57.1,38,
2026-09-03,Ank.DocToolkit,0.6.0,141,
2026-09-03,Ank.DocToolkit,0.7.0,301,
2026-09-03,Ank.DocToolkit,0.8.0,451,
2026-09-03,Ank.DocToolkit,0.9.0,229,
2026-09-03,Ank.DocToolkit.Extensions.DependencyInjection,0.10.0,157,
2026-09-03,Ank.DocToolkit.Extensions.DependencyInjection,0.11.0,348,
2026-09-03,Ank.DocToolkit.Extensions.DependencyInjection,0.12.0,646,
2026-09-03,Ank.DocToolkit.Extensions.DependencyInjection,0.13.0,196,
2026-09-03,Ank.DocToolkit.Extensions.DependencyInjection,0.14.0,307,
2026-09-03,Ank.DocToolkit.Extensions.DependencyInjection,0.15.0,179,
2026-09-03,Ank.DocToolkit.Extensions.DependencyInjection,0.16.0,330,
2026-09-03,Ank.DocToolkit.Extensions.DependencyInjection,0.18.0,151,
2026-09-03,Ank.DocToolkit.Extensions.DependencyInjection,0.18.1,168,
2026-09-03,Ank.DocToolkit.Extensions.DependencyInjection,0.19.0,132,
2026-09-03,Ank.DocToolkit.Extensions.DependencyInjection,0.19.1,137,
2026-09-03,Ank.DocToolkit.Extensions.DependencyInjection,0.2.1,234,
2026-09-03,Ank.DocToolkit.Extensions.DependencyInjection,0.2.2,107,
2026-09-03,Ank.DocToolkit.Extensions.DependencyInjection,0.20.0,293,
2026-09-03,Ank.DocToolkit.Extensions.DependencyInjection,0.21.0,147,
2026-09-03,Ank.DocToolkit.Extensions.DependencyInjection,0.22.0,160,
2026-09-03,Ank.DocToolkit.Extensions.DependencyInjection,0.23.0,127,
2026-09-03,Ank.DocToolkit.Extensions.DependencyInjection,0.24.0,348,
2026-09-03,Ank.DocToolkit.Extensions.DependencyInjection,0.25.0,262,
2026-09-03,Ank.DocToolkit.Extensions.DependencyInjection,0.26.0,299,
2026-09-03,Ank.DocToolkit.Extensions.DependencyInjection,0.27.0,378,
2026-09-03,Ank.DocToolkit.Extensions.DependencyInjection,0.27.1,195,
2026-09-03,Ank.DocToolkit.Extensions.DependencyInjection,0.27.2,251,
2026-09-03,Ank.DocToolkit.Extensions.DependencyInjection,0.27.3,109,
2026-09-03,Ank.DocToolkit.Extensions.DependencyInjection,0.27.4,204,
2026-09-03,Ank.DocToolkit.Extensions.DependencyInjection,0.27.5,265,
2026-09-03,Ank.DocToolkit.Extensions.DependencyInjection,0.28.0,188,
2026-09-03,Ank.DocToolkit.Extensions.DependencyInjection,0.29.0,377,
2026-09-03,Ank.DocToolkit.Extensions.DependencyInjection,0.3.0,94,
2026-09-03,Ank.DocToolkit.Extensions.DependencyInjection,0.3.1,97,
2026-09-03,Ank.DocToolkit.Extensions.DependencyInjection,0.3.10,103,
2026-09-03,Ank.DocToolkit.Extensions.DependencyInjection,0.3.11,129,
2026-09-03,Ank.DocToolkit.Extensions.DependencyInjection,0.3.12,140,
2026-09-03,Ank.DocToolkit.Extensions.DependencyInjection,0.3.2,219,
2026-09-03,Ank.DocToolkit.Extensions.DependencyInjection,0.3.3,98,
2026-09-03,Ank.DocToolkit.Extensions.DependencyInjection,0.3.4,106,
2026-09-03,Ank.DocToolkit.Extensions.DependencyInjection,0.3.5,117,
2026-09-03,Ank.DocToolkit.Extensions.DependencyInjection,0.3.6,132,
2026-09-03,Ank.DocToolkit.Extensions.DependencyInjection,0.3.7,136,
2026-09-03,Ank.DocToolkit.Extensions.DependencyInjection,0.3.8,107,
2026-09-03,Ank.DocToolkit.Extensions.DependencyInjection,0.3.9,132,
2026-09-03,Ank.DocToolkit.Extensions.DependencyInjection,0.30.0,302,
2026-09-03,Ank.DocToolkit.Extensions.DependencyInjection,0.31.0,231,
2026-09-03,Ank.DocToolkit.Extensions.DependencyInjection,0.31.1,205,
2026-09-03,Ank.DocToolkit.Extensions.DependencyInjection,0.32.0,250,
2026-09-03,Ank.DocToolkit.Extensions.DependencyInjection,0.33.0,162,
2026-09-03,Ank.DocToolkit.Extensions.DependencyInjection,0.33.1,118,
2026-09-03,Ank.DocToolkit.Extensions.DependencyInjection,0.33.2,127,
2026-09-03,Ank.DocToolkit.Extensions.DependencyInjection,0.33.3,404,
2026-09-03,Ank.DocToolkit.Extensions.DependencyInjection,0.33.4,226,
2026-09-03,Ank.DocToolkit.Extensions.DependencyInjection,0.33.5,198,
2026-09-03,Ank.DocToolkit.Extensions.DependencyInjection,0.34.0,146,
2026-09-03,Ank.DocToolkit.Extensions.DependencyInjection,0.35.0,284,
2026-09-03,Ank.DocToolkit.Extensions.DependencyInjection,0.36.1,252,
2026-09-03,Ank.DocToolkit.Extensions.DependencyInjection,0.37.0,438,
2026-09-03,Ank.DocToolkit.Extensions.DependencyInjection,0.38.0,140,
2026-09-03,Ank.DocToolkit.Extensions.DependencyInjection,0.39.0,177,
2026-09-03,Ank.DocToolkit.Extensions.DependencyInjection,0.4.0,153,
2026-09-03,Ank.DocToolkit.Extensions.DependencyInjection,0.40.0,159,
2026-09-03,Ank.DocToolkit.Extensions.DependencyInjection,0.41.0,204,
2026-09-03,Ank.DocToolkit.Extensions.DependencyInjection,0.42.0,645,
2026-09-03,Ank.DocToolkit.Extensions.DependencyInjection,0.43.0,102,
2026-09-03,Ank.DocToolkit.Extensions.DependencyInjection,0.44.0,206,
2026-09-03,Ank.DocToolkit.Extensions.DependencyInjection,0.44.1,305,
2026-09-03,Ank.DocToolkit.Extensions.DependencyInjection,0.45.0,160,
2026-09-03,Ank.DocToolkit.Extensions.DependencyInjection,0.45.1,198,
2026-09-03,Ank.DocToolkit.Extensions.DependencyInjection,0.46.0,174,
2026-09-03,Ank.DocToolkit.Extensions.DependencyInjection,0.47.0,186,
2026-09-03,Ank.DocToolkit.Extensions.DependencyInjection,0.48.0,122,
2026-09-03,Ank.DocToolkit.Extensions.DependencyInjection,0.49.0,193,
2026-09-03,Ank.DocToolkit.Extensions.DependencyInjection,0.5.0,165,
2026-09-03,Ank.DocToolkit.Extensions.DependencyInjection,0.50.0,136,
2026-09-03,Ank.DocToolkit.Extensions.DependencyInjection,0.51.0,53,
2026-09-03,Ank.DocToolkit.Extensions.DependencyInjection,0.52.0,187,
2026-09-03,Ank.DocToolkit.Extensions.DependencyInjection,0.53.0,124,
2026-09-03,Ank.DocToolkit.Extensions.DependencyInjection,0.54.0,115,
2026-09-03,Ank.DocToolkit.Extensions.DependencyInjection,0.55.0,152,
2026-09-03,Ank.DocToolkit.Extensions.DependencyInjection,0.56.0,84,
2026-09-03,Ank.DocToolkit.Extensions.DependencyInjection,0.57.0,141,
2026-09-03,Ank.DocToolkit.Extensions.DependencyInjection,0.57.1,36,
2026-09-03,Ank.DocToolkit.Extensions.DependencyInjection,0.6.0,135,
2026-09-03,Ank.DocToolkit.Extensions.DependencyInjection,0.7.0,184,
2026-09-03,Ank.DocToolkit.Extensions.DependencyInjection,0.8.0,143,
2026-09-03,Ank.DocToolkit.Extensions.DependencyInjection,0.9.0,226,
2026-09-04,Ank.DocToolkit,0.1.0,359,
2026-09-04,Ank.DocToolkit,0.10.0,460,
2026-09-04,Ank.DocToolkit,0.11.0,1070,
2026-09-04,Ank.DocToolkit,0.12.0,893,
2026-09-04,Ank.DocToolkit,0.13.0,356,
2026-09-04,Ank.DocToolkit,0.14.0,329,
2026-09-04,Ank.DocToolkit,0.15.0,344,
2026-09-04,Ank.DocToolkit,0.16.0,362,
2026-09-04,Ank.DocToolkit,0.18.0,164,
2026-09-04,Ank.DocToolkit,0.18.1,340,
2026-09-04,Ank.DocToolkit,0.19.0,139,
2026-09-04,Ank.DocToolkit,0.19.1,260,
2026-09-04,Ank.DocToolkit,0.2.0,1487,
2026-09-04,Ank.DocToolkit,0.2.1,233,
2026-09-04,Ank.DocToolkit,0.2.2,101,
2026-09-04,Ank.DocToolkit,0.20.0,327,
2026-09-04,Ank.DocToolkit,0.21.0,230,
2026-09-04,Ank.DocToolkit,0.22.0,457,
2026-09-04,Ank.DocToolkit,0.23.0,134,
2026-09-04,Ank.DocToolkit,0.24.0,768,
2026-09-04,Ank.DocToolkit,0.25.0,298,
2026-09-04,Ank.DocToolkit,0.26.0,1328,
2026-09-04,Ank.DocToolkit,0.27.0,412,
2026-09-04,Ank.DocToolkit,0.27.1,210,
2026-09-04,Ank.DocToolkit,0.27.2,264,
2026-09-04,Ank.DocToolkit,0.27.3,121,
2026-09-04,Ank.DocToolkit,0.27.4,232,
2026-09-04,Ank.DocToolkit,0.27.5,277,
2026-09-04,Ank.DocToolkit,0.28.0,561,
2026-09-04,Ank.DocToolkit,0.29.0,414,
2026-09-04,Ank.DocToolkit,0.3.0,98,
2026-09-04,Ank.DocToolkit,0.3.1,97,
2026-09-04,Ank.DocToolkit,0.3.10,104,
2026-09-04,Ank.DocToolkit,0.3.11,129,
2026-09-04,Ank.DocToolkit,0.3.12,141,
2026-09-04,Ank.DocToolkit,0.3.2,224,
2026-09-04,Ank.DocToolkit,0.3.3,97,
2026-09-04,Ank.DocToolkit,0.3.4,104,
2026-09-04,Ank.DocToolkit,0.3.5,122,
2026-09-04,Ank.DocToolkit,0.3.6,135,
2026-09-04,Ank.DocToolkit,0.3.7,124,
2026-09-04,Ank.DocToolkit,0.3.8,111,
2026-09-04,Ank.DocToolkit,0.3.9,128,
2026-09-04,Ank.DocToolkit,0.30.0,336,
2026-09-04,Ank.DocToolkit,0.31.0,247,
2026-09-04,Ank.DocToolkit,0.31.1,218,
2026-09-04,Ank.DocToolkit,0.32.0,1191,
2026-09-04,Ank.DocToolkit,0.33.0,159,
2026-09-04,Ank.DocToolkit,0.33.1,121,
2026-09-04,Ank.DocToolkit,0.33.2,133,
2026-09-04,Ank.DocToolkit,0.33.3,438,
2026-09-04,Ank.DocToolkit,0.33.4,244,
2026-09-04,Ank.DocToolkit,0.33.5,214,
2026-09-04,Ank.DocToolkit,0.34.0,670,
2026-09-04,Ank.DocToolkit,0.35.0,390,
2026-09-04,Ank.DocToolkit,0.36.1,422,
2026-09-04,Ank.DocToolkit,0.37.0,491,
2026-09-04,Ank.DocToolkit,0.38.0,486,
2026-09-04,Ank.DocToolkit,0.39.0,192,
2026-09-04,Ank.DocToolkit,0.4.0,155,
2026-09-04,Ank.DocToolkit,0.40.0,156,
2026-09-04,Ank.DocToolkit,0.41.0,218,
2026-09-04,Ank.DocToolkit,0.42.0,721,
2026-09-04,Ank.DocToolkit,0.43.0,525,
2026-09-04,Ank.DocToolkit,0.44.0,243,
2026-09-04,Ank.DocToolkit,0.44.1,360,
2026-09-04,Ank.DocToolkit,0.45.0,202,
2026-09-04,Ank.DocToolkit,0.45.1,240,
2026-09-04,Ank.DocToolkit,0.46.0,374,
2026-09-04,Ank.DocToolkit,0.47.0,237,
2026-09-04,Ank.DocToolkit,0.48.0,331,
2026-09-04,Ank.DocToolkit,0.49.0,271,
2026-09-04,Ank.DocToolkit,0.5.0,168,
2026-09-04,Ank.DocToolkit,0.50.0,389,
2026-09-04,Ank.DocToolkit,0.51.0,74,
2026-09-04,Ank.DocToolkit,0.52.0,297,
2026-09-04,Ank.DocToolkit,0.53.0,159,
2026-09-04,Ank.DocToolkit,0.54.0,350,
2026-09-04,Ank.DocToolkit,0.55.0,190,
2026-09-04,Ank.DocToolkit,0.56.0,188,
2026-09-04,Ank.DocToolkit,0.57.0,185,
2026-09-04,Ank.DocToolkit,0.57.1,80,
2026-09-04,Ank.DocToolkit,0.6.0,141,
2026-09-04,Ank.DocToolkit,0.7.0,301,
2026-09-04,Ank.DocToolkit,0.8.0,451,
2026-09-04,Ank.DocToolkit,0.9.0,229,
2026-09-04,Ank.DocToolkit.Extensions.DependencyInjection,0.10.0,157,
2026-09-04,Ank.DocToolkit.Extensions.DependencyInjection,0.11.0,348,
2026-09-04,Ank.DocToolkit.Extensions.DependencyInjection,0.12.0,646,
2026-09-04,Ank.DocToolkit.Extensions.DependencyInjection,0.13.0,196,
2026-09-04,Ank.DocToolkit.Extensions.DependencyInjection,0.14.0,307,
2026-09-04,Ank.DocToolkit.Extensions.DependencyInjection,0.15.0,179,
2026-09-04,Ank.DocToolkit.Extensions.DependencyInjection,0.16.0,330,
2026-09-04,Ank.DocToolkit.Extensions.DependencyInjection,0.18.0,151,
2026-09-04,Ank.DocToolkit.Extensions.DependencyInjection,0.18.1,168,
2026-09-04,Ank.DocToolkit.Extensions.DependencyInjection,0.19.0,134,
2026-09-04,Ank.DocToolkit.Extensions.DependencyInjection,0.19.1,137,
2026-09-04,Ank.DocToolkit.Extensions.DependencyInjection,0.2.1,235,
2026-09-04,Ank.DocToolkit.Extensions.DependencyInjection,0.2.2,109,
2026-09-04,Ank.DocToolkit.Extensions.DependencyInjection,0.20.0,293,
2026-09-04,Ank.DocToolkit.Extensions.DependencyInjection,0.21.0,147,
2026-09-04,Ank.DocToolkit.Extensions.DependencyInjection,0.22.0,160,
2026-09-04,Ank.DocToolkit.Extensions.DependencyInjection,0.23.0,127,
2026-09-04,Ank.DocToolkit.Extensions.DependencyInjection,0.24.0,348,
2026-09-04,Ank.DocToolkit.Extensions.DependencyInjection,0.25.0,262,
2026-09-04,Ank.DocToolkit.Extensions.DependencyInjection,0.26.0,299,
2026-09-04,Ank.DocToolkit.Extensions.DependencyInjection,0.27.0,378,
2026-09-04,Ank.DocToolkit.Extensions.DependencyInjection,0.27.1,195,
2026-09-04,Ank.DocToolkit.Extensions.DependencyInjection,0.27.2,251,
2026-09-04,Ank.DocToolkit.Extensions.DependencyInjection,0.27.3,109,
2026-09-04,Ank.DocToolkit.Extensions.DependencyInjection,0.27.4,204,
2026-09-04,Ank.DocToolkit.Extensions.DependencyInjection,0.27.5,265,
2026-09-04,Ank.DocToolkit.Extensions.DependencyInjection,0.28.0,188,
2026-09-04,Ank.DocToolkit.Extensions.DependencyInjection,0.29.0,377,
2026-09-04,Ank.DocToolkit.Extensions.DependencyInjection,0.3.0,95,
2026-09-04,Ank.DocToolkit.Extensions.DependencyInjection,0.3.1,98,
2026-09-04,Ank.DocToolkit.Extensions.DependencyInjection,0.3.10,103,
2026-09-04,Ank.DocToolkit.Extensions.DependencyInjection,0.3.11,129,
2026-09-04,Ank.DocToolkit.Extensions.DependencyInjection,0.3.12,140,
2026-09-04,Ank.DocToolkit.Extensions.DependencyInjection,0.3.2,220,
2026-09-04,Ank.DocToolkit.Extensions.DependencyInjection,0.3.3,99,
2026-09-04,Ank.DocToolkit.Extensions.DependencyInjection,0.3.4,107,
2026-09-04,Ank.DocToolkit.Extensions.DependencyInjection,0.3.5,118,
2026-09-04,Ank.DocToolkit.Extensions.DependencyInjection,0.3.6,133,
2026-09-04,Ank.DocToolkit.Extensions.DependencyInjection,0.3.7,136,
2026-09-04,Ank.DocToolkit.Extensions.DependencyInjection,0.3.8,107,
2026-09-04,Ank.DocToolkit.Extensions.DependencyInjection,0.3.9,132,
2026-09-04,Ank.DocToolkit.Extensions.DependencyInjection,0.30.0,302,
2026-09-04,Ank.DocToolkit.Extensions.DependencyInjection,0.31.0,231,
2026-09-04,Ank.DocToolkit.Extensions.DependencyInjection,0.31.1,205,
2026-09-04,Ank.DocToolkit.Extensions.DependencyInjection,0.32.0,250,
2026-09-04,Ank.DocToolkit.Extensions.DependencyInjection,0.33.0,162,
2026-09-04,Ank.DocToolkit.Extensions.DependencyInjection,0.33.1,118,
2026-09-04,Ank.DocToolkit.Extensions.DependencyInjection,0.33.2,127,
2026-09-04,Ank.DocToolkit.Extensions.DependencyInjection,0.33.3,404,
2026-09-04,Ank.DocToolkit.Extensions.DependencyInjection,0.33.4,226,
2026-09-04,Ank.DocToolkit.Extensions.DependencyInjection,0.33.5,198,
2026-09-04,Ank.DocToolkit.Extensions.DependencyInjection,0.34.0,146,
2026-09-04,Ank.DocToolkit.Extensions.DependencyInjection,0.35.0,284,
2026-09-04,Ank.DocToolkit.Extensions.DependencyInjection,0.36.1,255,
2026-09-04,Ank.DocToolkit.Extensions.DependencyInjection,0.37.0,438,
2026-09-04,Ank.DocToolkit.Extensions.DependencyInjection,0.38.0,140,
2026-09-04,Ank.DocToolkit.Extensions.DependencyInjection,0.39.0,179,
2026-09-04,Ank.DocToolkit.Extensions.DependencyInjection,0.4.0,153,
2026-09-04,Ank.DocToolkit.Extensions.DependencyInjection,0.40.0,159,
2026-09-04,Ank.DocToolkit.Extensions.DependencyInjection,0.41.0,204,
2026-09-04,Ank.DocToolkit.Extensions.DependencyInjection,0.42.0,646,
2026-09-04,Ank.DocToolkit.Extensions.DependencyInjection,0.43.0,122,
2026-09-04,Ank.DocToolkit.Extensions.DependencyInjection,0.44.0,227,
2026-09-04,Ank.DocToolkit.Extensions.DependencyInjection,0.44.1,325,
2026-09-04,Ank.DocToolkit.Extensions.DependencyInjection,0.45.0,180,
2026-09-04,Ank.DocToolkit.Extensions.DependencyInjection,0.45.1,219,
2026-09-04,Ank.DocToolkit.Extensions.DependencyInjection,0.46.0,193,
2026-09-04,Ank.DocToolkit.Extensions.DependencyInjection,0.47.0,206,
2026-09-04,Ank.DocToolkit.Extensions.DependencyInjection,0.48.0,141,
2026-09-04,Ank.DocToolkit.Extensions.DependencyInjection,0.49.0,212,
2026-09-04,Ank.DocToolkit.Extensions.DependencyInjection,0.5.0,165,
2026-09-04,Ank.DocToolkit.Extensions.DependencyInjection,0.50.0,156,
2026-09-04,Ank.DocToolkit.Extensions.DependencyInjection,0.51.0,74,
2026-09-04,Ank.DocToolkit.Extensions.DependencyInjection,0.52.0,209,
2026-09-04,Ank.DocToolkit.Extensions.DependencyInjection,0.53.0,145,
2026-09-04,Ank.DocToolkit.Extensions.DependencyInjection,0.54.0,135,
2026-09-04,Ank.DocToolkit.Extensions.DependencyInjection,0.55.0,173,
2026-09-04,Ank.DocToolkit.Extensions.DependencyInjection,0.56.0,106,
2026-09-04,Ank.DocToolkit.Extensions.DependencyInjection,0.57.0,163,
2026-09-04,Ank.DocToolkit.Extensions.DependencyInjection,0.57.1,74,
2026-09-04,Ank.DocToolkit.Extensions.DependencyInjection,0.6.0,135,
2026-09-04,Ank.DocToolkit.Extensions.DependencyInjection,0.7.0,184,
2026-09-04,Ank.DocToolkit.Extensions.DependencyInjection,0.8.0,143,
2026-09-04,Ank.DocToolkit.Extensions.DependencyInjection,0.9.0,226,
2026-09-05,Ank.DocToolkit,0.1.0,360,
2026-09-05,Ank.DocToolkit,0.10.0,460,
2026-09-05,Ank.DocToolkit,0.11.0,1070,
2026-09-05,Ank.DocToolkit,0.12.0,893,
2026-09-05,Ank.DocToolkit,0.13.0,356,
2026-09-05,Ank.DocToolkit,0.14.0,329,
2026-09-05,Ank.DocToolkit,0.15.0,344,
2026-09-05,Ank.DocToolkit,0.16.0,362,
2026-09-05,Ank.DocToolkit,0.18.0,164,
2026-09-05,Ank.DocToolkit,0.18.1,340,
2026-09-05,Ank.DocToolkit,0.19.0,139,
2026-09-05,Ank.DocToolkit,0.19.1,260,
2026-09-05,Ank.DocToolkit,0.2.0,1488,
2026-09-05,Ank.DocToolkit,0.2.1,234,
2026-09-05,Ank.DocToolkit,0.2.2,101,
2026-09-05,Ank.DocToolkit,0.20.0,327,
2026-09-05,Ank.DocToolkit,0.21.0,230,
2026-09-05,Ank.DocToolkit,0.22.0,457,
2026-09-05,Ank.DocToolkit,0.23.0,134,
2026-09-05,Ank.DocToolkit,0.24.0,770,
2026-09-05,Ank.DocToolkit,0.25.0,298,
2026-09-05,Ank.DocToolkit,0.26.0,1328,
2026-09-05,Ank.DocToolkit,0.27.0,412,
2026-09-05,Ank.DocToolkit,0.27.1,210,
2026-09-05,Ank.DocToolkit,0.27.2,264,
2026-09-05,Ank.DocToolkit,0.27.3,121,
2026-09-05,Ank.DocToolkit,0.27.4,232,
2026-09-05,Ank.DocToolkit,0.27.5,277,
2026-09-05,Ank.DocToolkit,0.28.0,561,
2026-09-05,Ank.DocToolkit,0.29.0,414,
2026-09-05,Ank.DocToolkit,0.3.0,98,
2026-09-05,Ank.DocToolkit,0.3.1,97,
2026-09-05,Ank.DocToolkit,0.3.10,104,
2026-09-05,Ank.DocToolkit,0.3.11,129,
2026-09-05,Ank.DocToolkit,0.3.12,141,
2026-09-05,Ank.DocToolkit,0.3.2,224,
2026-09-05,Ank.DocToolkit,0.3.3,97,
2026-09-05,Ank.DocToolkit,0.3.4,104,
2026-09-05,Ank.DocToolkit,0.3.5,122,
2026-09-05,Ank.DocToolkit,0.3.6,135,
2026-09-05,Ank.DocToolkit,0.3.7,124,
2026-09-05,Ank.DocToolkit,0.3.8,111,
2026-09-05,Ank.DocToolkit,0.3.9,128,
2026-09-05,Ank.DocToolkit,0.30.0,336,
2026-09-05,Ank.DocToolkit,0.31.0,247,
2026-09-05,Ank.DocToolkit,0.31.1,218,
2026-09-05,Ank.DocToolkit,0.32.0,1191,
2026-09-05,Ank.DocToolkit,0.33.0,159,
2026-09-05,Ank.DocToolkit,0.33.1,121,
2026-09-05,Ank.DocToolkit,0.33.2,133,
2026-09-05,Ank.DocToolkit,0.33.3,438,
2026-09-05,Ank.DocToolkit,0.33.4,244,
2026-09-05,Ank.DocToolkit,0.33.5,214,
2026-09-05,Ank.DocToolkit,0.34.0,670,
2026-09-05,Ank.DocToolkit,0.35.0,390,
2026-09-05,Ank.DocToolkit,0.36.1,422,
2026-09-05,Ank.DocToolkit,0.37.0,491,
2026-09-05,Ank.DocToolkit,0.38.0,486,
2026-09-05,Ank.DocToolkit,0.39.0,192,
2026-09-05,Ank.DocToolkit,0.4.0,155,
2026-09-05,Ank.DocToolkit,0.40.0,157,
2026-09-05,Ank.DocToolkit,0.41.0,219,
2026-09-05,Ank.DocToolkit,0.42.0,722,
2026-09-05,Ank.DocToolkit,0.43.0,526,
2026-09-05,Ank.DocToolkit,0.44.0,243,
2026-09-05,Ank.DocToolkit,0.44.1,363,
2026-09-05,Ank.DocToolkit,0.45.0,204,
2026-09-05,Ank.DocToolkit,0.45.1,240,
2026-09-05,Ank.DocToolkit,0.46.0,378,
2026-09-05,Ank.DocToolkit,0.47.0,239,
2026-09-05,Ank.DocToolkit,0.48.0,334,
2026-09-05,Ank.DocToolkit,0.49.0,274,
2026-09-05,Ank.DocToolkit,0.5.0,168,
2026-09-05,Ank.DocToolkit,0.50.0,394,
2026-09-05,Ank.DocToolkit,0.51.0,75,
2026-09-05,Ank.DocToolkit,0.52.0,300,
2026-09-05,Ank.DocToolkit,0.53.0,159,
2026-09-05,Ank.DocToolkit,0.54.0,353,
2026-09-05,Ank.DocToolkit,0.55.0,191,
2026-09-05,Ank.DocToolkit,0.56.0,190,
2026-09-05,Ank.DocToolkit,0.57.0,187,
2026-09-05,Ank.DocToolkit,0.57.1,82,
2026-09-05,Ank.DocToolkit,0.6.0,141,
2026-09-05,Ank.DocToolkit,0.7.0,301,
2026-09-05,Ank.DocToolkit,0.8.0,451,
2026-09-05,Ank.DocToolkit,0.9.0,229,
2026-09-05,Ank.DocToolkit.Extensions.DependencyInjection,0.10.0,157,
2026-09-05,Ank.DocToolkit.Extensions.DependencyInjection,0.11.0,348,
2026-09-05,Ank.DocToolkit.Extensions.DependencyInjection,0.12.0,646,
2026-09-05,Ank.DocToolkit.Extensions.DependencyInjection,0.13.0,196,
2026-09-05,Ank.DocToolkit.Extensions.DependencyInjection,0.14.0,307,
2026-09-05,Ank.DocToolkit.Extensions.DependencyInjection,0.15.0,179,
2026-09-05,Ank.DocToolkit.Extensions.DependencyInjection,0.16.0,330,
2026-09-05,Ank.DocToolkit.Extensions.DependencyInjection,0.18.0,151,
2026-09-05,Ank.DocToolkit.Extensions.DependencyInjection,0.18.1,168,
2026-09-05,Ank.DocToolkit.Extensions.DependencyInjection,0.19.0,134,
2026-09-05,Ank.DocToolkit.Extensions.DependencyInjection,0.19.1,137,
2026-09-05,Ank.DocToolkit.Extensions.DependencyInjection,0.2.1,236,
2026-09-05,Ank.DocToolkit.Extensions.DependencyInjection,0.2.2,109,
2026-09-05,Ank.DocToolkit.Extensions.DependencyInjection,0.20.0,293,
2026-09-05,Ank.DocToolkit.Extensions.DependencyInjection,0.21.0,147,
2026-09-05,Ank.DocToolkit.Extensions.DependencyInjection,0.22.0,160,
2026-09-05,Ank.DocToolkit.Extensions.DependencyInjection,0.23.0,127,
2026-09-05,Ank.DocToolkit.Extensions.DependencyInjection,0.24.0,348,
2026-09-05,Ank.DocToolkit.Extensions.DependencyInjection,0.25.0,262,
2026-09-05,Ank.DocToolkit.Extensions.DependencyInjection,0.26.0,299,
2026-09-05,Ank.DocToolkit.Extensions.DependencyInjection,0.27.0,378,
2026-09-05,Ank.DocToolkit.Extensions.DependencyInjection,0.27.1,195,
2026-09-05,Ank.DocToolkit.Extensions.DependencyInjection,0.27.2,251,
2026-09-05,Ank.DocToolkit.Extensions.DependencyInjection,0.27.3,109,
2026-09-05,Ank.DocToolkit.Extensions.DependencyInjection,0.27.4,204,
2026-09-05,Ank.DocToolkit.Extensions.DependencyInjection,0.27.5,265,
2026-09-05,Ank.DocToolkit.Extensions.DependencyInjection,0.28.0,188,
2026-09-05,Ank.DocToolkit.Extensions.DependencyInjection,0.29.0,377,
2026-09-05,Ank.DocToolkit.Extensions.DependencyInjection,0.3.0,95,
2026-09-05,Ank.DocToolkit.Extensions.DependencyInjection,0.3.1,98,
2026-09-05,Ank.DocToolkit.Extensions.DependencyInjection,0.3.10,103,
2026-09-05,Ank.DocToolkit.Extensions.DependencyInjection,0.3.11,129,
2026-09-05,Ank.DocToolkit.Extensions.DependencyInjection,0.3.12,140,
2026-09-05,Ank.DocToolkit.Extensions.DependencyInjection,0.3.2,220,
2026-09-05,Ank.DocToolkit.Extensions.DependencyInjection,0.3.3,99,
2026-09-05,Ank.DocToolkit.Extensions.DependencyInjection,0.3.4,107,
2026-09-05,Ank.DocToolkit.Extensions.DependencyInjection,0.3.5,118,
2026-09-05,Ank.DocToolkit.Extensions.DependencyInjection,0.3.6,133,
2026-09-05,Ank.DocToolkit.Extensions.DependencyInjection,0.3.7,136,
2026-09-05,Ank.DocToolkit.Extensions.DependencyInjection,0.3.8,107,
2026-09-05,Ank.DocToolkit.Extensions.DependencyInjection,0.3.9,132,
2026-09-05,Ank.DocToolkit.Extensions.DependencyInjection,0.30.0,302,
2026-09-05,Ank.DocToolkit.Extensions.DependencyInjection,0.31.0,231,
2026-09-05,Ank.DocToolkit.Extensions.DependencyInjection,0.31.1,205,
2026-09-05,Ank.DocToolkit.Extensions.DependencyInjection,0.32.0,250,
2026-09-05,Ank.DocToolkit.Extensions.DependencyInjection,0.33.0,162,
2026-09-05,Ank.DocToolkit.Extensions.DependencyInjection,0.33.1,118,
2026-09-05,Ank.DocToolkit.Extensions.DependencyInjection,0.33.2,127,
2026-09-05,Ank.DocToolkit.Extensions.DependencyInjection,0.33.3,404,
2026-09-05,Ank.DocToolkit.Extensions.DependencyInjection,0.33.4,227,
2026-09-05,Ank.DocToolkit.Extensions.DependencyInjection,0.33.5,198,
2026-09-05,Ank.DocToolkit.Extensions.DependencyInjection,0.34.0,146,
2026-09-05,Ank.DocToolkit.Extensions.DependencyInjection,0.35.0,284,
2026-09-05,Ank.DocToolkit.Extensions.DependencyInjection,0.36.1,255,
2026-09-05,Ank.DocToolkit.Extensions.DependencyInjection,0.37.0,438,
2026-09-05,Ank.DocToolkit.Extensions.DependencyInjection,0.38.0,141,
2026-09-05,Ank.DocToolkit.Extensions.DependencyInjection,0.39.0,179,
2026-09-05,Ank.DocToolkit.Extensions.DependencyInjection,0.4.0,153,
2026-09-05,Ank.DocToolkit.Extensions.DependencyInjection,0.40.0,160,
2026-09-05,Ank.DocToolkit.Extensions.DependencyInjection,0.41.0,204,
2026-09-05,Ank.DocToolkit.Extensions.DependencyInjection,0.42.0,646,
2026-09-05,Ank.DocToolkit.Extensions.DependencyInjection,0.43.0,123,
2026-09-05,Ank.DocToolkit.Extensions.DependencyInjection,0.44.0,228,
2026-09-05,Ank.DocToolkit.Extensions.DependencyInjection,0.44.1,326,
2026-09-05,Ank.DocToolkit.Extensions.DependencyInjection,0.45.0,181,
2026-09-05,Ank.DocToolkit.Extensions.DependencyInjection,0.45.1,219,
2026-09-05,Ank.DocToolkit.Extensions.DependencyInjection,0.46.0,196,
2026-09-05,Ank.DocToolkit.Extensions.DependencyInjection,0.47.0,207,
2026-09-05,Ank.DocToolkit.Extensions.DependencyInjection,0.48.0,143,
2026-09-05,Ank.DocToolkit.Extensions.DependencyInjection,0.49.0,213,
2026-09-05,Ank.DocToolkit.Extensions.DependencyInjection,0.5.0,165,
2026-09-05,Ank.DocToolkit.Extensions.DependencyInjection,0.50.0,157,
2026-09-05,Ank.DocToolkit.Extensions.DependencyInjection,0.51.0,75,
2026-09-05,Ank.DocToolkit.Extensions.DependencyInjection,0.52.0,209,
2026-09-05,Ank.DocToolkit.Extensions.DependencyInjection,0.53.0,146,
2026-09-05,Ank.DocToolkit.Extensions.DependencyInjection,0.54.0,137,
2026-09-05,Ank.DocToolkit.Extensions.DependencyInjection,0.55.0,174,
2026-09-05,Ank.DocToolkit.Extensions.DependencyInjection,0.56.0,107,
2026-09-05,Ank.DocToolkit.Extensions.DependencyInjection,0.57.0,163,
2026-09-05,Ank.DocToolkit.Extensions.DependencyInjection,0.57.1,75,
2026-09-05,Ank.DocToolkit.Extensions.DependencyInjection,0.6.0,135,
2026-09-05,Ank.DocToolkit.Extensions.DependencyInjection,0.7.0,184,
2026-09-05,Ank.DocToolkit.Extensions.DependencyInjection,0.8.0,143,
2026-09-05,Ank.DocToolkit.Extensions.DependencyInjection,0.9.0,226,
2026-09-06,Ank.DocToolkit,0.1.0,360,
2026-09-06,Ank.DocToolkit,0.10.0,461,
2026-09-06,Ank.DocToolkit,0.11.0,1071,
2026-09-06,Ank.DocToolkit,0.12.0,894,
2026-09-06,Ank.DocToolkit,0.13.0,357,
2026-09-06,Ank.DocToolkit,0.14.0,330,
2026-09-06,Ank.DocToolkit,0.15.0,345,
2026-09-06,Ank.DocToolkit,0.16.0,363,
2026-09-06,Ank.DocToolkit,0.18.0,165,
2026-09-06,Ank.DocToolkit,0.18.1,341,
2026-09-06,Ank.DocToolkit,0.19.0,140,
2026-09-06,Ank.DocToolkit,0.19.1,261,
2026-09-06,Ank.DocToolkit,0.2.0,1488,
2026-09-06,Ank.DocToolkit,0.2.1,234,
2026-09-06,Ank.DocToolkit,0.2.2,102,
2026-09-06,Ank.DocToolkit,0.20.0,328,
2026-09-06,Ank.DocToolkit,0.21.0,231,
2026-09-06,Ank.DocToolkit,0.22.0,458,
2026-09-06,Ank.DocToolkit,0.23.0,135,
2026-09-06,Ank.DocToolkit,0.24.0,771,
2026-09-06,Ank.DocToolkit,0.25.0,299,
2026-09-06,Ank.DocToolkit,0.26.0,1329,
2026-09-06,Ank.DocToolkit,0.27.0,415,
2026-09-06,Ank.DocToolkit,0.27.1,211,
2026-09-06,Ank.DocToolkit,0.27.2,265,
2026-09-06,Ank.DocToolkit,0.27.3,122,
2026-09-06,Ank.DocToolkit,0.27.4,233,
2026-09-06,Ank.DocToolkit,0.27.5,278,
2026-09-06,Ank.DocToolkit,0.28.0,562,
2026-09-06,Ank.DocToolkit,0.29.0,415,
2026-09-06,Ank.DocToolkit,0.3.0,99,
2026-09-06,Ank.DocToolkit,0.3.1,98,
2026-09-06,Ank.DocToolkit,0.3.10,105,
2026-09-06,Ank.DocToolkit,0.3.11,130,
2026-09-06,Ank.DocToolkit,0.3.12,142,
2026-09-06,Ank.DocToolkit,0.3.2,225,
2026-09-06,Ank.DocToolkit,0.3.3,98,
2026-09-06,Ank.DocToolkit,0.3.4,105,
2026-09-06,Ank.DocToolkit,0.3.5,123,
2026-09-06,Ank.DocToolkit,0.3.6,136,
2026-09-06,Ank.DocToolkit,0.3.7,125,
2026-09-06,Ank.DocToolkit,0.3.8,112,
2026-09-06,Ank.DocToolkit,0.3.9,129,
2026-09-06,Ank.DocToolkit,0.30.0,337,
2026-09-06,Ank.DocToolkit,0.31.0,247,
2026-09-06,Ank.DocToolkit,0.31.1,218,
2026-09-06,Ank.DocToolkit,0.32.0,1191,
2026-09-06,Ank.DocToolkit,0.33.0,159,
2026-09-06,Ank.DocToolkit,0.33.1,121,
2026-09-06,Ank.DocToolkit,0.33.2,133,
2026-09-06,Ank.DocToolkit,0.33.3,438,
2026-09-06,Ank.DocToolkit,0.33.4,244,
2026-09-06,Ank.DocToolkit,0.33.5,214,
2026-09-06,Ank.DocToolkit,0.34.0,670,
2026-09-06,Ank.DocToolkit,0.35.0,392,
2026-09-06,Ank.DocToolkit,0.36.1,423,
2026-09-06,Ank.DocToolkit,0.37.0,491,
2026-09-06,Ank.DocToolkit,0.38.0,486,
2026-09-06,Ank.DocToolkit,0.39.0,194,
2026-09-06,Ank.DocToolkit,0.4.0,156,
2026-09-06,Ank.DocToolkit,0.40.0,158,
2026-09-06,Ank.DocToolkit,0.41.0,220,
2026-09-06,Ank.DocToolkit,0.42.0,723,
2026-09-06,Ank.DocToolkit,0.43.0,528,
2026-09-06,Ank.DocToolkit,0.44.0,247,
2026-09-06,Ank.DocToolkit,0.44.1,364,
2026-09-06,Ank.DocToolkit,0.45.0,207,
2026-09-06,Ank.DocToolkit,0.45.1,243,
2026-09-06,Ank.DocToolkit,0.46.0,379,
2026-09-06,Ank.DocToolkit,0.47.0,240,
2026-09-06,Ank.DocToolkit,0.48.0,334,
2026-09-06,Ank.DocToolkit,0.49.0,276,
2026-09-06,Ank.DocToolkit,0.5.0,169,
2026-09-06,Ank.DocToolkit,0.50.0,395,
2026-09-06,Ank.DocToolkit,0.51.0,76,
2026-09-06,Ank.DocToolkit,0.52.0,304,
2026-09-06,Ank.DocToolkit,0.53.0,161,
2026-09-06,Ank.DocToolkit,0.54.0,358,
2026-09-06,Ank.DocToolkit,0.55.0,193,
2026-09-06,Ank.DocToolkit,0.56.0,197,
2026-09-06,Ank.DocToolkit,0.57.0,189,
2026-09-06,Ank.DocToolkit,0.57.1,86,
2026-09-06,Ank.DocToolkit,0.6.0,142,
2026-09-06,Ank.DocToolkit,0.7.0,302,
2026-09-06,Ank.DocToolkit,0.8.0,452,
2026-09-06,Ank.DocToolkit,0.9.0,230,
2026-09-06,Ank.DocToolkit.Extensions.DependencyInjection,0.10.0,158,
2026-09-06,Ank.DocToolkit.Extensions.DependencyInjection,0.11.0,349,
2026-09-06,Ank.DocToolkit.Extensions.DependencyInjection,0.12.0,647,
2026-09-06,Ank.DocToolkit.Extensions.DependencyInjection,0.13.0,197,
2026-09-06,Ank.DocToolkit.Extensions.DependencyInjection,0.14.0,308,
2026-09-06,Ank.DocToolkit.Extensions.DependencyInjection,0.15.0,180,
2026-09-06,Ank.DocToolkit.Extensions.DependencyInjection,0.16.0,331,
2026-09-06,Ank.DocToolkit.Extensions.DependencyInjection,0.18.0,152,
2026-09-06,Ank.DocToolkit.Extensions.DependencyInjection,0.18.1,169,
2026-09-06,Ank.DocToolkit.Extensions.DependencyInjection,0.19.0,135,
2026-09-06,Ank.DocToolkit.Extensions.DependencyInjection,0.19.1,140,
2026-09-06,Ank.DocToolkit.Extensions.DependencyInjection,0.2.1,236,
2026-09-06,Ank.DocToolkit.Extensions.DependencyInjection,0.2.2,110,
2026-09-06,Ank.DocToolkit.Extensions.DependencyInjection,0.20.0,293,
2026-09-06,Ank.DocToolkit.Extensions.DependencyInjection,0.21.0,148,
2026-09-06,Ank.DocToolkit.Extensions.DependencyInjection,0.22.0,161,
2026-09-06,Ank.DocToolkit.Extensions.DependencyInjection,0.23.0,128,
2026-09-06,Ank.DocToolkit.Extensions.DependencyInjection,0.24.0,349,
2026-09-06,Ank.DocToolkit.Extensions.DependencyInjection,0.25.0,263,
2026-09-06,Ank.DocToolkit.Extensions.DependencyInjection,0.26.0,300,
2026-09-06,Ank.DocToolkit.Extensions.DependencyInjection,0.27.0,379,
2026-09-06,Ank.DocToolkit.Extensions.DependencyInjection,0.27.1,196,
2026-09-06,Ank.DocToolkit.Extensions.DependencyInjection,0.27.2,252,
2026-09-06,Ank.DocToolkit.Extensions.DependencyInjection,0.27.3,110,
2026-09-06,Ank.DocToolkit.Extensions.DependencyInjection,0.27.4,205,
2026-09-06,Ank.DocToolkit.Extensions.DependencyInjection,0.27.5,266,
2026-09-06,Ank.DocToolkit.Extensions.DependencyInjection,0.28.0,189,
2026-09-06,Ank.DocToolkit.Extensions.DependencyInjection,0.29.0,378,
2026-09-06,Ank.DocToolkit.Extensions.DependencyInjection,0.3.0,96,
2026-09-06,Ank.DocToolkit.Extensions.DependencyInjection,0.3.1,99,
2026-09-06,Ank.DocToolkit.Extensions.DependencyInjection,0.3.10,104,
2026-09-06,Ank.DocToolkit.Extensions.DependencyInjection,0.3.11,130,
2026-09-06,Ank.DocToolkit.Extensions.DependencyInjection,0.3.12,141,
2026-09-06,Ank.DocToolkit.Extensions.DependencyInjection,0.3.2,221,
2026-09-06,Ank.DocToolkit.Extensions.DependencyInjection,0.3.3,100,
2026-09-06,Ank.DocToolkit.Extensions.DependencyInjection,0.3.4,108,
2026-09-06,Ank.DocToolkit.Extensions.DependencyInjection,0.3.5,119,
2026-09-06,Ank.DocToolkit.Extensions.DependencyInjection,0.3.6,134,
2026-09-06,Ank.DocToolkit.Extensions.DependencyInjection,0.3.7,137,
2026-09-06,Ank.DocToolkit.Extensions.DependencyInjection,0.3.8,108,
2026-09-06,Ank.DocToolkit.Extensions.DependencyInjection,0.3.9,133,
2026-09-06,Ank.DocToolkit.Extensions.DependencyInjection,0.30.0,303,
2026-09-06,Ank.DocToolkit.Extensions.DependencyInjection,0.31.0,231,
2026-09-06,Ank.DocToolkit.Extensions.DependencyInjection,0.31.1,205,
2026-09-06,Ank.DocToolkit.Extensions.DependencyInjection,0.32.0,250,
2026-09-06,Ank.DocToolkit.Extensions.DependencyInjection,0.33.0,162,
2026-09-06,Ank.DocToolkit.Extensions.DependencyInjection,0.33.1,118,
2026-09-06,Ank.DocToolkit.Extensions.DependencyInjection,0.33.2,127,
2026-09-06,Ank.DocToolkit.Extensions.DependencyInjection,0.33.3,404,
2026-09-06,Ank.DocToolkit.Extensions.DependencyInjection,0.33.4,227,
2026-09-06,Ank.DocToolkit.Extensions.DependencyInjection,0.33.5,198,
2026-09-06,Ank.DocToolkit.Extensions.DependencyInjection,0.34.0,146,
2026-09-06,Ank.DocToolkit.Extensions.DependencyInjection,0.35.0,284,
2026-09-06,Ank.DocToolkit.Extensions.DependencyInjection,0.36.1,255,
2026-09-06,Ank.DocToolkit.Extensions.DependencyInjection,0.37.0,438,
2026-09-06,Ank.DocToolkit.Extensions.DependencyInjection,0.38.0,141,
2026-09-06,Ank.DocToolkit.Extensions.DependencyInjection,0.39.0,179,
2026-09-06,Ank.DocToolkit.Extensions.DependencyInjection,0.4.0,154,
2026-09-06,Ank.DocToolkit.Extensions.DependencyInjection,0.40.0,160,
2026-09-06,Ank.DocToolkit.Extensions.DependencyInjection,0.41.0,205,
2026-09-06,Ank.DocToolkit.Extensions.DependencyInjection,0.42.0,647,
2026-09-06,Ank.DocToolkit.Extensions.DependencyInjection,0.43.0,127,
2026-09-06,Ank.DocToolkit.Extensions.DependencyInjection,0.44.0,232,
2026-09-06,Ank.DocToolkit.Extensions.DependencyInjection,0.44.1,328,
2026-09-06,Ank.DocToolkit.Extensions.DependencyInjection,0.45.0,183,
2026-09-06,Ank.DocToolkit.Extensions.DependencyInjection,0.45.1,220,
2026-09-06,Ank.DocToolkit.Extensions.DependencyInjection,0.46.0,196,
2026-09-06,Ank.DocToolkit.Extensions.DependencyInjection,0.47.0,209,
2026-09-06,Ank.DocToolkit.Extensions.DependencyInjection,0.48.0,144,
2026-09-06,Ank.DocToolkit.Extensions.DependencyInjection,0.49.0,214,
2026-09-06,Ank.DocToolkit.Extensions.DependencyInjection,0.5.0,166,
2026-09-06,Ank.DocToolkit.Extensions.DependencyInjection,0.50.0,158,
2026-09-06,Ank.DocToolkit.Extensions.DependencyInjection,0.51.0,77,
2026-09-06,Ank.DocToolkit.Extensions.DependencyInjection,0.52.0,210,
2026-09-06,Ank.DocToolkit.Extensions.DependencyInjection,0.53.0,148,
2026-09-06,Ank.DocToolkit.Extensions.DependencyInjection,0.54.0,138,
2026-09-06,Ank.DocToolkit.Extensions.DependencyInjection,0.55.0,175,
2026-09-06,Ank.DocToolkit.Extensions.DependencyInjection,0.56.0,109,
2026-09-06,Ank.DocToolkit.Extensions.DependencyInjection,0.57.0,165,
2026-09-06,Ank.DocToolkit.Extensions.DependencyInjection,0.57.1,79,
2026-09-06,Ank.DocToolkit.Extensions.DependencyInjection,0.6.0,136,
2026-09-06,Ank.DocToolkit.Extensions.DependencyInjection,0.7.0,185,
2026-09-06,Ank.DocToolkit.Extensions.DependencyInjection,0.8.0,144,
2026-09-06,Ank.DocToolkit.Extensions.DependencyInjection,0.9.0,227,
2026-09-07,Ank.DocToolkit,0.1.0,360,
2026-09-07,Ank.DocToolkit,0.10.0,461,
2026-09-07,Ank.DocToolkit,0.11.0,1071,
2026-09-07,Ank.DocToolkit,0.12.0,894,
2026-09-07,Ank.DocToolkit,0.13.0,357,
2026-09-07,Ank.DocToolkit,0.14.0,330,
2026-09-07,Ank.DocToolkit,0.15.0,345,
2026-09-07,Ank.DocToolkit,0.16.0,363,
2026-09-07,Ank.DocToolkit,0.18.0,165,
2026-09-07,Ank.DocToolkit,0.18.1,341,
2026-09-07,Ank.DocToolkit,0.19.0,140,
2026-09-07,Ank.DocToolkit,0.19.1,261,
2026-09-07,Ank.DocToolkit,0.2.0,1488,
2026-09-07,Ank.DocToolkit,0.2.1,234,
2026-09-07,Ank.DocToolkit,0.2.2,102,
2026-09-07,Ank.DocToolkit,0.20.0,328,
2026-09-07,Ank.DocToolkit,0.21.0,231,
2026-09-07,Ank.DocToolkit,0.22.0,458,
2026-09-07,Ank.DocToolkit,0.23.0,135,
2026-09-07,Ank.DocToolkit,0.24.0,771,
2026-09-07,Ank.DocToolkit,0.25.0,299,
2026-09-07,Ank.DocToolkit,0.26.0,1329,
2026-09-07,Ank.DocToolkit,0.27.0,415,
2026-09-07,Ank.DocToolkit,0.27.1,211,
2026-09-07,Ank.DocToolkit,0.27.2,265,
2026-09-07,Ank.DocToolkit,0.27.3,122,
2026-09-07,Ank.DocToolkit,0.27.4,233,
2026-09-07,Ank.DocToolkit,0.27.5,278,
2026-09-07,Ank.DocToolkit,0.28.0,562,
2026-09-07,Ank.DocToolkit,0.29.0,415,
2026-09-07,Ank.DocToolkit,0.3.0,99,
2026-09-07,Ank.DocToolkit,0.3.1,98,
2026-09-07,Ank.DocToolkit,0.3.10,105,
2026-09-07,Ank.DocToolkit,0.3.11,130,
2026-09-07,Ank.DocToolkit,0.3.12,142,
2026-09-07,Ank.DocToolkit,0.3.2,225,
2026-09-07,Ank.DocToolkit,0.3.3,98,
2026-09-07,Ank.DocToolkit,0.3.4,105,
2026-09-07,Ank.DocToolkit,0.3.5,123,
2026-09-07,Ank.DocToolkit,0.3.6,136,
2026-09-07,Ank.DocToolkit,0.3.7,125,
2026-09-07,Ank.DocToolkit,0.3.8,112,
2026-09-07,Ank.DocToolkit,0.3.9,129,
2026-09-07,Ank.DocToolkit,0.30.0,337,
2026-09-07,Ank.DocToolkit,0.31.0,248,
2026-09-07,Ank.DocToolkit,0.31.1,219,
2026-09-07,Ank.DocToolkit,0.32.0,1192,
2026-09-07,Ank.DocToolkit,0.33.0,160,
2026-09-07,Ank.DocToolkit,0.33.1,122,
2026-09-07,Ank.DocToolkit,0.33.2,134,
2026-09-07,Ank.DocToolkit,0.33.3,439,
2026-09-07,Ank.DocToolkit,0.33.4,245,
2026-09-07,Ank.DocToolkit,0.33.5,215,
2026-09-07,Ank.DocToolkit,0.34.0,671,
2026-09-07,Ank.DocToolkit,0.35.0,395,
2026-09-07,Ank.DocToolkit,0.36.1,425,
2026-09-07,Ank.DocToolkit,0.37.0,492,
2026-09-07,Ank.DocToolkit,0.38.0,488,
2026-09-07,Ank.DocToolkit,0.39.0,195,
2026-09-07,Ank.DocToolkit,0.4.0,156,
2026-09-07,Ank.DocToolkit,0.40.0,159,
2026-09-07,Ank.DocToolkit,0.41.0,222,
2026-09-07,Ank.DocToolkit,0.42.0,725,
2026-09-07,Ank.DocToolkit,0.43.0,535,
2026-09-07,Ank.DocToolkit,0.44.0,249,
2026-09-07,Ank.DocToolkit,0.44.1,364,
2026-09-07,Ank.DocToolkit,0.45.0,211,
2026-09-07,Ank.DocToolkit,0.45.1,245,
2026-09-07,Ank.DocToolkit,0.46.0,380,
2026-09-07,Ank.DocToolkit,0.47.0,242,
2026-09-07,Ank.DocToolkit,0.48.0,336,
2026-09-07,Ank.DocToolkit,0.49.0,278,
2026-09-07,Ank.DocToolkit,0.5.0,169,
2026-09-07,Ank.DocToolkit,0.50.0,397,
2026-09-07,Ank.DocToolkit,0.51.0,78,
2026-09-07,Ank.DocToolkit,0.52.0,306,
2026-09-07,Ank.DocToolkit,0.53.0,163,
2026-09-07,Ank.DocToolkit,0.54.0,358,
2026-09-07,Ank.DocToolkit,0.55.0,193,
2026-09-07,Ank.DocToolkit,0.56.0,207,
2026-09-07,Ank.DocToolkit,0.57.0,189,
2026-09-07,Ank.DocToolkit,0.57.1,101,
2026-09-07,Ank.DocToolkit,0.6.0,142,
2026-09-07,Ank.DocToolkit,0.7.0,302,
2026-09-07,Ank.DocToolkit,0.8.0,452,
2026-09-07,Ank.DocToolkit,0.9.0,230,
2026-09-07,Ank.DocToolkit.Extensions.DependencyInjection,0.10.0,158,
2026-09-07,Ank.DocToolkit.Extensions.DependencyInjection,0.11.0,349,
2026-09-07,Ank.DocToolkit.Extensions.DependencyInjection,0.12.0,647,
2026-09-07,Ank.DocToolkit.Extensions.DependencyInjection,0.13.0,197,
2026-09-07,Ank.DocToolkit.Extensions.DependencyInjection,0.14.0,308,
2026-09-07,Ank.DocToolkit.Extensions.DependencyInjection,0.15.0,180,
2026-09-07,Ank.DocToolkit.Extensions.DependencyInjection,0.16.0,331,
2026-09-07,Ank.DocToolkit.Extensions.DependencyInjection,0.18.0,152,
2026-09-07,Ank.DocToolkit.Extensions.DependencyInjection,0.18.1,169,
2026-09-07,Ank.DocToolkit.Extensions.DependencyInjection,0.19.0,135,
2026-09-07,Ank.DocToolkit.Extensions.DependencyInjection,0.19.1,140,
2026-09-07,Ank.DocToolkit.Extensions.DependencyInjection,0.2.1,236,
2026-09-07,Ank.DocToolkit.Extensions.DependencyInjection,0.2.2,110,
2026-09-07,Ank.DocToolkit.Extensions.DependencyInjection,0.20.0,293,
2026-09-07,Ank.DocToolkit.Extensions.DependencyInjection,0.21.0,148,
2026-09-07,Ank.DocToolkit.Extensions.DependencyInjection,0.22.0,161,
2026-09-07,Ank.DocToolkit.Extensions.DependencyInjection,0.23.0,128,
2026-09-07,Ank.DocToolkit.Extensions.DependencyInjection,0.24.0,349,
2026-09-07,Ank.DocToolkit.Extensions.DependencyInjection,0.25.0,263,
2026-09-07,Ank.DocToolkit.Extensions.DependencyInjection,0.26.0,300,
2026-09-07,Ank.DocToolkit.Extensions.DependencyInjection,0.27.0,379,
2026-09-07,Ank.DocToolkit.Extensions.DependencyInjection,0.27.1,198,
2026-09-07,Ank.DocToolkit.Extensions.DependencyInjection,0.27.2,252,
2026-09-07,Ank.DocToolkit.Extensions.DependencyInjection,0.27.3,110,
2026-09-07,Ank.DocToolkit.Extensions.DependencyInjection,0.27.4,205,
2026-09-07,Ank.DocToolkit.Extensions.DependencyInjection,0.27.5,266,
2026-09-07,Ank.DocToolkit.Extensions.DependencyInjection,0.28.0,189,
2026-09-07,Ank.DocToolkit.Extensions.DependencyInjection,0.29.0,378,
2026-09-07,Ank.DocToolkit.Extensions.DependencyInjection,0.3.0,96,
2026-09-07,Ank.DocToolkit.Extensions.DependencyInjection,0.3.1,99,
2026-09-07,Ank.DocToolkit.Extensions.DependencyInjection,0.3.10,104,
2026-09-07,Ank.DocToolkit.Extensions.DependencyInjection,0.3.11,130,
2026-09-07,Ank.DocToolkit.Extensions.DependencyInjection,0.3.12,141,
2026-09-07,Ank.DocToolkit.Extensions.DependencyInjection,0.3.2,221,
2026-09-07,Ank.DocToolkit.Extensions.DependencyInjection,0.3.3,100,
2026-09-07,Ank.DocToolkit.Extensions.DependencyInjection,0.3.4,108,
2026-09-07,Ank.DocToolkit.Extensions.DependencyInjection,0.3.5,119,
2026-09-07,Ank.DocToolkit.Extensions.DependencyInjection,0.3.6,134,
2026-09-07,Ank.DocToolkit.Extensions.DependencyInjection,0.3.7,137,
2026-09-07,Ank.DocToolkit.Extensions.DependencyInjection,0.3.8,108,
2026-09-07,Ank.DocToolkit.Extensions.DependencyInjection,0.3.9,133,
2026-09-07,Ank.DocToolkit.Extensions.DependencyInjection,0.30.0,303,
2026-09-07,Ank.DocToolkit.Extensions.DependencyInjection,0.31.0,232,
2026-09-07,Ank.DocToolkit.Extensions.DependencyInjection,0.31.1,206,
2026-09-07,Ank.DocToolkit.Extensions.DependencyInjection,0.32.0,251,
2026-09-07,Ank.DocToolkit.Extensions.DependencyInjection,0.33.0,163,
2026-09-07,Ank.DocToolkit.Extensions.DependencyInjection,0.33.1,119,
2026-09-07,Ank.DocToolkit.Extensions.DependencyInjection,0.33.2,128,
2026-09-07,Ank.DocToolkit.Extensions.DependencyInjection,0.33.3,405,
2026-09-07,Ank.DocToolkit.Extensions.DependencyInjection,0.33.4,228,
2026-09-07,Ank.DocToolkit.Extensions.DependencyInjection,0.33.5,199,
2026-09-07,Ank.DocToolkit.Extensions.DependencyInjection,0.34.0,147,
2026-09-07,Ank.DocToolkit.Extensions.DependencyInjection,0.35.0,285,
2026-09-07,Ank.DocToolkit.Extensions.DependencyInjection,0.36.1,256,
2026-09-07,Ank.DocToolkit.Extensions.DependencyInjection,0.37.0,439,
2026-09-07,Ank.DocToolkit.Extensions.DependencyInjection,0.38.0,143,
2026-09-07,Ank.DocToolkit.Extensions.DependencyInjection,0.39.0,180,
2026-09-07,Ank.DocToolkit.Extensions.DependencyInjection,0.4.0,154,
2026-09-07,Ank.DocToolkit.Extensions.DependencyInjection,0.40.0,161,
2026-09-07,Ank.DocToolkit.Extensions.DependencyInjection,0.41.0,207,
2026-09-07,Ank.DocToolkit.Extensions.DependencyInjection,0.42.0,650,
2026-09-07,Ank.DocToolkit.Extensions.DependencyInjection,0.43.0,128,
2026-09-07,Ank.DocToolkit.Extensions.DependencyInjection,0.44.0,233,
2026-09-07,Ank.DocToolkit.Extensions.DependencyInjection,0.44.1,329,
2026-09-07,Ank.DocToolkit.Extensions.DependencyInjection,0.45.0,185,
2026-09-07,Ank.DocToolkit.Extensions.DependencyInjection,0.45.1,224,
2026-09-07,Ank.DocToolkit.Extensions.DependencyInjection,0.46.0,196,
2026-09-07,Ank.DocToolkit.Extensions.DependencyInjection,0.47.0,209,
2026-09-07,Ank.DocToolkit.Extensions.DependencyInjection,0.48.0,145,
2026-09-07,Ank.DocToolkit.Extensions.DependencyInjection,0.49.0,215,
2026-09-07,Ank.DocToolkit.Extensions.DependencyInjection,0.5.0,166,
2026-09-07,Ank.DocToolkit.Extensions.DependencyInjection,0.50.0,159,
2026-09-07,Ank.DocToolkit.Extensions.DependencyInjection,0.51.0,77,
2026-09-07,Ank.DocToolkit.Extensions.DependencyInjection,0.52.0,210,
2026-09-07,Ank.DocToolkit.Extensions.DependencyInjection,0.53.0,148,
2026-09-07,Ank.DocToolkit.Extensions.DependencyInjection,0.54.0,138,
2026-09-07,Ank.DocToolkit.Extensions.DependencyInjection,0.55.0,175,
2026-09-07,Ank.DocToolkit.Extensions.DependencyInjection,0.56.0,109,
2026-09-07,Ank.DocToolkit.Extensions.DependencyInjection,0.57.0,165,
2026-09-07,Ank.DocToolkit.Extensions.DependencyInjection,0.57.1,92,
2026-09-07,Ank.DocToolkit.Extensions.DependencyInjection,0.6.0,136,
2026-09-07,Ank.DocToolkit.Extensions.DependencyInjection,0.7.0,185,
2026-09-07,Ank.DocToolkit.Extensions.DependencyInjection,0.8.0,144,
2026-09-07,Ank.DocToolkit.Extensions.DependencyInjection,0.9.0,227,
2026-09-08,Ank.DocToolkit,0.1.0,360,
2026-09-08,Ank.DocToolkit,0.10.0,461,
2026-09-08,Ank.DocToolkit,0.11.0,1071,
2026-09-08,Ank.DocToolkit,0.12.0,894,
2026-09-08,Ank.DocToolkit,0.13.0,358,
2026-09-08,Ank.DocToolkit,0.14.0,330,
2026-09-08,Ank.DocToolkit,0.15.0,345,
2026-09-08,Ank.DocToolkit,0.16.0,363,
2026-09-08,Ank.DocToolkit,0.18.0,166,
2026-09-08,Ank.DocToolkit,0.18.1,341,
2026-09-08,Ank.DocToolkit,0.19.0,140,
2026-09-08,Ank.DocToolkit,0.19.1,261,
2026-09-08,Ank.DocToolkit,0.2.0,1488,
2026-09-08,Ank.DocToolkit,0.2.1,234,
2026-09-08,Ank.DocToolkit,0.2.2,102,
2026-09-08,Ank.DocToolkit,0.20.0,329,
2026-09-08,Ank.DocToolkit,0.21.0,231,
2026-09-08,Ank.DocToolkit,0.22.0,458,
2026-09-08,Ank.DocToolkit,0.23.0,135,
2026-09-08,Ank.DocToolkit,0.24.0,771,
2026-09-08,Ank.DocToolkit,0.25.0,299,
2026-09-08,Ank.DocToolkit,0.26.0,1329,
2026-09-08,Ank.DocToolkit,0.27.0,415,
2026-09-08,Ank.DocToolkit,0.27.1,211,
2026-09-08,Ank.DocToolkit,0.27.2,265,
2026-09-08,Ank.DocToolkit,0.27.3,122,
2026-09-08,Ank.DocToolkit,0.27.4,233,
2026-09-08,Ank.DocToolkit,0.27.5,278,
2026-09-08,Ank.DocToolkit,0.28.0,562,
2026-09-08,Ank.DocToolkit,0.29.0,415,
2026-09-08,Ank.DocToolkit,0.3.0,99,
2026-09-08,Ank.DocToolkit,0.3.1,98,
2026-09-08,Ank.DocToolkit,0.3.10,105,
2026-09-08,Ank.DocToolkit,0.3.11,130,
2026-09-08,Ank.DocToolkit,0.3.12,142,
2026-09-08,Ank.DocToolkit,0.3.2,225,
2026-09-08,Ank.DocToolkit,0.3.3,98,
2026-09-08,Ank.DocToolkit,0.3.4,105,
2026-09-08,Ank.DocToolkit,0.3.5,123,
2026-09-08,Ank.DocToolkit,0.3.6,136,
2026-09-08,Ank.DocToolkit,0.3.7,125,
2026-09-08,Ank.DocToolkit,0.3.8,112,
2026-09-08,Ank.DocToolkit,0.3.9,129,
2026-09-08,Ank.DocToolkit,0.30.0,337,
2026-09-08,Ank.DocToolkit,0.31.0,248,
2026-09-08,Ank.DocToolkit,0.31.1,219,
2026-09-08,Ank.DocToolkit,0.32.0,1192,
2026-09-08,Ank.DocToolkit,0.33.0,160,
2026-09-08,Ank.DocToolkit,0.33.1,122,
2026-09-08,Ank.DocToolkit,0.33.2,134,
2026-09-08,Ank.DocToolkit,0.33.3,439,
2026-09-08,Ank.DocToolkit,0.33.4,245,
2026-09-08,Ank.DocToolkit,0.33.5,215,
2026-09-08,Ank.DocToolkit,0.34.0,671,
2026-09-08,Ank.DocToolkit,0.35.0,395,
2026-09-08,Ank.DocToolkit,0.36.1,425,
2026-09-08,Ank.DocToolkit,0.37.0,492,
2026-09-08,Ank.DocToolkit,0.38.0,488,
2026-09-08,Ank.DocToolkit,0.39.0,195,
2026-09-08,Ank.DocToolkit,0.4.0,156,
2026-09-08,Ank.DocToolkit,0.40.0,159,
2026-09-08,Ank.DocToolkit,0.41.0,222,
2026-09-08,Ank.DocToolkit,0.42.0,727,
2026-09-08,Ank.DocToolkit,0.43.0,538,
2026-09-08,Ank.DocToolkit,0.44.0,250,
2026-09-08,Ank.DocToolkit,0.44.1,368,
2026-09-08,Ank.DocToolkit,0.45.0,215,
2026-09-08,Ank.DocToolkit,0.45.1,249,
2026-09-08,Ank.DocToolkit,0.46.0,381,
2026-09-08,Ank.DocToolkit,0.47.0,250,
2026-09-08,Ank.DocToolkit,0.48.0,344,
2026-09-08,Ank.DocToolkit,0.49.0,289,
2026-09-08,Ank.DocToolkit,0.5.0,170,
2026-09-08,Ank.DocToolkit,0.50.0,406,
2026-09-08,Ank.DocToolkit,0.51.0,88,
2026-09-08,Ank.DocToolkit,0.52.0,318,
2026-09-08,Ank.DocToolkit,0.53.0,172,
2026-09-08,Ank.DocToolkit,0.54.0,369,
2026-09-08,Ank.DocToolkit,0.55.0,200,
2026-09-08,Ank.DocToolkit,0.56.0,216,
2026-09-08,Ank.DocToolkit,0.57.0,199,
2026-09-08,Ank.DocToolkit,0.57.1,113,
2026-09-08,Ank.DocToolkit,0.6.0,143,
2026-09-08,Ank.DocToolkit,0.7.0,302,
2026-09-08,Ank.DocToolkit,0.8.0,452,
2026-09-08,Ank.DocToolkit,0.9.0,230,
2026-09-08,Ank.DocToolkit.Extensions.DependencyInjection,0.10.0,158,
2026-09-08,Ank.DocToolkit.Extensions.DependencyInjection,0.11.0,349,
2026-09-08,Ank.DocToolkit.Extensions.DependencyInjection,0.12.0,647,
2026-09-08,Ank.DocToolkit.Extensions.DependencyInjection,0.13.0,197,
2026-09-08,Ank.DocToolkit.Extensions.DependencyInjection,0.14.0,308,
2026-09-08,Ank.DocToolkit.Extensions.DependencyInjection,0.15.0,180,
2026-09-08,Ank.DocToolkit.Extensions.DependencyInjection,0.16.0,331,
2026-09-08,Ank.DocToolkit.Extensions.DependencyInjection,0.18.0,152,
2026-09-08,Ank.DocToolkit.Extensions.DependencyInjection,0.18.1,169,
2026-09-08,Ank.DocToolkit.Extensions.DependencyInjection,0.19.0,135,
2026-09-08,Ank.DocToolkit.Extensions.DependencyInjection,0.19.1,140,
2026-09-08,Ank.DocToolkit.Extensions.DependencyInjection,0.2.1,236,
2026-09-08,Ank.DocToolkit.Extensions.DependencyInjection,0.2.2,110,
2026-09-08,Ank.DocToolkit.Extensions.DependencyInjection,0.20.0,293,
2026-09-08,Ank.DocToolkit.Extensions.DependencyInjection,0.21.0,148,
2026-09-08,Ank.DocToolkit.Extensions.DependencyInjection,0.22.0,161,
2026-09-08,Ank.DocToolkit.Extensions.DependencyInjection,0.23.0,128,
2026-09-08,Ank.DocToolkit.Extensions.DependencyInjection,0.24.0,349,
2026-09-08,Ank.DocToolkit.Extensions.DependencyInjection,0.25.0,263,
2026-09-08,Ank.DocToolkit.Extensions.DependencyInjection,0.26.0,300,
2026-09-08,Ank.DocToolkit.Extensions.DependencyInjection,0.27.0,379,
2026-09-08,Ank.DocToolkit.Extensions.DependencyInjection,0.27.1,199,
2026-09-08,Ank.DocToolkit.Extensions.DependencyInjection,0.27.2,252,
2026-09-08,Ank.DocToolkit.Extensions.DependencyInjection,0.27.3,110,
2026-09-08,Ank.DocToolkit.Extensions.DependencyInjection,0.27.4,205,
2026-09-08,Ank.DocToolkit.Extensions.DependencyInjection,0.27.5,266,
2026-09-08,Ank.DocToolkit.Extensions.DependencyInjection,0.28.0,189,
2026-09-08,Ank.DocToolkit.Extensions.DependencyInjection,0.29.0,378,
2026-09-08,Ank.DocToolkit.Extensions.DependencyInjection,0.3.0,96,
2026-09-08,Ank.DocToolkit.Extensions.DependencyInjection,0.3.1,99,
2026-09-08,Ank.DocToolkit.Extensions.DependencyInjection,0.3.10,104,
2026-09-08,Ank.DocToolkit.Extensions.DependencyInjection,0.3.11,130,
2026-09-08,Ank.DocToolkit.Extensions.DependencyInjection,0.3.12,141,
2026-09-08,Ank.DocToolkit.Extensions.DependencyInjection,0.3.2,221,
2026-09-08,Ank.DocToolkit.Extensions.DependencyInjection,0.3.3,100,
2026-09-08,Ank.DocToolkit.Extensions.DependencyInjection,0.3.4,108,
2026-09-08,Ank.DocToolkit.Extensions.DependencyInjection,0.3.5,119,
2026-09-08,Ank.DocToolkit.Extensions.DependencyInjection,0.3.6,134,
2026-09-08,Ank.DocToolkit.Extensions.DependencyInjection,0.3.7,138,
2026-09-08,Ank.DocToolkit.Extensions.DependencyInjection,0.3.8,108,
2026-09-08,Ank.DocToolkit.Extensions.DependencyInjection,0.3.9,133,
2026-09-08,Ank.DocToolkit.Extensions.DependencyInjection,0.30.0,303,
2026-09-08,Ank.DocToolkit.Extensions.DependencyInjection,0.31.0,232,
2026-09-08,Ank.DocToolkit.Extensions.DependencyInjection,0.31.1,207,
2026-09-08,Ank.DocToolkit.Extensions.DependencyInjection,0.32.0,251,
2026-09-08,Ank.DocToolkit.Extensions.DependencyInjection,0.33.0,163,
2026-09-08,Ank.DocToolkit.Extensions.DependencyInjection,0.33.1,119,
2026-09-08,Ank.DocToolkit.Extensions.DependencyInjection,0.33.2,128,
2026-09-08,Ank.DocToolkit.Extensions.DependencyInjection,0.33.3,405,
2026-09-08,Ank.DocToolkit.Extensions.DependencyInjection,0.33.4,228,
2026-09-08,Ank.DocToolkit.Extensions.DependencyInjection,0.33.5,199,
2026-09-08,Ank.DocToolkit.Extensions.DependencyInjection,0.34.0,147,
2026-09-08,Ank.DocToolkit.Extensions.DependencyInjection,0.35.0,285,
2026-09-08,Ank.DocToolkit.Extensions.DependencyInjection,0.36.1,257,
2026-09-08,Ank.DocToolkit.Extensions.DependencyInjection,0.37.0,439,
2026-09-08,Ank.DocToolkit.Extensions.DependencyInjection,0.38.0,143,
2026-09-08,Ank.DocToolkit.Extensions.DependencyInjection,0.39.0,180,
2026-09-08,Ank.DocToolkit.Extensions.DependencyInjection,0.4.0,154,
2026-09-08,Ank.DocToolkit.Extensions.DependencyInjection,0.40.0,161,
2026-09-08,Ank.DocToolkit.Extensions.DependencyInjection,0.41.0,207,
2026-09-08,Ank.DocToolkit.Extensions.DependencyInjection,0.42.0,650,
2026-09-08,Ank.DocToolkit.Extensions.DependencyInjection,0.43.0,131,
2026-09-08,Ank.DocToolkit.Extensions.DependencyInjection,0.44.0,234,
2026-09-08,Ank.DocToolkit.Extensions.DependencyInjection,0.44.1,333,
2026-09-08,Ank.DocToolkit.Extensions.DependencyInjection,0.45.0,189,
2026-09-08,Ank.DocToolkit.Extensions.DependencyInjection,0.45.1,225,
2026-09-08,Ank.DocToolkit.Extensions.DependencyInjection,0.46.0,198,
2026-09-08,Ank.DocToolkit.Extensions.DependencyInjection,0.47.0,217,
2026-09-08,Ank.DocToolkit.Extensions.DependencyInjection,0.48.0,154,
2026-09-08,Ank.DocToolkit.Extensions.DependencyInjection,0.49.0,223,
2026-09-08,Ank.DocToolkit.Extensions.DependencyInjection,0.5.0,166,
2026-09-08,Ank.DocToolkit.Extensions.DependencyInjection,0.50.0,169,
2026-09-08,Ank.DocToolkit.Extensions.DependencyInjection,0.51.0,88,
2026-09-08,Ank.DocToolkit.Extensions.DependencyInjection,0.52.0,219,
2026-09-08,Ank.DocToolkit.Extensions.DependencyInjection,0.53.0,158,
2026-09-08,Ank.DocToolkit.Extensions.DependencyInjection,0.54.0,147,
2026-09-08,Ank.DocToolkit.Extensions.DependencyInjection,0.55.0,186,
2026-09-08,Ank.DocToolkit.Extensions.DependencyInjection,0.56.0,120,
2026-09-08,Ank.DocToolkit.Extensions.DependencyInjection,0.57.0,175,
2026-09-08,Ank.DocToolkit.Extensions.DependencyInjection,0.57.1,102,
2026-09-08,Ank.DocToolkit.Extensions.DependencyInjection,0.6.0,136,
2026-09-08,Ank.DocToolkit.Extensions.DependencyInjection,0.7.0,185,
2026-09-08,Ank.DocToolkit.Extensions.DependencyInjection,0.8.0,144,
2026-09-08,Ank.DocToolkit.Extensions.DependencyInjection,0.9.0,227,
2026-09-09,Ank.DocToolkit,0.1.0,360,
2026-09-09,Ank.DocToolkit,0.10.0,461,
2026-09-09,Ank.DocToolkit,0.11.0,1071,
2026-09-09,Ank.DocToolkit,0.12.0,894,
2026-09-09,Ank.DocToolkit,0.13.0,358,
2026-09-09,Ank.DocToolkit,0.14.0,330,
2026-09-09,Ank.DocToolkit,0.15.0,345,
2026-09-09,Ank.DocToolkit,0.16.0,363,
2026-09-09,Ank.DocToolkit,0.18.0,166,
2026-09-09,Ank.DocToolkit,0.18.1,341,
2026-09-09,Ank.DocToolkit,0.19.0,140,
2026-09-09,Ank.DocToolkit,0.19.1,261,
2026-09-09,Ank.DocToolkit,0.2.0,1488,
2026-09-09,Ank.DocToolkit,0.2.1,234,
2026-09-09,Ank.DocToolkit,0.2.2,102,
2026-09-09,Ank.DocToolkit,0.20.0,329,
2026-09-09,Ank.DocToolkit,0.21.0,231,
2026-09-09,Ank.DocToolkit,0.22.0,458,
2026-09-09,Ank.DocToolkit,0.23.0,136,
2026-09-09,Ank.DocToolkit,0.24.0,771,
2026-09-09,Ank.DocToolkit,0.25.0,299,
2026-09-09,Ank.DocToolkit,0.26.0,1329,
2026-09-09,Ank.DocToolkit,0.27.0,415,
2026-09-09,Ank.DocToolkit,0.27.1,211,
2026-09-09,Ank.DocToolkit,0.27.2,265,
2026-09-09,Ank.DocToolkit,0.27.3,123,
2026-09-09,Ank.DocToolkit,0.27.4,233,
2026-09-09,Ank.DocToolkit,0.27.5,278,
2026-09-09,Ank.DocToolkit,0.28.0,562,
2026-09-09,Ank.DocToolkit,0.29.0,415,
2026-09-09,Ank.DocToolkit,0.3.0,99,
2026-09-09,Ank.DocToolkit,0.3.1,98,
2026-09-09,Ank.DocToolkit,0.3.10,105,
2026-09-09,Ank.DocToolkit,0.3.11,130,
2026-09-09,Ank.DocToolkit,0.3.12,142,
2026-09-09,Ank.DocToolkit,0.3.2,225,
2026-09-09,Ank.DocToolkit,0.3.3,98,
2026-09-09,Ank.DocToolkit,0.3.4,105,
2026-09-09,Ank.DocToolkit,0.3.5,123,
2026-09-09,Ank.DocToolkit,0.3.6,136,
2026-09-09,Ank.DocToolkit,0.3.7,125,
2026-09-09,Ank.DocToolkit,0.3.8,112,
2026-09-09,Ank.DocToolkit,0.3.9,129,
2026-09-09,Ank.DocToolkit,0.30.0,337,
2026-09-09,Ank.DocToolkit,0.31.0,248,
2026-09-09,Ank.DocToolkit,0.31.1,219,
2026-09-09,Ank.DocToolkit,0.32.0,1192,
2026-09-09,Ank.DocToolkit,0.33.0,160,
2026-09-09,Ank.DocToolkit,0.33.1,122,
2026-09-09,Ank.DocToolkit,0.33.2,134,
2026-09-09,Ank.DocToolkit,0.33.3,439,
2026-09-09,Ank.DocToolkit,0.33.4,245,
2026-09-09,Ank.DocToolkit,0.33.5,215,
2026-09-09,Ank.DocToolkit,0.34.0,671,
2026-09-09,Ank.DocToolkit,0.35.0,395,
2026-09-09,Ank.DocToolkit,0.36.1,425,
2026-09-09,Ank.DocToolkit,0.37.0,492,
2026-09-09,Ank.DocToolkit,0.38.0,488,
2026-09-09,Ank.DocToolkit,0.39.0,195,
2026-09-09,Ank.DocToolkit,0.4.0,156,
2026-09-09,Ank.DocToolkit,0.40.0,159,
2026-09-09,Ank.DocToolkit,0.41.0,222,
2026-09-09,Ank.DocToolkit,0.42.0,727,
2026-09-09,Ank.DocToolkit,0.43.0,538,
2026-09-09,Ank.DocToolkit,0.44.0,251,
2026-09-09,Ank.DocToolkit,0.44.1,368,
2026-09-09,Ank.DocToolkit,0.45.0,215,
2026-09-09,Ank.DocToolkit,0.45.1,249,
2026-09-09,Ank.DocToolkit,0.46.0,381,
2026-09-09,Ank.DocToolkit,0.47.0,252,
2026-09-09,Ank.DocToolkit,0.48.0,346,
2026-09-09,Ank.DocToolkit,0.49.0,291,
2026-09-09,Ank.DocToolkit,0.5.0,170,
2026-09-09,Ank.DocToolkit,0.50.0,410,
2026-09-09,Ank.DocToolkit,0.51.0,92,
2026-09-09,Ank.DocToolkit,0.52.0,321,
2026-09-09,Ank.DocToolkit,0.53.0,175,
2026-09-09,Ank.DocToolkit,0.54.0,370,
2026-09-09,Ank.DocToolkit,0.55.0,200,
2026-09-09,Ank.DocToolkit,0.56.0,218,
2026-09-09,Ank.DocToolkit,0.57.0,201,
2026-09-09,Ank.DocToolkit,0.57.1,115,
2026-09-09,Ank.DocToolkit,0.6.0,143,
2026-09-09,Ank.DocToolkit,0.7.0,302,
2026-09-09,Ank.DocToolkit,0.8.0,452,
2026-09-09,Ank.DocToolkit,0.9.0,230,
2026-09-09,Ank.DocToolkit.Extensions.DependencyInjection,0.10.0,158,
2026-09-09,Ank.DocToolkit.Extensions.DependencyInjection,0.11.0,349,
2026-09-09,Ank.DocToolkit.Extensions.DependencyInjection,0.12.0,647,
2026-09-09,Ank.DocToolkit.Extensions.DependencyInjection,0.13.0,197,
2026-09-09,Ank.DocToolkit.Extensions.DependencyInjection,0.14.0,308,
2026-09-09,Ank.DocToolkit.Extensions.DependencyInjection,0.15.0,180,
2026-09-09,Ank.DocToolkit.Extensions.DependencyInjection,0.16.0,331,
2026-09-09,Ank.DocToolkit.Extensions.DependencyInjection,0.18.0,152,
2026-09-09,Ank.DocToolkit.Extensions.DependencyInjection,0.18.1,170,
2026-09-09,Ank.DocToolkit.Extensions.DependencyInjection,0.19.0,136,
2026-09-09,Ank.DocToolkit.Extensions.DependencyInjection,0.19.1,140,
2026-09-09,Ank.DocToolkit.Extensions.DependencyInjection,0.2.1,236,
2026-09-09,Ank.DocToolkit.Extensions.DependencyInjection,0.2.2,110,
2026-09-09,Ank.DocToolkit.Extensions.DependencyInjection,0.20.0,293,
2026-09-09,Ank.DocToolkit.Extensions.DependencyInjection,0.21.0,148,
2026-09-09,Ank.DocToolkit.Extensions.DependencyInjection,0.22.0,161,
2026-09-09,Ank.DocToolkit.Extensions.DependencyInjection,0.23.0,128,
2026-09-09,Ank.DocToolkit.Extensions.DependencyInjection,0.24.0,349,
2026-09-09,Ank.DocToolkit.Extensions.DependencyInjection,0.25.0,264,
2026-09-09,Ank.DocToolkit.Extensions.DependencyInjection,0.26.0,300,
2026-09-09,Ank.DocToolkit.Extensions.DependencyInjection,0.27.0,379,
2026-09-09,Ank.DocToolkit.Extensions.DependencyInjection,0.27.1,199,
2026-09-09,Ank.DocToolkit.Extensions.DependencyInjection,0.27.2,252,
2026-09-09,Ank.DocToolkit.Extensions.DependencyInjection,0.27.3,110,
2026-09-09,Ank.DocToolkit.Extensions.DependencyInjection,0.27.4,205,
2026-09-09,Ank.DocToolkit.Extensions.DependencyInjection,0.27.5,266,
2026-09-09,Ank.DocToolkit.Extensions.DependencyInjection,0.28.0,189,
2026-09-09,Ank.DocToolkit.Extensions.DependencyInjection,0.29.0,378,
2026-09-09,Ank.DocToolkit.Extensions.DependencyInjection,0.3.0,96,
2026-09-09,Ank.DocToolkit.Extensions.DependencyInjection,0.3.1,99,
2026-09-09,Ank.DocToolkit.Extensions.DependencyInjection,0.3.10,104,
2026-09-09,Ank.DocToolkit.Extensions.DependencyInjection,0.3.11,130,
2026-09-09,Ank.DocToolkit.Extensions.DependencyInjection,0.3.12,141,
2026-09-09,Ank.DocToolkit.Extensions.DependencyInjection,0.3.2,221,
2026-09-09,Ank.DocToolkit.Extensions.DependencyInjection,0.3.3,101,
2026-09-09,Ank.DocToolkit.Extensions.DependencyInjection,0.3.4,108,
2026-09-09,Ank.DocToolkit.Extensions.DependencyInjection,0.3.5,120,
2026-09-09,Ank.DocToolkit.Extensions.DependencyInjection,0.3.6,134,
2026-09-09,Ank.DocToolkit.Extensions.DependencyInjection,0.3.7,138,
2026-09-09,Ank.DocToolkit.Extensions.DependencyInjection,0.3.8,108,
2026-09-09,Ank.DocToolkit.Extensions.DependencyInjection,0.3.9,133,
2026-09-09,Ank.DocToolkit.Extensions.DependencyInjection,0.30.0,303,
2026-09-09,Ank.DocToolkit.Extensions.DependencyInjection,0.31.0,232,
2026-09-09,Ank.DocToolkit.Extensions.DependencyInjection,0.31.1,207,
2026-09-09,Ank.DocToolkit.Extensions.DependencyInjection,0.32.0,251,
2026-09-09,Ank.DocToolkit.Extensions.DependencyInjection,0.33.0,163,
2026-09-09,Ank.DocToolkit.Extensions.DependencyInjection,0.33.1,119,
2026-09-09,Ank.DocToolkit.Extensions.DependencyInjection,0.33.2,128,
2026-09-09,Ank.DocToolkit.Extensions.DependencyInjection,0.33.3,405,
2026-09-09,Ank.DocToolkit.Extensions.DependencyInjection,0.33.4,228,
2026-09-09,Ank.DocToolkit.Extensions.DependencyInjection,0.33.5,199,
2026-09-09,Ank.DocToolkit.Extensions.DependencyInjection,0.34.0,147,
2026-09-09,Ank.DocToolkit.Extensions.DependencyInjection,0.35.0,285,
2026-09-09,Ank.DocToolkit.Extensions.DependencyInjection,0.36.1,257,
2026-09-09,Ank.DocToolkit.Extensions.DependencyInjection,0.37.0,439,
2026-09-09,Ank.DocToolkit.Extensions.DependencyInjection,0.38.0,143,
2026-09-09,Ank.DocToolkit.Extensions.DependencyInjection,0.39.0,180,
2026-09-09,Ank.DocToolkit.Extensions.DependencyInjection,0.4.0,154,
2026-09-09,Ank.DocToolkit.Extensions.DependencyInjection,0.40.0,161,
2026-09-09,Ank.DocToolkit.Extensions.DependencyInjection,0.41.0,207,
2026-09-09,Ank.DocToolkit.Extensions.DependencyInjection,0.42.0,652,
2026-09-09,Ank.DocToolkit.Extensions.DependencyInjection,0.43.0,131,
2026-09-09,Ank.DocToolkit.Extensions.DependencyInjection,0.44.0,234,
2026-09-09,Ank.DocToolkit.Extensions.DependencyInjection,0.44.1,333,
2026-09-09,Ank.DocToolkit.Extensions.DependencyInjection,0.45.0,189,
2026-09-09,Ank.DocToolkit.Extensions.DependencyInjection,0.45.1,225,
2026-09-09,Ank.DocToolkit.Extensions.DependencyInjection,0.46.0,200,
2026-09-09,Ank.DocToolkit.Extensions.DependencyInjection,0.47.0,220,
2026-09-09,Ank.DocToolkit.Extensions.DependencyInjection,0.48.0,156,
2026-09-09,Ank.DocToolkit.Extensions.DependencyInjection,0.49.0,225,
2026-09-09,Ank.DocToolkit.Extensions.DependencyInjection,0.5.0,166,
2026-09-09,Ank.DocToolkit.Extensions.DependencyInjection,0.50.0,171,
2026-09-09,Ank.DocToolkit.Extensions.DependencyInjection,0.51.0,91,
2026-09-09,Ank.DocToolkit.Extensions.DependencyInjection,0.52.0,222,
2026-09-09,Ank.DocToolkit.Extensions.DependencyInjection,0.53.0,160,
2026-09-09,Ank.DocToolkit.Extensions.DependencyInjection,0.54.0,150,
2026-09-09,Ank.DocToolkit.Extensions.DependencyInjection,0.55.0,187,
2026-09-09,Ank.DocToolkit.Extensions.DependencyInjection,0.56.0,121,
2026-09-09,Ank.DocToolkit.Extensions.DependencyInjection,0.57.0,177,
2026-09-09,Ank.DocToolkit.Extensions.DependencyInjection,0.57.1,106,
2026-09-09,Ank.DocToolkit.Extensions.DependencyInjection,0.6.0,136,
2026-09-09,Ank.DocToolkit.Extensions.DependencyInjection,0.7.0,185,
2026-09-09,Ank.DocToolkit.Extensions.DependencyInjection,0.8.0,144,
2026-09-09,Ank.DocToolkit.Extensions.DependencyInjection,0.9.0,228,
2026-09-10,Ank.DocToolkit,0.1.0,361,
2026-09-10,Ank.DocToolkit,0.10.0,462,
2026-09-10,Ank.DocToolkit,0.11.0,1073,
2026-09-10,Ank.DocToolkit,0.12.0,895,
2026-09-10,Ank.DocToolkit,0.13.0,359,
2026-09-10,Ank.DocToolkit,0.14.0,331,
2026-09-10,Ank.DocToolkit,0.15.0,346,
2026-09-10,Ank.DocToolkit,0.16.0,364,
2026-09-10,Ank.DocToolkit,0.18.0,167,
2026-09-10,Ank.DocToolkit,0.18.1,342,
2026-09-10,Ank.DocToolkit,0.19.0,142,
2026-09-10,Ank.DocToolkit,0.19.1,262,
2026-09-10,Ank.DocToolkit,0.2.0,1489,
2026-09-10,Ank.DocToolkit,0.2.1,235,
2026-09-10,Ank.DocToolkit,0.2.2,103,
2026-09-10,Ank.DocToolkit,0.20.0,330,
2026-09-10,Ank.DocToolkit,0.21.0,232,
2026-09-10,Ank.DocToolkit,0.22.0,459,
2026-09-10,Ank.DocToolkit,0.23.0,137,
2026-09-10,Ank.DocToolkit,0.24.0,772,
2026-09-10,Ank.DocToolkit,0.25.0,300,
2026-09-10,Ank.DocToolkit,0.26.0,1330,
2026-09-10,Ank.DocToolkit,0.27.0,416,
2026-09-10,Ank.DocToolkit,0.27.1,212,
2026-09-10,Ank.DocToolkit,0.27.2,266,
2026-09-10,Ank.DocToolkit,0.27.3,124,
2026-09-10,Ank.DocToolkit,0.27.4,234,
2026-09-10,Ank.DocToolkit,0.27.5,279,
2026-09-10,Ank.DocToolkit,0.28.0,563,
2026-09-10,Ank.DocToolkit,0.29.0,416,
2026-09-10,Ank.DocToolkit,0.3.0,100,
2026-09-10,Ank.DocToolkit,0.3.1,99,
2026-09-10,Ank.DocToolkit,0.3.10,106,
2026-09-10,Ank.DocToolkit,0.3.11,131,
2026-09-10,Ank.DocToolkit,0.3.12,143,
2026-09-10,Ank.DocToolkit,0.3.2,226,
2026-09-10,Ank.DocToolkit,0.3.3,99,
2026-09-10,Ank.DocToolkit,0.3.4,106,
2026-09-10,Ank.DocToolkit,0.3.5,124,
2026-09-10,Ank.DocToolkit,0.3.6,137,
2026-09-10,Ank.DocToolkit,0.3.7,126,
2026-09-10,Ank.DocToolkit,0.3.8,113,
2026-09-10,Ank.DocToolkit,0.3.9,130,
2026-09-10,Ank.DocToolkit,0.30.0,338,
2026-09-10,Ank.DocToolkit,0.31.0,249,
2026-09-10,Ank.DocToolkit,0.31.1,220,
2026-09-10,Ank.DocToolkit,0.32.0,1193,
2026-09-10,Ank.DocToolkit,0.33.0,161,
2026-09-10,Ank.DocToolkit,0.33.1,123,
2026-09-10,Ank.DocToolkit,0.33.2,135,
2026-09-10,Ank.DocToolkit,0.33.3,440,
2026-09-10,Ank.DocToolkit,0.33.4,246,
2026-09-10,Ank.DocToolkit,0.33.5,216,
2026-09-10,Ank.DocToolkit,0.34.0,672,
2026-09-10,Ank.DocToolkit,0.35.0,396,
2026-09-10,Ank.DocToolkit,0.36.1,426,
2026-09-10,Ank.DocToolkit,0.37.0,493,
2026-09-10,Ank.DocToolkit,0.38.0,489,
2026-09-10,Ank.DocToolkit,0.39.0,196,
2026-09-10,Ank.DocToolkit,0.4.0,157,
2026-09-10,Ank.DocToolkit,0.40.0,160,
2026-09-10,Ank.DocToolkit,0.41.0,223,
2026-09-10,Ank.DocToolkit,0.42.0,728,
2026-09-10,Ank.DocToolkit,0.43.0,540,
2026-09-10,Ank.DocToolkit,0.44.0,253,
2026-09-10,Ank.DocToolkit,0.44.1,370,
2026-09-10,Ank.DocToolkit,0.45.0,217,
2026-09-10,Ank.DocToolkit,0.45.1,251,
2026-09-10,Ank.DocToolkit,0.46.0,383,
2026-09-10,Ank.DocToolkit,0.47.0,254,
2026-09-10,Ank.DocToolkit,0.48.0,348,
2026-09-10,Ank.DocToolkit,0.49.0,293,
2026-09-10,Ank.DocToolkit,0.5.0,171,
2026-09-10,Ank.DocToolkit,0.50.0,415,
2026-09-10,Ank.DocToolkit,0.51.0,97,
2026-09-10,Ank.DocToolkit,0.52.0,323,
2026-09-10,Ank.DocToolkit,0.53.0,180,
2026-09-10,Ank.DocToolkit,0.54.0,379,
2026-09-10,Ank.DocToolkit,0.55.0,205,
2026-09-10,Ank.DocToolkit,0.56.0,229,
2026-09-10,Ank.DocToolkit,0.57.0,206,
2026-09-10,Ank.DocToolkit,0.57.1,130,
2026-09-10,Ank.DocToolkit,0.6.0,144,
2026-09-10,Ank.DocToolkit,0.7.0,303,
2026-09-10,Ank.DocToolkit,0.8.0,453,
2026-09-10,Ank.DocToolkit,0.9.0,231,
2026-09-10,Ank.DocToolkit.Extensions.DependencyInjection,0.10.0,159,
2026-09-10,Ank.DocToolkit.Extensions.DependencyInjection,0.11.0,350,
2026-09-10,Ank.DocToolkit.Extensions.DependencyInjection,0.12.0,648,
2026-09-10,Ank.DocToolkit.Extensions.DependencyInjection,0.13.0,198,
2026-09-10,Ank.DocToolkit.Extensions.DependencyInjection,0.14.0,309,
2026-09-10,Ank.DocToolkit.Extensions.DependencyInjection,0.15.0,181,
2026-09-10,Ank.DocToolkit.Extensions.DependencyInjection,0.16.0,332,
2026-09-10,Ank.DocToolkit.Extensions.DependencyInjection,0.18.0,153,
2026-09-10,Ank.DocToolkit.Extensions.DependencyInjection,0.18.1,171,
2026-09-10,Ank.DocToolkit.Extensions.DependencyInjection,0.19.0,137,
2026-09-10,Ank.DocToolkit.Extensions.DependencyInjection,0.19.1,141,
2026-09-10,Ank.DocToolkit.Extensions.DependencyInjection,0.2.1,237,
2026-09-10,Ank.DocToolkit.Extensions.DependencyInjection,0.2.2,111,
2026-09-10,Ank.DocToolkit.Extensions.DependencyInjection,0.20.0,294,
2026-09-10,Ank.DocToolkit.Extensions.DependencyInjection,0.21.0,149,
2026-09-10,Ank.DocToolkit.Extensions.DependencyInjection,0.22.0,162,
2026-09-10,Ank.DocToolkit.Extensions.DependencyInjection,0.23.0,129,
2026-09-10,Ank.DocToolkit.Extensions.DependencyInjection,0.24.0,350,
2026-09-10,Ank.DocToolkit.Extensions.DependencyInjection,0.25.0,265,
2026-09-10,Ank.DocToolkit.Extensions.DependencyInjection,0.26.0,301,
2026-09-10,Ank.DocToolkit.Extensions.DependencyInjection,0.27.0,380,
2026-09-10,Ank.DocToolkit.Extensions.DependencyInjection,0.27.1,200,
2026-09-10,Ank.DocToolkit.Extensions.DependencyInjection,0.27.2,253,
2026-09-10,Ank.DocToolkit.Extensions.DependencyInjection,0.27.3,111,
2026-09-10,Ank.DocToolkit.Extensions.DependencyInjection,0.27.4,206,
2026-09-10,Ank.DocToolkit.Extensions.DependencyInjection,0.27.5,267,
2026-09-10,Ank.DocToolkit.Extensions.DependencyInjection,0.28.0,190,
2026-09-10,Ank.DocToolkit.Extensions.DependencyInjection,0.29.0,379,
2026-09-10,Ank.DocToolkit.Extensions.DependencyInjection,0.3.0,97,
2026-09-10,Ank.DocToolkit.Extensions.DependencyInjection,0.3.1,100,
2026-09-10,Ank.DocToolkit.Extensions.DependencyInjection,0.3.10,105,
2026-09-10,Ank.DocToolkit.Extensions.DependencyInjection,0.3.11,133,
2026-09-10,Ank.DocToolkit.Extensions.DependencyInjection,0.3.12,142,
2026-09-10,Ank.DocToolkit.Extensions.DependencyInjection,0.3.2,222,
2026-09-10,Ank.DocToolkit.Extensions.DependencyInjection,0.3.3,102,
2026-09-10,Ank.DocToolkit.Extensions.DependencyInjection,0.3.4,109,
2026-09-10,Ank.DocToolkit.Extensions.DependencyInjection,0.3.5,121,
2026-09-10,Ank.DocToolkit.Extensions.DependencyInjection,0.3.6,135,
2026-09-10,Ank.DocToolkit.Extensions.DependencyInjection,0.3.7,139,
2026-09-10,Ank.DocToolkit.Extensions.DependencyInjection,0.3.8,109,
2026-09-10,Ank.DocToolkit.Extensions.DependencyInjection,0.3.9,134,
2026-09-10,Ank.DocToolkit.Extensions.DependencyInjection,0.30.0,304,
2026-09-10,Ank.DocToolkit.Extensions.DependencyInjection,0.31.0,233,
2026-09-10,Ank.DocToolkit.Extensions.DependencyInjection,0.31.1,208,
2026-09-10,Ank.DocToolkit.Extensions.DependencyInjection,0.32.0,252,
2026-09-10,Ank.DocToolkit.Extensions.DependencyInjection,0.33.0,164,
2026-09-10,Ank.DocToolkit.Extensions.DependencyInjection,0.33.1,120,
2026-09-10,Ank.DocToolkit.Extensions.DependencyInjection,0.33.2,129,
2026-09-10,Ank.DocToolkit.Extensions.DependencyInjection,0.33.3,406,
2026-09-10,Ank.DocToolkit.Extensions.DependencyInjection,0.33.4,229,
2026-09-10,Ank.DocToolkit.Extensions.DependencyInjection,0.33.5,200,
2026-09-10,Ank.DocToolkit.Extensions.DependencyInjection,0.34.0,149,
2026-09-10,Ank.DocToolkit.Extensions.DependencyInjection,0.35.0,286,
2026-09-10,Ank.DocToolkit.Extensions.DependencyInjection,0.36.1,258,
2026-09-10,Ank.DocToolkit.Extensions.DependencyInjection,0.37.0,440,
2026-09-10,Ank.DocToolkit.Extensions.DependencyInjection,0.38.0,144,
2026-09-10,Ank.DocToolkit.Extensions.DependencyInjection,0.39.0,181,
2026-09-10,Ank.DocToolkit.Extensions.DependencyInjection,0.4.0,155,
2026-09-10,Ank.DocToolkit.Extensions.DependencyInjection,0.40.0,162,
2026-09-10,Ank.DocToolkit.Extensions.DependencyInjection,0.41.0,209,
2026-09-10,Ank.DocToolkit.Extensions.DependencyInjection,0.42.0,653,
2026-09-10,Ank.DocToolkit.Extensions.DependencyInjection,0.43.0,133,
2026-09-10,Ank.DocToolkit.Extensions.DependencyInjection,0.44.0,237,
2026-09-10,Ank.DocToolkit.Extensions.DependencyInjection,0.44.1,335,
2026-09-10,Ank.DocToolkit.Extensions.DependencyInjection,0.45.0,192,
2026-09-10,Ank.DocToolkit.Extensions.DependencyInjection,0.45.1,229,
2026-09-10,Ank.DocToolkit.Extensions.DependencyInjection,0.46.0,203,
2026-09-10,Ank.DocToolkit.Extensions.DependencyInjection,0.47.0,223,
2026-09-10,Ank.DocToolkit.Extensions.DependencyInjection,0.48.0,159,
2026-09-10,Ank.DocToolkit.Extensions.DependencyInjection,0.49.0,229,
2026-09-10,Ank.DocToolkit.Extensions.DependencyInjection,0.5.0,167,
2026-09-10,Ank.DocToolkit.Extensions.DependencyInjection,0.50.0,175,
2026-09-10,Ank.DocToolkit.Extensions.DependencyInjection,0.51.0,97,
2026-09-10,Ank.DocToolkit.Extensions.DependencyInjection,0.52.0,227,
2026-09-10,Ank.DocToolkit.Extensions.DependencyInjection,0.53.0,166,
2026-09-10,Ank.DocToolkit.Extensions.DependencyInjection,0.54.0,156,
2026-09-10,Ank.DocToolkit.Extensions.DependencyInjection,0.55.0,192,
2026-09-10,Ank.DocToolkit.Extensions.DependencyInjection,0.56.0,134,
2026-09-10,Ank.DocToolkit.Extensions.DependencyInjection,0.57.0,191,
2026-09-10,Ank.DocToolkit.Extensions.DependencyInjection,0.57.1,121,
2026-09-10,Ank.DocToolkit.Extensions.DependencyInjection,0.6.0,137,
2026-09-10,Ank.DocToolkit.Extensions.DependencyInjection,0.7.0,186,
2026-09-10,Ank.DocToolkit.Extensions.DependencyInjection,0.8.0,145,
2026-09-10,Ank.DocToolkit.Extensions.DependencyInjection,0.9.0,229,
2026-09-11,Ank.DocToolkit,0.1.0,361,
2026-09-11,Ank.DocToolkit,0.10.0,462,
2026-09-11,Ank.DocToolkit,0.11.0,1073,
2026-09-11,Ank.DocToolkit,0.12.0,895,
2026-09-11,Ank.DocToolkit,0.13.0,359,
2026-09-11,Ank.DocToolkit,0.14.0,331,
2026-09-11,Ank.DocToolkit,0.15.0,346,
2026-09-11,Ank.DocToolkit,0.16.0,364,
2026-09-11,Ank.DocToolkit,0.18.0,167,
2026-09-11,Ank.DocToolkit,0.18.1,342,
2026-09-11,Ank.DocToolkit,0.19.0,142,
2026-09-11,Ank.DocToolkit,0.19.1,262,
2026-09-11,Ank.DocToolkit,0.2.0,1489,
2026-09-11,Ank.DocToolkit,0.2.1,235,
2026-09-11,Ank.DocToolkit,0.2.2,103,
2026-09-11,Ank.DocToolkit,0.20.0,330,
2026-09-11,Ank.DocToolkit,0.21.0,232,
2026-09-11,Ank.DocToolkit,0.22.0,460,
2026-09-11,Ank.DocToolkit,0.23.0,138,
2026-09-11,Ank.DocToolkit,0.24.0,773,
2026-09-11,Ank.DocToolkit,0.25.0,301,
2026-09-11,Ank.DocToolkit,0.26.0,1331,
2026-09-11,Ank.DocToolkit,0.27.0,417,
2026-09-11,Ank.DocToolkit,0.27.1,213,
2026-09-11,Ank.DocToolkit,0.27.2,267,
2026-09-11,Ank.DocToolkit,0.27.3,125,
2026-09-11,Ank.DocToolkit,0.27.4,235,
2026-09-11,Ank.DocToolkit,0.27.5,280,
2026-09-11,Ank.DocToolkit,0.28.0,564,
2026-09-11,Ank.DocToolkit,0.29.0,417,
2026-09-11,Ank.DocToolkit,0.3.0,100,
2026-09-11,Ank.DocToolkit,0.3.1,100,
2026-09-11,Ank.DocToolkit,0.3.10,106,
2026-09-11,Ank.DocToolkit,0.3.11,131,
2026-09-11,Ank.DocToolkit,0.3.12,143,
2026-09-11,Ank.DocToolkit,0.3.2,227,
2026-09-11,Ank.DocToolkit,0.3.3,100,
2026-09-11,Ank.DocToolkit,0.3.4,106,
2026-09-11,Ank.DocToolkit,0.3.5,125,
2026-09-11,Ank.DocToolkit,0.3.6,137,
2026-09-11,Ank.DocToolkit,0.3.7,126,
2026-09-11,Ank.DocToolkit,0.3.8,113,
2026-09-11,Ank.DocToolkit,0.3.9,130,
2026-09-11,Ank.DocToolkit,0.30.0,339,
2026-09-11,Ank.DocToolkit,0.31.0,250,
2026-09-11,Ank.DocToolkit,0.31.1,221,
2026-09-11,Ank.DocToolkit,0.32.0,1194,
2026-09-11,Ank.DocToolkit,0.33.0,162,
2026-09-11,Ank.DocToolkit,0.33.1,124,
2026-09-11,Ank.DocToolkit,0.33.2,136,
2026-09-11,Ank.DocToolkit,0.33.3,441,
2026-09-11,Ank.DocToolkit,0.33.4,248,
2026-09-11,Ank.DocToolkit,0.33.5,218,
2026-09-11,Ank.DocToolkit,0.34.0,674,
2026-09-11,Ank.DocToolkit,0.35.0,398,
2026-09-11,Ank.DocToolkit,0.36.1,427,
2026-09-11,Ank.DocToolkit,0.37.0,495,
2026-09-11,Ank.DocToolkit,0.38.0,491,
2026-09-11,Ank.DocToolkit,0.39.0,199,
2026-09-11,Ank.DocToolkit,0.4.0,159,
2026-09-11,Ank.DocToolkit,0.40.0,162,
2026-09-11,Ank.DocToolkit,0.41.0,225,
2026-09-11,Ank.DocToolkit,0.42.0,730,
2026-09-11,Ank.DocToolkit,0.43.0,541,
2026-09-11,Ank.DocToolkit,0.44.0,254,
2026-09-11,Ank.DocToolkit,0.44.1,371,
2026-09-11,Ank.DocToolkit,0.45.0,218,
2026-09-11,Ank.DocToolkit,0.45.1,252,
2026-09-11,Ank.DocToolkit,0.46.0,384,
2026-09-11,Ank.DocToolkit,0.47.0,256,
2026-09-11,Ank.DocToolkit,0.48.0,350,
2026-09-11,Ank.DocToolkit,0.49.0,295,
2026-09-11,Ank.DocToolkit,0.5.0,171,
2026-09-11,Ank.DocToolkit,0.50.0,417,
2026-09-11,Ank.DocToolkit,0.51.0,99,
2026-09-11,Ank.DocToolkit,0.52.0,326,
2026-09-11,Ank.DocToolkit,0.53.0,182,
2026-09-11,Ank.DocToolkit,0.54.0,382,
2026-09-11,Ank.DocToolkit,0.55.0,207,
2026-09-11,Ank.DocToolkit,0.56.0,231,
2026-09-11,Ank.DocToolkit,0.57.0,208,
2026-09-11,Ank.DocToolkit,0.57.1,134,
2026-09-11,Ank.DocToolkit,0.6.0,144,
2026-09-11,Ank.DocToolkit,0.7.0,304,
2026-09-11,Ank.DocToolkit,0.8.0,453,
2026-09-11,Ank.DocToolkit,0.9.0,231,
2026-09-11,Ank.DocToolkit.Extensions.DependencyInjection,0.10.0,159,
2026-09-11,Ank.DocToolkit.Extensions.DependencyInjection,0.11.0,350,
2026-09-11,Ank.DocToolkit.Extensions.DependencyInjection,0.12.0,648,
2026-09-11,Ank.DocToolkit.Extensions.DependencyInjection,0.13.0,198,
2026-09-11,Ank.DocToolkit.Extensions.DependencyInjection,0.14.0,309,
2026-09-11,Ank.DocToolkit.Extensions.DependencyInjection,0.15.0,181,
2026-09-11,Ank.DocToolkit.Extensions.DependencyInjection,0.16.0,332,
2026-09-11,Ank.DocToolkit.Extensions.DependencyInjection,0.18.0,153,
2026-09-11,Ank.DocToolkit.Extensions.DependencyInjection,0.18.1,171,
2026-09-11,Ank.DocToolkit.Extensions.DependencyInjection,0.19.0,137,
2026-09-11,Ank.DocToolkit.Extensions.DependencyInjection,0.19.1,141,
2026-09-11,Ank.DocToolkit.Extensions.DependencyInjection,0.2.1,237,
2026-09-11,Ank.DocToolkit.Extensions.DependencyInjection,0.2.2,111,
2026-09-11,Ank.DocToolkit.Extensions.DependencyInjection,0.20.0,294,
2026-09-11,Ank.DocToolkit.Extensions.DependencyInjection,0.21.0,149,
2026-09-11,Ank.DocToolkit.Extensions.DependencyInjection,0.22.0,163,
2026-09-11,Ank.DocToolkit.Extensions.DependencyInjection,0.23.0,130,
2026-09-11,Ank.DocToolkit.Extensions.DependencyInjection,0.24.0,351,
2026-09-11,Ank.DocToolkit.Extensions.DependencyInjection,0.25.0,266,
2026-09-11,Ank.DocToolkit.Extensions.DependencyInjection,0.26.0,302,
2026-09-11,Ank.DocToolkit.Extensions.DependencyInjection,0.27.0,383,
2026-09-11,Ank.DocToolkit.Extensions.DependencyInjection,0.27.1,201,
2026-09-11,Ank.DocToolkit.Extensions.DependencyInjection,0.27.2,254,
2026-09-11,Ank.DocToolkit.Extensions.DependencyInjection,0.27.3,112,
2026-09-11,Ank.DocToolkit.Extensions.DependencyInjection,0.27.4,207,
2026-09-11,Ank.DocToolkit.Extensions.DependencyInjection,0.27.5,268,
2026-09-11,Ank.DocToolkit.Extensions.DependencyInjection,0.28.0,191,
2026-09-11,Ank.DocToolkit.Extensions.DependencyInjection,0.29.0,380,
2026-09-11,Ank.DocToolkit.Extensions.DependencyInjection,0.3.0,97,
2026-09-11,Ank.DocToolkit.Extensions.DependencyInjection,0.3.1,100,
2026-09-11,Ank.DocToolkit.Extensions.DependencyInjection,0.3.10,105,
2026-09-11,Ank.DocToolkit.Extensions.DependencyInjection,0.3.11,133,
2026-09-11,Ank.DocToolkit.Extensions.DependencyInjection,0.3.12,142,
2026-09-11,Ank.DocToolkit.Extensions.DependencyInjection,0.3.2,222,
2026-09-11,Ank.DocToolkit.Extensions.DependencyInjection,0.3.3,103,
2026-09-11,Ank.DocToolkit.Extensions.DependencyInjection,0.3.4,110,
2026-09-11,Ank.DocToolkit.Extensions.DependencyInjection,0.3.5,122,
2026-09-11,Ank.DocToolkit.Extensions.DependencyInjection,0.3.6,136,
2026-09-11,Ank.DocToolkit.Extensions.DependencyInjection,0.3.7,140,
2026-09-11,Ank.DocToolkit.Extensions.DependencyInjection,0.3.8,109,
2026-09-11,Ank.DocToolkit.Extensions.DependencyInjection,0.3.9,134,
2026-09-11,Ank.DocToolkit.Extensions.DependencyInjection,0.30.0,305,
2026-09-11,Ank.DocToolkit.Extensions.DependencyInjection,0.31.0,234,
2026-09-11,Ank.DocToolkit.Extensions.DependencyInjection,0.31.1,209,
2026-09-11,Ank.DocToolkit.Extensions.DependencyInjection,0.32.0,253,
2026-09-11,Ank.DocToolkit.Extensions.DependencyInjection,0.33.0,165,
2026-09-11,Ank.DocToolkit.Extensions.DependencyInjection,0.33.1,122,
2026-09-11,Ank.DocToolkit.Extensions.DependencyInjection,0.33.2,130,
2026-09-11,Ank.DocToolkit.Extensions.DependencyInjection,0.33.3,407,
2026-09-11,Ank.DocToolkit.Extensions.DependencyInjection,0.33.4,231,
2026-09-11,Ank.DocToolkit.Extensions.DependencyInjection,0.33.5,202,
2026-09-11,Ank.DocToolkit.Extensions.DependencyInjection,0.34.0,152,
2026-09-11,Ank.DocToolkit.Extensions.DependencyInjection,0.35.0,288,
2026-09-11,Ank.DocToolkit.Extensions.DependencyInjection,0.36.1,260,
2026-09-11,Ank.DocToolkit.Extensions.DependencyInjection,0.37.0,442,
2026-09-11,Ank.DocToolkit.Extensions.DependencyInjection,0.38.0,147,
2026-09-11,Ank.DocToolkit.Extensions.DependencyInjection,0.39.0,185,
2026-09-11,Ank.DocToolkit.Extensions.DependencyInjection,0.4.0,155,
2026-09-11,Ank.DocToolkit.Extensions.DependencyInjection,0.40.0,163,
2026-09-11,Ank.DocToolkit.Extensions.DependencyInjection,0.41.0,211,
2026-09-11,Ank.DocToolkit.Extensions.DependencyInjection,0.42.0,655,
2026-09-11,Ank.DocToolkit.Extensions.DependencyInjection,0.43.0,135,
2026-09-11,Ank.DocToolkit.Extensions.DependencyInjection,0.44.0,239,
2026-09-11,Ank.DocToolkit.Extensions.DependencyInjection,0.44.1,337,
2026-09-11,Ank.DocToolkit.Extensions.DependencyInjection,0.45.0,193,
2026-09-11,Ank.DocToolkit.Extensions.DependencyInjection,0.45.1,229,
2026-09-11,Ank.DocToolkit.Extensions.DependencyInjection,0.46.0,204,
2026-09-11,Ank.DocToolkit.Extensions.DependencyInjection,0.47.0,225,
2026-09-11,Ank.DocToolkit.Extensions.DependencyInjection,0.48.0,161,
2026-09-11,Ank.DocToolkit.Extensions.DependencyInjection,0.49.0,231,
2026-09-11,Ank.DocToolkit.Extensions.DependencyInjection,0.5.0,167,
2026-09-11,Ank.DocToolkit.Extensions.DependencyInjection,0.50.0,177,
2026-09-11,Ank.DocToolkit.Extensions.DependencyInjection,0.51.0,99,
2026-09-11,Ank.DocToolkit.Extensions.DependencyInjection,0.52.0,230,
2026-09-11,Ank.DocToolkit.Extensions.DependencyInjection,0.53.0,169,
2026-09-11,Ank.DocToolkit.Extensions.DependencyInjection,0.54.0,161,
2026-09-11,Ank.DocToolkit.Extensions.DependencyInjection,0.55.0,195,
2026-09-11,Ank.DocToolkit.Extensions.DependencyInjection,0.56.0,137,
2026-09-11,Ank.DocToolkit.Extensions.DependencyInjection,0.57.0,194,
2026-09-11,Ank.DocToolkit.Extensions.DependencyInjection,0.57.1,124,
2026-09-11,Ank.DocToolkit.Extensions.DependencyInjection,0.6.0,137,
2026-09-11,Ank.DocToolkit.Extensions.DependencyInjection,0.7.0,186,
2026-09-11,Ank.DocToolkit.Extensions.DependencyInjection,0.8.0,145,
2026-09-11,Ank.DocToolkit.Extensions.DependencyInjection,0.9.0,229,
2026-09-12,Ank.DocToolkit,0.1.0,361,
2026-09-12,Ank.DocToolkit,0.10.0,462,
2026-09-12,Ank.DocToolkit,0.11.0,1073,
2026-09-12,Ank.DocToolkit,0.12.0,895,
2026-09-12,Ank.DocToolkit,0.13.0,359,
2026-09-12,Ank.DocToolkit,0.14.0,331,
2026-09-12,Ank.DocToolkit,0.15.0,346,
2026-09-12,Ank.DocToolkit,0.16.0,364,
2026-09-12,Ank.DocToolkit,0.18.0,167,
2026-09-12,Ank.DocToolkit,0.18.1,342,
2026-09-12,Ank.DocToolkit,0.19.0,142,
2026-09-12,Ank.DocToolkit,0.19.1,263,
2026-09-12,Ank.DocToolkit,0.2.0,1489,
2026-09-12,Ank.DocToolkit,0.2.1,235,
2026-09-12,Ank.DocToolkit,0.2.2,103,
2026-09-12,Ank.DocToolkit,0.20.0,332,
2026-09-12,Ank.DocToolkit,0.21.0,232,
2026-09-12,Ank.DocToolkit,0.22.0,460,
2026-09-12,Ank.DocToolkit,0.23.0,138,
2026-09-12,Ank.DocToolkit,0.24.0,775,
2026-09-12,Ank.DocToolkit,0.25.0,302,
2026-09-12,Ank.DocToolkit,0.26.0,1333,
2026-09-12,Ank.DocToolkit,0.27.0,418,
2026-09-12,Ank.DocToolkit,0.27.1,214,
2026-09-12,Ank.DocToolkit,0.27.2,268,
2026-09-12,Ank.DocToolkit,0.27.3,126,
2026-09-12,Ank.DocToolkit,0.27.4,236,
2026-09-12,Ank.DocToolkit,0.27.5,281,
2026-09-12,Ank.DocToolkit,0.28.0,565,
2026-09-12,Ank.DocToolkit,0.29.0,418,
2026-09-12,Ank.DocToolkit,0.3.0,100,
2026-09-12,Ank.DocToolkit,0.3.1,100,
2026-09-12,Ank.DocToolkit,0.3.10,106,
2026-09-12,Ank.DocToolkit,0.3.11,131,
2026-09-12,Ank.DocToolkit,0.3.12,143,
2026-09-12,Ank.DocToolkit,0.3.2,227,
2026-09-12,Ank.DocToolkit,0.3.3,100,
2026-09-12,Ank.DocToolkit,0.3.4,107,
2026-09-12,Ank.DocToolkit,0.3.5,125,
2026-09-12,Ank.DocToolkit,0.3.6,137,
2026-09-12,Ank.DocToolkit,0.3.7,126,
2026-09-12,Ank.DocToolkit,0.3.8,113,
2026-09-12,Ank.DocToolkit,0.3.9,130,
2026-09-12,Ank.DocToolkit,0.30.0,340,
2026-09-12,Ank.DocToolkit,0.31.0,252,
2026-09-12,Ank.DocToolkit,0.31.1,222,
2026-09-12,Ank.DocToolkit,0.32.0,1195,
2026-09-12,Ank.DocToolkit,0.33.0,164,
2026-09-12,Ank.DocToolkit,0.33.1,126,
2026-09-12,Ank.DocToolkit,0.33.2,138,
2026-09-12,Ank.DocToolkit,0.33.3,443,
2026-09-12,Ank.DocToolkit,0.33.4,248,
2026-09-12,Ank.DocToolkit,0.33.5,218,
2026-09-12,Ank.DocToolkit,0.34.0,674,
2026-09-12,Ank.DocToolkit,0.35.0,398,
2026-09-12,Ank.DocToolkit,0.36.1,427,
2026-09-12,Ank.DocToolkit,0.37.0,496,
2026-09-12,Ank.DocToolkit,0.38.0,491,
2026-09-12,Ank.DocToolkit,0.39.0,199,
2026-09-12,Ank.DocToolkit,0.4.0,159,
2026-09-12,Ank.DocToolkit,0.40.0,163,
2026-09-12,Ank.DocToolkit,0.41.0,225,
2026-09-12,Ank.DocToolkit,0.42.0,730,
2026-09-12,Ank.DocToolkit,0.43.0,541,
2026-09-12,Ank.DocToolkit,0.44.0,254,
2026-09-12,Ank.DocToolkit,0.44.1,371,
2026-09-12,Ank.DocToolkit,0.45.0,218,
2026-09-12,Ank.DocToolkit,0.45.1,252,
2026-09-12,Ank.DocToolkit,0.46.0,384,
2026-09-12,Ank.DocToolkit,0.47.0,256,
2026-09-12,Ank.DocToolkit,0.48.0,350,
2026-09-12,Ank.DocToolkit,0.49.0,295,
2026-09-12,Ank.DocToolkit,0.5.0,171,
2026-09-12,Ank.DocToolkit,0.50.0,417,
2026-09-12,Ank.DocToolkit,0.51.0,99,
2026-09-12,Ank.DocToolkit,0.52.0,326,
2026-09-12,Ank.DocToolkit,0.53.0,182,
2026-09-12,Ank.DocToolkit,0.54.0,382,
2026-09-12,Ank.DocToolkit,0.55.0,209,
2026-09-12,Ank.DocToolkit,0.56.0,233,
2026-09-12,Ank.DocToolkit,0.57.0,208,
2026-09-12,Ank.DocToolkit,0.57.1,134,
2026-09-12,Ank.DocToolkit,0.6.0,144,
2026-09-12,Ank.DocToolkit,0.7.0,304,
2026-09-12,Ank.DocToolkit,0.8.0,453,
2026-09-12,Ank.DocToolkit,0.9.0,231,
2026-09-12,Ank.DocToolkit.Extensions.DependencyInjection,0.10.0,159,
2026-09-12,Ank.DocToolkit.Extensions.DependencyInjection,0.11.0,350,
2026-09-12,Ank.DocToolkit.Extensions.DependencyInjection,0.12.0,648,
2026-09-12,Ank.DocToolkit.Extensions.DependencyInjection,0.13.0,198,
2026-09-12,Ank.DocToolkit.Extensions.DependencyInjection,0.14.0,309,
2026-09-12,Ank.DocToolkit.Extensions.DependencyInjection,0.15.0,181,
2026-09-12,Ank.DocToolkit.Extensions.DependencyInjection,0.16.0,332,
2026-09-12,Ank.DocToolkit.Extensions.DependencyInjection,0.18.0,153,
2026-09-12,Ank.DocToolkit.Extensions.DependencyInjection,0.18.1,172,
2026-09-12,Ank.DocToolkit.Extensions.DependencyInjection,0.19.0,137,
2026-09-12,Ank.DocToolkit.Extensions.DependencyInjection,0.19.1,142,
2026-09-12,Ank.DocToolkit.Extensions.DependencyInjection,0.2.1,237,
2026-09-12,Ank.DocToolkit.Extensions.DependencyInjection,0.2.2,111,
2026-09-12,Ank.DocToolkit.Extensions.DependencyInjection,0.20.0,295,
2026-09-12,Ank.DocToolkit.Extensions.DependencyInjection,0.21.0,149,
2026-09-12,Ank.DocToolkit.Extensions.DependencyInjection,0.22.0,163,
2026-09-12,Ank.DocToolkit.Extensions.DependencyInjection,0.23.0,130,
2026-09-12,Ank.DocToolkit.Extensions.DependencyInjection,0.24.0,353,
2026-09-12,Ank.DocToolkit.Extensions.DependencyInjection,0.25.0,267,
2026-09-12,Ank.DocToolkit.Extensions.DependencyInjection,0.26.0,304,
2026-09-12,Ank.DocToolkit.Extensions.DependencyInjection,0.27.0,386,
2026-09-12,Ank.DocToolkit.Extensions.DependencyInjection,0.27.1,202,
2026-09-12,Ank.DocToolkit.Extensions.DependencyInjection,0.27.2,255,
2026-09-12,Ank.DocToolkit.Extensions.DependencyInjection,0.27.3,113,
2026-09-12,Ank.DocToolkit.Extensions.DependencyInjection,0.27.4,208,
2026-09-12,Ank.DocToolkit.Extensions.DependencyInjection,0.27.5,269,
2026-09-12,Ank.DocToolkit.Extensions.DependencyInjection,0.28.0,192,
2026-09-12,Ank.DocToolkit.Extensions.DependencyInjection,0.29.0,381,
2026-09-12,Ank.DocToolkit.Extensions.DependencyInjection,0.3.0,97,
2026-09-12,Ank.DocToolkit.Extensions.DependencyInjection,0.3.1,100,
2026-09-12,Ank.DocToolkit.Extensions.DependencyInjection,0.3.10,105,
2026-09-12,Ank.DocToolkit.Extensions.DependencyInjection,0.3.11,133,
2026-09-12,Ank.DocToolkit.Extensions.DependencyInjection,0.3.12,142,
2026-09-12,Ank.DocToolkit.Extensions.DependencyInjection,0.3.2,222,
2026-09-12,Ank.DocToolkit.Extensions.DependencyInjection,0.3.3,103,
2026-09-12,Ank.DocToolkit.Extensions.DependencyInjection,0.3.4,110,
2026-09-12,Ank.DocToolkit.Extensions.DependencyInjection,0.3.5,122,
2026-09-12,Ank.DocToolkit.Extensions.DependencyInjection,0.3.6,136,
2026-09-12,Ank.DocToolkit.Extensions.DependencyInjection,0.3.7,140,
2026-09-12,Ank.DocToolkit.Extensions.DependencyInjection,0.3.8,109,
2026-09-12,Ank.DocToolkit.Extensions.DependencyInjection,0.3.9,134,
2026-09-12,Ank.DocToolkit.Extensions.DependencyInjection,0.30.0,306,
2026-09-12,Ank.DocToolkit.Extensions.DependencyInjection,0.31.0,236,
2026-09-12,Ank.DocToolkit.Extensions.DependencyInjection,0.31.1,211,
2026-09-12,Ank.DocToolkit.Extensions.DependencyInjection,0.32.0,254,
2026-09-12,Ank.DocToolkit.Extensions.DependencyInjection,0.33.0,167,
2026-09-12,Ank.DocToolkit.Extensions.DependencyInjection,0.33.1,124,
2026-09-12,Ank.DocToolkit.Extensions.DependencyInjection,0.33.2,132,
2026-09-12,Ank.DocToolkit.Extensions.DependencyInjection,0.33.3,409,
2026-09-12,Ank.DocToolkit.Extensions.DependencyInjection,0.33.4,231,
2026-09-12,Ank.DocToolkit.Extensions.DependencyInjection,0.33.5,202,
2026-09-12,Ank.DocToolkit.Extensions.DependencyInjection,0.34.0,152,
2026-09-12,Ank.DocToolkit.Extensions.DependencyInjection,0.35.0,288,
2026-09-12,Ank.DocToolkit.Extensions.DependencyInjection,0.36.1,260,
2026-09-12,Ank.DocToolkit.Extensions.DependencyInjection,0.37.0,445,
2026-09-12,Ank.DocToolkit.Extensions.DependencyInjection,0.38.0,147,
2026-09-12,Ank.DocToolkit.Extensions.DependencyInjection,0.39.0,185,
2026-09-12,Ank.DocToolkit.Extensions.DependencyInjection,0.4.0,155,
2026-09-12,Ank.DocToolkit.Extensions.DependencyInjection,0.40.0,164,
2026-09-12,Ank.DocToolkit.Extensions.DependencyInjection,0.41.0,211,
2026-09-12,Ank.DocToolkit.Extensions.DependencyInjection,0.42.0,655,
2026-09-12,Ank.DocToolkit.Extensions.DependencyInjection,0.43.0,135,
2026-09-12,Ank.DocToolkit.Extensions.DependencyInjection,0.44.0,241,
2026-09-12,Ank.DocToolkit.Extensions.DependencyInjection,0.44.1,337,
2026-09-12,Ank.DocToolkit.Extensions.DependencyInjection,0.45.0,193,
2026-09-12,Ank.DocToolkit.Extensions.DependencyInjection,0.45.1,229,
2026-09-12,Ank.DocToolkit.Extensions.DependencyInjection,0.46.0,204,
2026-09-12,Ank.DocToolkit.Extensions.DependencyInjection,0.47.0,225,
2026-09-12,Ank.DocToolkit.Extensions.DependencyInjection,0.48.0,161,
2026-09-12,Ank.DocToolkit.Extensions.DependencyInjection,0.49.0,231,
2026-09-12,Ank.DocToolkit.Extensions.DependencyInjection,0.5.0,167,
2026-09-12,Ank.DocToolkit.Extensions.DependencyInjection,0.50.0,178,
2026-09-12,Ank.DocToolkit.Extensions.DependencyInjection,0.51.0,99,
2026-09-12,Ank.DocToolkit.Extensions.DependencyInjection,0.52.0,231,
2026-09-12,Ank.DocToolkit.Extensions.DependencyInjection,0.53.0,170,
2026-09-12,Ank.DocToolkit.Extensions.DependencyInjection,0.54.0,161,
2026-09-12,Ank.DocToolkit.Extensions.DependencyInjection,0.55.0,198,
2026-09-12,Ank.DocToolkit.Extensions.DependencyInjection,0.56.0,137,
2026-09-12,Ank.DocToolkit.Extensions.DependencyInjection,0.57.0,194,
2026-09-12,Ank.DocToolkit.Extensions.DependencyInjection,0.57.1,124,
2026-09-12,Ank.DocToolkit.Extensions.DependencyInjection,0.6.0,138,
2026-09-12,Ank.DocToolkit.Extensions.DependencyInjection,0.7.0,186,
2026-09-12,Ank.DocToolkit.Extensions.DependencyInjection,0.8.0,145,
2026-09-12,Ank.DocToolkit.Extensions.DependencyInjection,0.9.0,230,
2026-09-13,Ank.DocToolkit,0.1.0,361,
2026-09-13,Ank.DocToolkit,0.10.0,462,
2026-09-13,Ank.DocToolkit,0.11.0,1073,
2026-09-13,Ank.DocToolkit,0.12.0,895,
2026-09-13,Ank.DocToolkit,0.13.0,359,
2026-09-13,Ank.DocToolkit,0.14.0,331,
2026-09-13,Ank.DocToolkit,0.15.0,346,
2026-09-13,Ank.DocToolkit,0.16.0,364,
2026-09-13,Ank.DocToolkit,0.18.0,167,
2026-09-13,Ank.DocToolkit,0.18.1,342,
2026-09-13,Ank.DocToolkit,0.19.0,142,
2026-09-13,Ank.DocToolkit,0.19.1,263,
2026-09-13,Ank.DocToolkit,0.2.0,1489,
2026-09-13,Ank.DocToolkit,0.2.1,235,
2026-09-13,Ank.DocToolkit,0.2.2,103,
2026-09-13,Ank.DocToolkit,0.20.0,332,
2026-09-13,Ank.DocToolkit,0.21.0,232,
2026-09-13,Ank.DocToolkit,0.22.0,460,
2026-09-13,Ank.DocToolkit,0.23.0,138,
2026-09-13,Ank.DocToolkit,0.24.0,775,
2026-09-13,Ank.DocToolkit,0.25.0,302,
2026-09-13,Ank.DocToolkit,0.26.0,1333,
2026-09-13,Ank.DocToolkit,0.27.0,418,
2026-09-13,Ank.DocToolkit,0.27.1,214,
2026-09-13,Ank.DocToolkit,0.27.2,268,
2026-09-13,Ank.DocToolkit,0.27.3,126,
2026-09-13,Ank.DocToolkit,0.27.4,236,
2026-09-13,Ank.DocToolkit,0.27.5,281,
2026-09-13,Ank.DocToolkit,0.28.0,565,
2026-09-13,Ank.DocToolkit,0.29.0,418,
2026-09-13,Ank.DocToolkit,0.3.0,100,
2026-09-13,Ank.DocToolkit,0.3.1,100,
2026-09-13,Ank.DocToolkit,0.3.10,106,
2026-09-13,Ank.DocToolkit,0.3.11,131,
2026-09-13,Ank.DocToolkit,0.3.12,143,
2026-09-13,Ank.DocToolkit,0.3.2,227,
2026-09-13,Ank.DocToolkit,0.3.3,100,
2026-09-13,Ank.DocToolkit,0.3.4,107,
2026-09-13,Ank.DocToolkit,0.3.5,125,
2026-09-13,Ank.DocToolkit,0.3.6,137,
2026-09-13,Ank.DocToolkit,0.3.7,126,
2026-09-13,Ank.DocToolkit,0.3.8,113,
2026-09-13,Ank.DocToolkit,0.3.9,130,
2026-09-13,Ank.DocToolkit,0.30.0,340,
2026-09-13,Ank.DocToolkit,0.31.0,252,
2026-09-13,Ank.DocToolkit,0.31.1,222,
2026-09-13,Ank.DocToolkit,0.32.0,1195,
2026-09-13,Ank.DocToolkit,0.33.0,164,
2026-09-13,Ank.DocToolkit,0.33.1,126,
2026-09-13,Ank.DocToolkit,0.33.2,138,
2026-09-13,Ank.DocToolkit,0.33.3,443,
2026-09-13,Ank.DocToolkit,0.33.4,248,
2026-09-13,Ank.DocToolkit,0.33.5,218,
2026-09-13,Ank.DocToolkit,0.34.0,674,
2026-09-13,Ank.DocToolkit,0.35.0,398,
2026-09-13,Ank.DocToolkit,0.36.1,427,
2026-09-13,Ank.DocToolkit,0.37.0,496,
2026-09-13,Ank.DocToolkit,0.38.0,491,
2026-09-13,Ank.DocToolkit,0.39.0,199,
2026-09-13,Ank.DocToolkit,0.4.0,159,
2026-09-13,Ank.DocToolkit,0.40.0,163,
2026-09-13,Ank.DocToolkit,0.41.0,225,
2026-09-13,Ank.DocToolkit,0.42.0,730,
2026-09-13,Ank.DocToolkit,0.43.0,541,
2026-09-13,Ank.DocToolkit,0.44.0,254,
2026-09-13,Ank.DocToolkit,0.44.1,372,
2026-09-13,Ank.DocToolkit,0.45.0,218,
2026-09-13,Ank.DocToolkit,0.45.1,252,
2026-09-13,Ank.DocToolkit,0.46.0,384,
2026-09-13,Ank.DocToolkit,0.47.0,256,
2026-09-13,Ank.DocToolkit,0.48.0,350,
2026-09-13,Ank.DocToolkit,0.49.0,295,
2026-09-13,Ank.DocToolkit,0.5.0,171,
2026-09-13,Ank.DocToolkit,0.50.0,417,
2026-09-13,Ank.DocToolkit,0.51.0,99,
2026-09-13,Ank.DocToolkit,0.52.0,326,
2026-09-13,Ank.DocToolkit,0.53.0,184,
2026-09-13,Ank.DocToolkit,0.54.0,382,
2026-09-13,Ank.DocToolkit,0.55.0,209,
2026-09-13,Ank.DocToolkit,0.56.0,233,
2026-09-13,Ank.DocToolkit,0.57.0,208,
2026-09-13,Ank.DocToolkit,0.57.1,135,
2026-09-13,Ank.DocToolkit,0.6.0,144,
2026-09-13,Ank.DocToolkit,0.7.0,304,
2026-09-13,Ank.DocToolkit,0.8.0,453,
2026-09-13,Ank.DocToolkit,0.9.0,231,
2026-09-13,Ank.DocToolkit.Extensions.DependencyInjection,0.10.0,159,
2026-09-13,Ank.DocToolkit.Extensions.DependencyInjection,0.11.0,350,
2026-09-13,Ank.DocToolkit.Extensions.DependencyInjection,0.12.0,648,
2026-09-13,Ank.DocToolkit.Extensions.DependencyInjection,0.13.0,198,
2026-09-13,Ank.DocToolkit.Extensions.DependencyInjection,0.14.0,309,
2026-09-13,Ank.DocToolkit.Extensions.DependencyInjection,0.15.0,181,
2026-09-13,Ank.DocToolkit.Extensions.DependencyInjection,0.16.0,332,
2026-09-13,Ank.DocToolkit.Extensions.DependencyInjection,0.18.0,153,
2026-09-13,Ank.DocToolkit.Extensions.DependencyInjection,0.18.1,172,
2026-09-13,Ank.DocToolkit.Extensions.DependencyInjection,0.19.0,137,
2026-09-13,Ank.DocToolkit.Extensions.DependencyInjection,0.19.1,142,
2026-09-13,Ank.DocToolkit.Extensions.DependencyInjection,0.2.1,237,
2026-09-13,Ank.DocToolkit.Extensions.DependencyInjection,0.2.2,111,
2026-09-13,Ank.DocToolkit.Extensions.DependencyInjection,0.20.0,295,
2026-09-13,Ank.DocToolkit.Extensions.DependencyInjection,0.21.0,149,
2026-09-13,Ank.DocToolkit.Extensions.DependencyInjection,0.22.0,163,
2026-09-13,Ank.DocToolkit.Extensions.DependencyInjection,0.23.0,130,
2026-09-13,Ank.DocToolkit.Extensions.DependencyInjection,0.24.0,353,
2026-09-13,Ank.DocToolkit.Extensions.DependencyInjection,0.25.0,267,
2026-09-13,Ank.DocToolkit.Extensions.DependencyInjection,0.26.0,304,
2026-09-13,Ank.DocToolkit.Extensions.DependencyInjection,0.27.0,386,
2026-09-13,Ank.DocToolkit.Extensions.DependencyInjection,0.27.1,202,
2026-09-13,Ank.DocToolkit.Extensions.DependencyInjection,0.27.2,255,
2026-09-13,Ank.DocToolkit.Extensions.DependencyInjection,0.27.3,113,
2026-09-13,Ank.DocToolkit.Extensions.DependencyInjection,0.27.4,208,
2026-09-13,Ank.DocToolkit.Extensions.DependencyInjection,0.27.5,269,
2026-09-13,Ank.DocToolkit.Extensions.DependencyInjection,0.28.0,192,
2026-09-13,Ank.DocToolkit.Extensions.DependencyInjection,0.29.0,381,
2026-09-13,Ank.DocToolkit.Extensions.DependencyInjection,0.3.0,97,
2026-09-13,Ank.DocToolkit.Extensions.DependencyInjection,0.3.1,100,
2026-09-13,Ank.DocToolkit.Extensions.DependencyInjection,0.3.10,105,
2026-09-13,Ank.DocToolkit.Extensions.DependencyInjection,0.3.11,133,
2026-09-13,Ank.DocToolkit.Extensions.DependencyInjection,0.3.12,144,
2026-09-13,Ank.DocToolkit.Extensions.DependencyInjection,0.3.2,224,
2026-09-13,Ank.DocToolkit.Extensions.DependencyInjection,0.3.3,103,
2026-09-13,Ank.DocToolkit.Extensions.DependencyInjection,0.3.4,110,
2026-09-13,Ank.DocToolkit.Extensions.DependencyInjection,0.3.5,122,
2026-09-13,Ank.DocToolkit.Extensions.DependencyInjection,0.3.6,136,
2026-09-13,Ank.DocToolkit.Extensions.DependencyInjection,0.3.7,141,
2026-09-13,Ank.DocToolkit.Extensions.DependencyInjection,0.3.8,111,
2026-09-13,Ank.DocToolkit.Extensions.DependencyInjection,0.3.9,136,
2026-09-13,Ank.DocToolkit.Extensions.DependencyInjection,0.30.0,306,
2026-09-13,Ank.DocToolkit.Extensions.DependencyInjection,0.31.0,236,
2026-09-13,Ank.DocToolkit.Extensions.DependencyInjection,0.31.1,211,
2026-09-13,Ank.DocToolkit.Extensions.DependencyInjection,0.32.0,254,
2026-09-13,Ank.DocToolkit.Extensions.DependencyInjection,0.33.0,167,
2026-09-13,Ank.DocToolkit.Extensions.DependencyInjection,0.33.1,124,
2026-09-13,Ank.DocToolkit.Extensions.DependencyInjection,0.33.2,132,
2026-09-13,Ank.DocToolkit.Extensions.DependencyInjection,0.33.3,409,
2026-09-13,Ank.DocToolkit.Extensions.DependencyInjection,0.33.4,231,
2026-09-13,Ank.DocToolkit.Extensions.DependencyInjection,0.33.5,202,
2026-09-13,Ank.DocToolkit.Extensions.DependencyInjection,0.34.0,152,
2026-09-13,Ank.DocToolkit.Extensions.DependencyInjection,0.35.0,288,
2026-09-13,Ank.DocToolkit.Extensions.DependencyInjection,0.36.1,260,
2026-09-13,Ank.DocToolkit.Extensions.DependencyInjection,0.37.0,445,
2026-09-13,Ank.DocToolkit.Extensions.DependencyInjection,0.38.0,147,
2026-09-13,Ank.DocToolkit.Extensions.DependencyInjection,0.39.0,185,
2026-09-13,Ank.DocToolkit.Extensions.DependencyInjection,0.4.0,157,
2026-09-13,Ank.DocToolkit.Extensions.DependencyInjection,0.40.0,164,
2026-09-13,Ank.DocToolkit.Extensions.DependencyInjection,0.41.0,211,
2026-09-13,Ank.DocToolkit.Extensions.DependencyInjection,0.42.0,655,
2026-09-13,Ank.DocToolkit.Extensions.DependencyInjection,0.43.0,135,
2026-09-13,Ank.DocToolkit.Extensions.DependencyInjection,0.44.0,241,
2026-09-13,Ank.DocToolkit.Extensions.DependencyInjection,0.44.1,337,
2026-09-13,Ank.DocToolkit.Extensions.DependencyInjection,0.45.0,193,
2026-09-13,Ank.DocToolkit.Extensions.DependencyInjection,0.45.1,229,
2026-09-13,Ank.DocToolkit.Extensions.DependencyInjection,0.46.0,204,
2026-09-13,Ank.DocToolkit.Extensions.DependencyInjection,0.47.0,225,
2026-09-13,Ank.DocToolkit.Extensions.DependencyInjection,0.48.0,161,
2026-09-13,Ank.DocToolkit.Extensions.DependencyInjection,0.49.0,231,
2026-09-13,Ank.DocToolkit.Extensions.DependencyInjection,0.5.0,167,
2026-09-13,Ank.DocToolkit.Extensions.DependencyInjection,0.50.0,178,
2026-09-13,Ank.DocToolkit.Extensions.DependencyInjection,0.51.0,100,
2026-09-13,Ank.DocToolkit.Extensions.DependencyInjection,0.52.0,231,
2026-09-13,Ank.DocToolkit.Extensions.DependencyInjection,0.53.0,170,
2026-09-13,Ank.DocToolkit.Extensions.DependencyInjection,0.54.0,161,
2026-09-13,Ank.DocToolkit.Extensions.DependencyInjection,0.55.0,198,
2026-09-13,Ank.DocToolkit.Extensions.DependencyInjection,0.56.0,137,
2026-09-13,Ank.DocToolkit.Extensions.DependencyInjection,0.57.0,194,
2026-09-13,Ank.DocToolkit.Extensions.DependencyInjection,0.57.1,125,
2026-09-13,Ank.DocToolkit.Extensions.DependencyInjection,0.6.0,138,
2026-09-13,Ank.DocToolkit.Extensions.DependencyInjection,0.7.0,186,
2026-09-13,Ank.DocToolkit.Extensions.DependencyInjection,0.8.0,145,
2026-09-13,Ank.DocToolkit.Extensions.DependencyInjection,0.9.0,230,
2026-09-14,Ank.DocToolkit,0.1.0,362,
2026-09-14,Ank.DocToolkit,0.10.0,463,
2026-09-14,Ank.DocToolkit,0.11.0,1074,
2026-09-14,Ank.DocToolkit,0.12.0,896,
2026-09-14,Ank.DocToolkit,0.13.0,360,
2026-09-14,Ank.DocToolkit,0.14.0,332,
2026-09-14,Ank.DocToolkit,0.15.0,347,
2026-09-14,Ank.DocToolkit,0.16.0,365,
2026-09-14,Ank.DocToolkit,0.18.0,168,
2026-09-14,Ank.DocToolkit,0.18.1,343,
2026-09-14,Ank.DocToolkit,0.19.0,143,
2026-09-14,Ank.DocToolkit,0.19.1,266,
2026-09-14,Ank.DocToolkit,0.2.0,1490,
2026-09-14,Ank.DocToolkit,0.2.1,236,
2026-09-14,Ank.DocToolkit,0.2.2,104,
2026-09-14,Ank.DocToolkit,0.20.0,333,
2026-09-14,Ank.DocToolkit,0.21.0,233,
2026-09-14,Ank.DocToolkit,0.22.0,461,
2026-09-14,Ank.DocToolkit,0.23.0,139,
2026-09-14,Ank.DocToolkit,0.24.0,776,
2026-09-14,Ank.DocToolkit,0.25.0,303,
2026-09-14,Ank.DocToolkit,0.26.0,1335,
2026-09-14,Ank.DocToolkit,0.27.0,419,
2026-09-14,Ank.DocToolkit,0.27.1,215,
2026-09-14,Ank.DocToolkit,0.27.2,269,
2026-09-14,Ank.DocToolkit,0.27.3,127,
2026-09-14,Ank.DocToolkit,0.27.4,237,
2026-09-14,Ank.DocToolkit,0.27.5,282,
2026-09-14,Ank.DocToolkit,0.28.0,566,
2026-09-14,Ank.DocToolkit,0.29.0,419,
2026-09-14,Ank.DocToolkit,0.3.0,101,
2026-09-14,Ank.DocToolkit,0.3.1,101,
2026-09-14,Ank.DocToolkit,0.3.10,107,
2026-09-14,Ank.DocToolkit,0.3.11,132,
2026-09-14,Ank.DocToolkit,0.3.12,144,
2026-09-14,Ank.DocToolkit,0.3.2,228,
2026-09-14,Ank.DocToolkit,0.3.3,101,
2026-09-14,Ank.DocToolkit,0.3.4,108,
2026-09-14,Ank.DocToolkit,0.3.5,126,
2026-09-14,Ank.DocToolkit,0.3.6,138,
2026-09-14,Ank.DocToolkit,0.3.7,127,
2026-09-14,Ank.DocToolkit,0.3.8,114,
2026-09-14,Ank.DocToolkit,0.3.9,131,
2026-09-14,Ank.DocToolkit,0.30.0,341,
2026-09-14,Ank.DocToolkit,0.31.0,253,
2026-09-14,Ank.DocToolkit,0.31.1,223,
2026-09-14,Ank.DocToolkit,0.32.0,1197,
2026-09-14,Ank.DocToolkit,0.33.0,165,
2026-09-14,Ank.DocToolkit,0.33.1,127,
2026-09-14,Ank.DocToolkit,0.33.2,139,
2026-09-14,Ank.DocToolkit,0.33.3,444,
2026-09-14,Ank.DocToolkit,0.33.4,249,
2026-09-14,Ank.DocToolkit,0.33.5,219,
2026-09-14,Ank.DocToolkit,0.34.0,675,
2026-09-14,Ank.DocToolkit,0.35.0,399,
2026-09-14,Ank.DocToolkit,0.36.1,428,
2026-09-14,Ank.DocToolkit,0.37.0,497,
2026-09-14,Ank.DocToolkit,0.38.0,492,
2026-09-14,Ank.DocToolkit,0.39.0,200,
2026-09-14,Ank.DocToolkit,0.4.0,160,
2026-09-14,Ank.DocToolkit,0.40.0,164,
2026-09-14,Ank.DocToolkit,0.41.0,227,
2026-09-14,Ank.DocToolkit,0.42.0,731,
2026-09-14,Ank.DocToolkit,0.43.0,542,
2026-09-14,Ank.DocToolkit,0.44.0,255,
2026-09-14,Ank.DocToolkit,0.44.1,373,
2026-09-14,Ank.DocToolkit,0.45.0,219,
2026-09-14,Ank.DocToolkit,0.45.1,253,
2026-09-14,Ank.DocToolkit,0.46.0,385,
2026-09-14,Ank.DocToolkit,0.47.0,256,
2026-09-14,Ank.DocToolkit,0.48.0,350,
2026-09-14,Ank.DocToolkit,0.49.0,295,
2026-09-14,Ank.DocToolkit,0.5.0,173,
2026-09-14,Ank.DocToolkit,0.50.0,418,
2026-09-14,Ank.DocToolkit,0.51.0,100,
2026-09-14,Ank.DocToolkit,0.52.0,326,
2026-09-14,Ank.DocToolkit,0.53.0,184,
2026-09-14,Ank.DocToolkit,0.54.0,383,
2026-09-14,Ank.DocToolkit,0.55.0,210,
2026-09-14,Ank.DocToolkit,0.56.0,262,
2026-09-14,Ank.DocToolkit,0.57.0,209,
2026-09-14,Ank.DocToolkit,0.57.1,210,
2026-09-14,Ank.DocToolkit,0.6.0,145,
2026-09-14,Ank.DocToolkit,0.7.0,305,
2026-09-14,Ank.DocToolkit,0.8.0,454,
2026-09-14,Ank.DocToolkit,0.9.0,232,
2026-09-14,Ank.DocToolkit.Extensions.DependencyInjection,0.10.0,160,
2026-09-14,Ank.DocToolkit.Extensions.DependencyInjection,0.11.0,353,
2026-09-14,Ank.DocToolkit.Extensions.DependencyInjection,0.12.0,649,
2026-09-14,Ank.DocToolkit.Extensions.DependencyInjection,0.13.0,199,
2026-09-14,Ank.DocToolkit.Extensions.DependencyInjection,0.14.0,310,
2026-09-14,Ank.DocToolkit.Extensions.DependencyInjection,0.15.0,182,
2026-09-14,Ank.DocToolkit.Extensions.DependencyInjection,0.16.0,333,
2026-09-14,Ank.DocToolkit.Extensions.DependencyInjection,0.18.0,154,
2026-09-14,Ank.DocToolkit.Extensions.DependencyInjection,0.18.1,175,
2026-09-14,Ank.DocToolkit.Extensions.DependencyInjection,0.19.0,138,
2026-09-14,Ank.DocToolkit.Extensions.DependencyInjection,0.19.1,143,
2026-09-14,Ank.DocToolkit.Extensions.DependencyInjection,0.2.1,238,
2026-09-14,Ank.DocToolkit.Extensions.DependencyInjection,0.2.2,112,
2026-09-14,Ank.DocToolkit.Extensions.DependencyInjection,0.20.0,298,
2026-09-14,Ank.DocToolkit.Extensions.DependencyInjection,0.21.0,150,
2026-09-14,Ank.DocToolkit.Extensions.DependencyInjection,0.22.0,165,
2026-09-14,Ank.DocToolkit.Extensions.DependencyInjection,0.23.0,134,
2026-09-14,Ank.DocToolkit.Extensions.DependencyInjection,0.24.0,354,
2026-09-14,Ank.DocToolkit.Extensions.DependencyInjection,0.25.0,268,
2026-09-14,Ank.DocToolkit.Extensions.DependencyInjection,0.26.0,306,
2026-09-14,Ank.DocToolkit.Extensions.DependencyInjection,0.27.0,387,
2026-09-14,Ank.DocToolkit.Extensions.DependencyInjection,0.27.1,203,
2026-09-14,Ank.DocToolkit.Extensions.DependencyInjection,0.27.2,256,
2026-09-14,Ank.DocToolkit.Extensions.DependencyInjection,0.27.3,114,
2026-09-14,Ank.DocToolkit.Extensions.DependencyInjection,0.27.4,210,
2026-09-14,Ank.DocToolkit.Extensions.DependencyInjection,0.27.5,270,
2026-09-14,Ank.DocToolkit.Extensions.DependencyInjection,0.28.0,193,
2026-09-14,Ank.DocToolkit.Extensions.DependencyInjection,0.29.0,382,
2026-09-14,Ank.DocToolkit.Extensions.DependencyInjection,0.3.0,98,
2026-09-14,Ank.DocToolkit.Extensions.DependencyInjection,0.3.1,101,
2026-09-14,Ank.DocToolkit.Extensions.DependencyInjection,0.3.10,106,
2026-09-14,Ank.DocToolkit.Extensions.DependencyInjection,0.3.11,134,
2026-09-14,Ank.DocToolkit.Extensions.DependencyInjection,0.3.12,145,
2026-09-14,Ank.DocToolkit.Extensions.DependencyInjection,0.3.2,225,
2026-09-14,Ank.DocToolkit.Extensions.DependencyInjection,0.3.3,104,
2026-09-14,Ank.DocToolkit.Extensions.DependencyInjection,0.3.4,111,
2026-09-14,Ank.DocToolkit.Extensions.DependencyInjection,0.3.5,123,
2026-09-14,Ank.DocToolkit.Extensions.DependencyInjection,0.3.6,137,
2026-09-14,Ank.DocToolkit.Extensions.DependencyInjection,0.3.7,142,
2026-09-14,Ank.DocToolkit.Extensions.DependencyInjection,0.3.8,112,
2026-09-14,Ank.DocToolkit.Extensions.DependencyInjection,0.3.9,137,
2026-09-14,Ank.DocToolkit.Extensions.DependencyInjection,0.30.0,307,
2026-09-14,Ank.DocToolkit.Extensions.DependencyInjection,0.31.0,237,
2026-09-14,Ank.DocToolkit.Extensions.DependencyInjection,0.31.1,212,
2026-09-14,Ank.DocToolkit.Extensions.DependencyInjection,0.32.0,255,
2026-09-14,Ank.DocToolkit.Extensions.DependencyInjection,0.33.0,169,
2026-09-14,Ank.DocToolkit.Extensions.DependencyInjection,0.33.1,125,
2026-09-14,Ank.DocToolkit.Extensions.DependencyInjection,0.33.2,133,
2026-09-14,Ank.DocToolkit.Extensions.DependencyInjection,0.33.3,410,
2026-09-14,Ank.DocToolkit.Extensions.DependencyInjection,0.33.4,232,
2026-09-14,Ank.DocToolkit.Extensions.DependencyInjection,0.33.5,204,
2026-09-14,Ank.DocToolkit.Extensions.DependencyInjection,0.34.0,153,
2026-09-14,Ank.DocToolkit.Extensions.DependencyInjection,0.35.0,291,
2026-09-14,Ank.DocToolkit.Extensions.DependencyInjection,0.36.1,261,
2026-09-14,Ank.DocToolkit.Extensions.DependencyInjection,0.37.0,446,
2026-09-14,Ank.DocToolkit.Extensions.DependencyInjection,0.38.0,149,
2026-09-14,Ank.DocToolkit.Extensions.DependencyInjection,0.39.0,188,
2026-09-14,Ank.DocToolkit.Extensions.DependencyInjection,0.4.0,158,
2026-09-14,Ank.DocToolkit.Extensions.DependencyInjection,0.40.0,165,
2026-09-14,Ank.DocToolkit.Extensions.DependencyInjection,0.41.0,213,
2026-09-14,Ank.DocToolkit.Extensions.DependencyInjection,0.42.0,656,
2026-09-14,Ank.DocToolkit.Extensions.DependencyInjection,0.43.0,136,
2026-09-14,Ank.DocToolkit.Extensions.DependencyInjection,0.44.0,242,
2026-09-14,Ank.DocToolkit.Extensions.DependencyInjection,0.44.1,338,
2026-09-14,Ank.DocToolkit.Extensions.DependencyInjection,0.45.0,194,
2026-09-14,Ank.DocToolkit.Extensions.DependencyInjection,0.45.1,230,
2026-09-14,Ank.DocToolkit.Extensions.DependencyInjection,0.46.0,206,
2026-09-14,Ank.DocToolkit.Extensions.DependencyInjection,0.47.0,225,
2026-09-14,Ank.DocToolkit.Extensions.DependencyInjection,0.48.0,161,
2026-09-14,Ank.DocToolkit.Extensions.DependencyInjection,0.49.0,231,
2026-09-14,Ank.DocToolkit.Extensions.DependencyInjection,0.5.0,168,
2026-09-14,Ank.DocToolkit.Extensions.DependencyInjection,0.50.0,178,
2026-09-14,Ank.DocToolkit.Extensions.DependencyInjection,0.51.0,101,
2026-09-14,Ank.DocToolkit.Extensions.DependencyInjection,0.52.0,231,
2026-09-14,Ank.DocToolkit.Extensions.DependencyInjection,0.53.0,171,
2026-09-14,Ank.DocToolkit.Extensions.DependencyInjection,0.54.0,162,
2026-09-14,Ank.DocToolkit.Extensions.DependencyInjection,0.55.0,199,
2026-09-14,Ank.DocToolkit.Extensions.DependencyInjection,0.56.0,138,
2026-09-14,Ank.DocToolkit.Extensions.DependencyInjection,0.57.0,195,
2026-09-14,Ank.DocToolkit.Extensions.DependencyInjection,0.57.1,191,
2026-09-14,Ank.DocToolkit.Extensions.DependencyInjection,0.6.0,139,
2026-09-14,Ank.DocToolkit.Extensions.DependencyInjection,0.7.0,187,
2026-09-14,Ank.DocToolkit.Extensions.DependencyInjection,0.8.0,146,
2026-09-14,Ank.DocToolkit.Extensions.DependencyInjection,0.9.0,231,
2026-09-15,Ank.DocToolkit,0.1.0,362,
2026-09-15,Ank.DocToolkit,0.10.0,463,
2026-09-15,Ank.DocToolkit,0.11.0,1074,
2026-09-15,Ank.DocToolkit,0.12.0,896,
2026-09-15,Ank.DocToolkit,0.13.0,360,
2026-09-15,Ank.DocToolkit,0.14.0,332,
2026-09-15,Ank.DocToolkit,0.15.0,347,
2026-09-15,Ank.DocToolkit,0.16.0,365,
2026-09-15,Ank.DocToolkit,0.18.0,168,
2026-09-15,Ank.DocToolkit,0.18.1,343,
2026-09-15,Ank.DocToolkit,0.19.0,143,
2026-09-15,Ank.DocToolkit,0.19.1,266,
2026-09-15,Ank.DocToolkit,0.2.0,1490,
2026-09-15,Ank.DocToolkit,0.2.1,236,
2026-09-15,Ank.DocToolkit,0.2.2,104,
2026-09-15,Ank.DocToolkit,0.20.0,333,
2026-09-15,Ank.DocToolkit,0.21.0,233,
2026-09-15,Ank.DocToolkit,0.22.0,461,
2026-09-15,Ank.DocToolkit,0.23.0,139,
2026-09-15,Ank.DocToolkit,0.24.0,776,
2026-09-15,Ank.DocToolkit,0.25.0,303,
2026-09-15,Ank.DocToolkit,0.26.0,1335,
2026-09-15,Ank.DocToolkit,0.27.0,419,
2026-09-15,Ank.DocToolkit,0.27.1,215,
2026-09-15,Ank.DocToolkit,0.27.2,269,
2026-09-15,Ank.DocToolkit,0.27.3,127,
2026-09-15,Ank.DocToolkit,0.27.4,237,
2026-09-15,Ank.DocToolkit,0.27.5,282,
2026-09-15,Ank.DocToolkit,0.28.0,566,
2026-09-15,Ank.DocToolkit,0.29.0,419,
2026-09-15,Ank.DocToolkit,0.3.0,101,
2026-09-15,Ank.DocToolkit,0.3.1,101,
2026-09-15,Ank.DocToolkit,0.3.10,107,
2026-09-15,Ank.DocToolkit,0.3.11,132,
2026-09-15,Ank.DocToolkit,0.3.12,144,
2026-09-15,Ank.DocToolkit,0.3.2,228,
2026-09-15,Ank.DocToolkit,0.3.3,101,
2026-09-15,Ank.DocToolkit,0.3.4,108,
2026-09-15,Ank.DocToolkit,0.3.5,126,
2026-09-15,Ank.DocToolkit,0.3.6,138,
2026-09-15,Ank.DocToolkit,0.3.7,127,
2026-09-15,Ank.DocToolkit,0.3.8,114,
2026-09-15,Ank.DocToolkit,0.3.9,131,
2026-09-15,Ank.DocToolkit,0.30.0,341,
2026-09-15,Ank.DocToolkit,0.31.0,253,
2026-09-15,Ank.DocToolkit,0.31.1,223,
2026-09-15,Ank.DocToolkit,0.32.0,1197,
2026-09-15,Ank.DocToolkit,0.33.0,165,
2026-09-15,Ank.DocToolkit,0.33.1,127,
2026-09-15,Ank.DocToolkit,0.33.2,139,
2026-09-15,Ank.DocToolkit,0.33.3,444,
2026-09-15,Ank.DocToolkit,0.33.4,251,
2026-09-15,Ank.DocToolkit,0.33.5,219,
2026-09-15,Ank.DocToolkit,0.34.0,675,
2026-09-15,Ank.DocToolkit,0.35.0,399,
2026-09-15,Ank.DocToolkit,0.36.1,428,
2026-09-15,Ank.DocToolkit,0.37.0,497,
2026-09-15,Ank.DocToolkit,0.38.0,492,
2026-09-15,Ank.DocToolkit,0.39.0,200,
2026-09-15,Ank.DocToolkit,0.4.0,160,
2026-09-15,Ank.DocToolkit,0.40.0,164,
2026-09-15,Ank.DocToolkit,0.41.0,227,
2026-09-15,Ank.DocToolkit,0.42.0,731,
2026-09-15,Ank.DocToolkit,0.43.0,544,
2026-09-15,Ank.DocToolkit,0.44.0,255,
2026-09-15,Ank.DocToolkit,0.44.1,373,
2026-09-15,Ank.DocToolkit,0.45.0,219,
2026-09-15,Ank.DocToolkit,0.45.1,253,
2026-09-15,Ank.DocToolkit,0.46.0,387,
2026-09-15,Ank.DocToolkit,0.47.0,256,
2026-09-15,Ank.DocToolkit,0.48.0,352,
2026-09-15,Ank.DocToolkit,0.49.0,296,
2026-09-15,Ank.DocToolkit,0.5.0,173,
2026-09-15,Ank.DocToolkit,0.50.0,419,
2026-09-15,Ank.DocToolkit,0.51.0,101,
2026-09-15,Ank.DocToolkit,0.52.0,327,
2026-09-15,Ank.DocToolkit,0.53.0,184,
2026-09-15,Ank.DocToolkit,0.54.0,383,
2026-09-15,Ank.DocToolkit,0.55.0,210,
2026-09-15,Ank.DocToolkit,0.56.0,262,
2026-09-15,Ank.DocToolkit,0.57.0,209,
2026-09-15,Ank.DocToolkit,0.57.1,212,
2026-09-15,Ank.DocToolkit,0.6.0,145,
2026-09-15,Ank.DocToolkit,0.7.0,305,
2026-09-15,Ank.DocToolkit,0.8.0,454,
2026-09-15,Ank.DocToolkit,0.9.0,232,
2026-09-15,Ank.DocToolkit.Extensions.DependencyInjection,0.10.0,160,
2026-09-15,Ank.DocToolkit.Extensions.DependencyInjection,0.11.0,353,
2026-09-15,Ank.DocToolkit.Extensions.DependencyInjection,0.12.0,649,
2026-09-15,Ank.DocToolkit.Extensions.DependencyInjection,0.13.0,199,
2026-09-15,Ank.DocToolkit.Extensions.DependencyInjection,0.14.0,310,
2026-09-15,Ank.DocToolkit.Extensions.DependencyInjection,0.15.0,182,
2026-09-15,Ank.DocToolkit.Extensions.DependencyInjection,0.16.0,333,
2026-09-15,Ank.DocToolkit.Extensions.DependencyInjection,0.18.0,154,
2026-09-15,Ank.DocToolkit.Extensions.DependencyInjection,0.18.1,175,
2026-09-15,Ank.DocToolkit.Extensions.DependencyInjection,0.19.0,138,
2026-09-15,Ank.DocToolkit.Extensions.DependencyInjection,0.19.1,143,
2026-09-15,Ank.DocToolkit.Extensions.DependencyInjection,0.2.1,238,
2026-09-15,Ank.DocToolkit.Extensions.DependencyInjection,0.2.2,112,
2026-09-15,Ank.DocToolkit.Extensions.DependencyInjection,0.20.0,298,
2026-09-15,Ank.DocToolkit.Extensions.DependencyInjection,0.21.0,150,
2026-09-15,Ank.DocToolkit.Extensions.DependencyInjection,0.22.0,165,
2026-09-15,Ank.DocToolkit.Extensions.DependencyInjection,0.23.0,134,
2026-09-15,Ank.DocToolkit.Extensions.DependencyInjection,0.24.0,355,
2026-09-15,Ank.DocToolkit.Extensions.DependencyInjection,0.25.0,268,
2026-09-15,Ank.DocToolkit.Extensions.DependencyInjection,0.26.0,306,
2026-09-15,Ank.DocToolkit.Extensions.DependencyInjection,0.27.0,387,
2026-09-15,Ank.DocToolkit.Extensions.DependencyInjection,0.27.1,203,
2026-09-15,Ank.DocToolkit.Extensions.DependencyInjection,0.27.2,256,
2026-09-15,Ank.DocToolkit.Extensions.DependencyInjection,0.27.3,114,
2026-09-15,Ank.DocToolkit.Extensions.DependencyInjection,0.27.4,210,
2026-09-15,Ank.DocToolkit.Extensions.DependencyInjection,0.27.5,270,
2026-09-15,Ank.DocToolkit.Extensions.DependencyInjection,0.28.0,193,
2026-09-15,Ank.DocToolkit.Extensions.DependencyInjection,0.29.0,383,
2026-09-15,Ank.DocToolkit.Extensions.DependencyInjection,0.3.0,98,
2026-09-15,Ank.DocToolkit.Extensions.DependencyInjection,0.3.1,102,
2026-09-15,Ank.DocToolkit.Extensions.DependencyInjection,0.3.10,106,
2026-09-15,Ank.DocToolkit.Extensions.DependencyInjection,0.3.11,134,
2026-09-15,Ank.DocToolkit.Extensions.DependencyInjection,0.3.12,145,
2026-09-15,Ank.DocToolkit.Extensions.DependencyInjection,0.3.2,225,
2026-09-15,Ank.DocToolkit.Extensions.DependencyInjection,0.3.3,104,
2026-09-15,Ank.DocToolkit.Extensions.DependencyInjection,0.3.4,111,
2026-09-15,Ank.DocToolkit.Extensions.DependencyInjection,0.3.5,123,
2026-09-15,Ank.DocToolkit.Extensions.DependencyInjection,0.3.6,138,
2026-09-15,Ank.DocToolkit.Extensions.DependencyInjection,0.3.7,142,
2026-09-15,Ank.DocToolkit.Extensions.DependencyInjection,0.3.8,112,
2026-09-15,Ank.DocToolkit.Extensions.DependencyInjection,0.3.9,137,
2026-09-15,Ank.DocToolkit.Extensions.DependencyInjection,0.30.0,307,
2026-09-15,Ank.DocToolkit.Extensions.DependencyInjection,0.31.0,237,
2026-09-15,Ank.DocToolkit.Extensions.DependencyInjection,0.31.1,212,
2026-09-15,Ank.DocToolkit.Extensions.DependencyInjection,0.32.0,256,
2026-09-15,Ank.DocToolkit.Extensions.DependencyInjection,0.33.0,169,
2026-09-15,Ank.DocToolkit.Extensions.DependencyInjection,0.33.1,125,
2026-09-15,Ank.DocToolkit.Extensions.DependencyInjection,0.33.2,133,
2026-09-15,Ank.DocToolkit.Extensions.DependencyInjection,0.33.3,410,
2026-09-15,Ank.DocToolkit.Extensions.DependencyInjection,0.33.4,232,
2026-09-15,Ank.DocToolkit.Extensions.DependencyInjection,0.33.5,204,
2026-09-15,Ank.DocToolkit.Extensions.DependencyInjection,0.34.0,153,
2026-09-15,Ank.DocToolkit.Extensions.DependencyInjection,0.35.0,291,
2026-09-15,Ank.DocToolkit.Extensions.DependencyInjection,0.36.1,261,
2026-09-15,Ank.DocToolkit.Extensions.DependencyInjection,0.37.0,446,
2026-09-15,Ank.DocToolkit.Extensions.DependencyInjection,0.38.0,149,
2026-09-15,Ank.DocToolkit.Extensions.DependencyInjection,0.39.0,188,
2026-09-15,Ank.DocToolkit.Extensions.DependencyInjection,0.4.0,158,
2026-09-15,Ank.DocToolkit.Extensions.DependencyInjection,0.40.0,165,
2026-09-15,Ank.DocToolkit.Extensions.DependencyInjection,0.41.0,213,
2026-09-15,Ank.DocToolkit.Extensions.DependencyInjection,0.42.0,656,
2026-09-15,Ank.DocToolkit.Extensions.DependencyInjection,0.43.0,136,
2026-09-15,Ank.DocToolkit.Extensions.DependencyInjection,0.44.0,242,
2026-09-15,Ank.DocToolkit.Extensions.DependencyInjection,0.44.1,339,
2026-09-15,Ank.DocToolkit.Extensions.DependencyInjection,0.45.0,194,
2026-09-15,Ank.DocToolkit.Extensions.DependencyInjection,0.45.1,230,
2026-09-15,Ank.DocToolkit.Extensions.DependencyInjection,0.46.0,206,
2026-09-15,Ank.DocToolkit.Extensions.DependencyInjection,0.47.0,225,
2026-09-15,Ank.DocToolkit.Extensions.DependencyInjection,0.48.0,161,
2026-09-15,Ank.DocToolkit.Extensions.DependencyInjection,0.49.0,232,
2026-09-15,Ank.DocToolkit.Extensions.DependencyInjection,0.5.0,168,
2026-09-15,Ank.DocToolkit.Extensions.DependencyInjection,0.50.0,179,
2026-09-15,Ank.DocToolkit.Extensions.DependencyInjection,0.51.0,101,
2026-09-15,Ank.DocToolkit.Extensions.DependencyInjection,0.52.0,231,
2026-09-15,Ank.DocToolkit.Extensions.DependencyInjection,0.53.0,171,
2026-09-15,Ank.DocToolkit.Extensions.DependencyInjection,0.54.0,162,
2026-09-15,Ank.DocToolkit.Extensions.DependencyInjection,0.55.0,199,
2026-09-15,Ank.DocToolkit.Extensions.DependencyInjection,0.56.0,138,
2026-09-15,Ank.DocToolkit.Extensions.DependencyInjection,0.57.0,195,
2026-09-15,Ank.DocToolkit.Extensions.DependencyInjection,0.57.1,191,
2026-09-15,Ank.DocToolkit.Extensions.DependencyInjection,0.6.0,139,
2026-09-15,Ank.DocToolkit.Extensions.DependencyInjection,0.7.0,187,
2026-09-15,Ank.DocToolkit.Extensions.DependencyInjection,0.8.0,146,
2026-09-15,Ank.DocToolkit.Extensions.DependencyInjection,0.9.0,231,
2026-09-16,Ank.DocToolkit,0.1.0,362,
2026-09-16,Ank.DocToolkit,0.10.0,463,
2026-09-16,Ank.DocToolkit,0.11.0,1074,
2026-09-16,Ank.DocToolkit,0.12.0,896,
2026-09-16,Ank.DocToolkit,0.13.0,360,
2026-09-16,Ank.DocToolkit,0.14.0,332,
2026-09-16,Ank.DocToolkit,0.15.0,347,
2026-09-16,Ank.DocToolkit,0.16.0,365,
2026-09-16,Ank.DocToolkit,0.18.0,168,
2026-09-16,Ank.DocToolkit,0.18.1,343,
2026-09-16,Ank.DocToolkit,0.19.0,143,
2026-09-16,Ank.DocToolkit,0.19.1,266,
2026-09-16,Ank.DocToolkit,0.2.0,1490,
2026-09-16,Ank.DocToolkit,0.2.1,236,
2026-09-16,Ank.DocToolkit,0.2.2,104,
2026-09-16,Ank.DocToolkit,0.20.0,333,
2026-09-16,Ank.DocToolkit,0.21.0,233,
2026-09-16,Ank.DocToolkit,0.22.0,461,
2026-09-16,Ank.DocToolkit,0.23.0,139,
2026-09-16,Ank.DocToolkit,0.24.0,776,
2026-09-16,Ank.DocToolkit,0.25.0,303,
2026-09-16,Ank.DocToolkit,0.26.0,1335,
2026-09-16,Ank.DocToolkit,0.27.0,419,
2026-09-16,Ank.DocToolkit,0.27.1,215,
2026-09-16,Ank.DocToolkit,0.27.2,269,
2026-09-16,Ank.DocToolkit,0.27.3,127,
2026-09-16,Ank.DocToolkit,0.27.4,237,
2026-09-16,Ank.DocToolkit,0.27.5,282,
2026-09-16,Ank.DocToolkit,0.28.0,566,
2026-09-16,Ank.DocToolkit,0.29.0,419,
2026-09-16,Ank.DocToolkit,0.3.0,101,
2026-09-16,Ank.DocToolkit,0.3.1,101,
2026-09-16,Ank.DocToolkit,0.3.10,107,
2026-09-16,Ank.DocToolkit,0.3.11,132,
2026-09-16,Ank.DocToolkit,0.3.12,144,
2026-09-16,Ank.DocToolkit,0.3.2,228,
2026-09-16,Ank.DocToolkit,0.3.3,101,
2026-09-16,Ank.DocToolkit,0.3.4,108,
2026-09-16,Ank.DocToolkit,0.3.5,126,
2026-09-16,Ank.DocToolkit,0.3.6,138,
2026-09-16,Ank.DocToolkit,0.3.7,127,
2026-09-16,Ank.DocToolkit,0.3.8,114,
2026-09-16,Ank.DocToolkit,0.3.9,131,
2026-09-16,Ank.DocToolkit,0.30.0,341,
2026-09-16,Ank.DocToolkit,0.31.0,255,
2026-09-16,Ank.DocToolkit,0.31.1,223,
2026-09-16,Ank.DocToolkit,0.32.0,1197,
2026-09-16,Ank.DocToolkit,0.33.0,165,
2026-09-16,Ank.DocToolkit,0.33.1,127,
2026-09-16,Ank.DocToolkit,0.33.2,139,
2026-09-16,Ank.DocToolkit,0.33.3,444,
2026-09-16,Ank.DocToolkit,0.33.4,251,
2026-09-16,Ank.DocToolkit,0.33.5,221,
2026-09-16,Ank.DocToolkit,0.34.0,675,
2026-09-16,Ank.DocToolkit,0.35.0,399,
2026-09-16,Ank.DocToolkit,0.36.1,428,
2026-09-16,Ank.DocToolkit,0.37.0,497,
2026-09-16,Ank.DocToolkit,0.38.0,492,
2026-09-16,Ank.DocToolkit,0.39.0,200,
2026-09-16,Ank.DocToolkit,0.4.0,160,
2026-09-16,Ank.DocToolkit,0.40.0,164,
2026-09-16,Ank.DocToolkit,0.41.0,227,
2026-09-16,Ank.DocToolkit,0.42.0,731,
2026-09-16,Ank.DocToolkit,0.43.0,544,
2026-09-16,Ank.DocToolkit,0.44.0,255,
2026-09-16,Ank.DocToolkit,0.44.1,373,
2026-09-16,Ank.DocToolkit,0.45.0,219,
2026-09-16,Ank.DocToolkit,0.45.1,253,
2026-09-16,Ank.DocToolkit,0.46.0,387,
2026-09-16,Ank.DocToolkit,0.47.0,256,
2026-09-16,Ank.DocToolkit,0.48.0,352,
2026-09-16,Ank.DocToolkit,0.49.0,296,
2026-09-16,Ank.DocToolkit,0.5.0,173,
2026-09-16,Ank.DocToolkit,0.50.0,419,
2026-09-16,Ank.DocToolkit,0.51.0,101,
2026-09-16,Ank.DocToolkit,0.52.0,328,
2026-09-16,Ank.DocToolkit,0.53.0,184,
2026-09-16,Ank.DocToolkit,0.54.0,383,
2026-09-16,Ank.DocToolkit,0.55.0,211,
2026-09-16,Ank.DocToolkit,0.56.0,262,
2026-09-16,Ank.DocToolkit,0.57.0,209,
2026-09-16,Ank.DocToolkit,0.57.1,213,
2026-09-16,Ank.DocToolkit,0.6.0,145,
2026-09-16,Ank.DocToolkit,0.7.0,305,
2026-09-16,Ank.DocToolkit,0.8.0,454,
2026-09-16,Ank.DocToolkit,0.9.0,232,
2026-09-16,Ank.DocToolkit.Extensions.DependencyInjection,0.10.0,160,
2026-09-16,Ank.DocToolkit.Extensions.DependencyInjection,0.11.0,353,
2026-09-16,Ank.DocToolkit.Extensions.DependencyInjection,0.12.0,649,
2026-09-16,Ank.DocToolkit.Extensions.DependencyInjection,0.13.0,199,
2026-09-16,Ank.DocToolkit.Extensions.DependencyInjection,0.14.0,310,
2026-09-16,Ank.DocToolkit.Extensions.DependencyInjection,0.15.0,182,
2026-09-16,Ank.DocToolkit.Extensions.DependencyInjection,0.16.0,333,
2026-09-16,Ank.DocToolkit.Extensions.DependencyInjection,0.18.0,154,
2026-09-16,Ank.DocToolkit.Extensions.DependencyInjection,0.18.1,175,
2026-09-16,Ank.DocToolkit.Extensions.DependencyInjection,0.19.0,138,
2026-09-16,Ank.DocToolkit.Extensions.DependencyInjection,0.19.1,143,
2026-09-16,Ank.DocToolkit.Extensions.DependencyInjection,0.2.1,238,
2026-09-16,Ank.DocToolkit.Extensions.DependencyInjection,0.2.2,112,
2026-09-16,Ank.DocToolkit.Extensions.DependencyInjection,0.20.0,298,
2026-09-16,Ank.DocToolkit.Extensions.DependencyInjection,0.21.0,150,
2026-09-16,Ank.DocToolkit.Extensions.DependencyInjection,0.22.0,165,
2026-09-16,Ank.DocToolkit.Extensions.DependencyInjection,0.23.0,134,
2026-09-16,Ank.DocToolkit.Extensions.DependencyInjection,0.24.0,355,
2026-09-16,Ank.DocToolkit.Extensions.DependencyInjection,0.25.0,268,
2026-09-16,Ank.DocToolkit.Extensions.DependencyInjection,0.26.0,306,
2026-09-16,Ank.DocToolkit.Extensions.DependencyInjection,0.27.0,387,
2026-09-16,Ank.DocToolkit.Extensions.DependencyInjection,0.27.1,203,
2026-09-16,Ank.DocToolkit.Extensions.DependencyInjection,0.27.2,257,
2026-09-16,Ank.DocToolkit.Extensions.DependencyInjection,0.27.3,114,
2026-09-16,Ank.DocToolkit.Extensions.DependencyInjection,0.27.4,210,
2026-09-16,Ank.DocToolkit.Extensions.DependencyInjection,0.27.5,270,
2026-09-16,Ank.DocToolkit.Extensions.DependencyInjection,0.28.0,193,
2026-09-16,Ank.DocToolkit.Extensions.DependencyInjection,0.29.0,383,
2026-09-16,Ank.DocToolkit.Extensions.DependencyInjection,0.3.0,98,
2026-09-16,Ank.DocToolkit.Extensions.DependencyInjection,0.3.1,102,
2026-09-16,Ank.DocToolkit.Extensions.DependencyInjection,0.3.10,106,
2026-09-16,Ank.DocToolkit.Extensions.DependencyInjection,0.3.11,134,
2026-09-16,Ank.DocToolkit.Extensions.DependencyInjection,0.3.12,145,
2026-09-16,Ank.DocToolkit.Extensions.DependencyInjection,0.3.2,226,
2026-09-16,Ank.DocToolkit.Extensions.DependencyInjection,0.3.3,104,
2026-09-16,Ank.DocToolkit.Extensions.DependencyInjection,0.3.4,111,
2026-09-16,Ank.DocToolkit.Extensions.DependencyInjection,0.3.5,123,
2026-09-16,Ank.DocToolkit.Extensions.DependencyInjection,0.3.6,138,
2026-09-16,Ank.DocToolkit.Extensions.DependencyInjection,0.3.7,142,
2026-09-16,Ank.DocToolkit.Extensions.DependencyInjection,0.3.8,112,
2026-09-16,Ank.DocToolkit.Extensions.DependencyInjection,0.3.9,137,
2026-09-16,Ank.DocToolkit.Extensions.DependencyInjection,0.30.0,307,
2026-09-16,Ank.DocToolkit.Extensions.DependencyInjection,0.31.0,237,
2026-09-16,Ank.DocToolkit.Extensions.DependencyInjection,0.31.1,212,
2026-09-16,Ank.DocToolkit.Extensions.DependencyInjection,0.32.0,256,
2026-09-16,Ank.DocToolkit.Extensions.DependencyInjection,0.33.0,169,
2026-09-16,Ank.DocToolkit.Extensions.DependencyInjection,0.33.1,125,
2026-09-16,Ank.DocToolkit.Extensions.DependencyInjection,0.33.2,134,
2026-09-16,Ank.DocToolkit.Extensions.DependencyInjection,0.33.3,410,
2026-09-16,Ank.DocToolkit.Extensions.DependencyInjection,0.33.4,232,
2026-09-16,Ank.DocToolkit.Extensions.DependencyInjection,0.33.5,204,
2026-09-16,Ank.DocToolkit.Extensions.DependencyInjection,0.34.0,153,
2026-09-16,Ank.DocToolkit.Extensions.DependencyInjection,0.35.0,291,
2026-09-16,Ank.DocToolkit.Extensions.DependencyInjection,0.36.1,261,
2026-09-16,Ank.DocToolkit.Extensions.DependencyInjection,0.37.0,446,
2026-09-16,Ank.DocToolkit.Extensions.DependencyInjection,0.38.0,149,
2026-09-16,Ank.DocToolkit.Extensions.DependencyInjection,0.39.0,188,
2026-09-16,Ank.DocToolkit.Extensions.DependencyInjection,0.4.0,158,
2026-09-16,Ank.DocToolkit.Extensions.DependencyInjection,0.40.0,165,
2026-09-16,Ank.DocToolkit.Extensions.DependencyInjection,0.41.0,213,
2026-09-16,Ank.DocToolkit.Extensions.DependencyInjection,0.42.0,656,
2026-09-16,Ank.DocToolkit.Extensions.DependencyInjection,0.43.0,136,
2026-09-16,Ank.DocToolkit.Extensions.DependencyInjection,0.44.0,242,
2026-09-16,Ank.DocToolkit.Extensions.DependencyInjection,0.44.1,339,
2026-09-16,Ank.DocToolkit.Extensions.DependencyInjection,0.45.0,196,
2026-09-16,Ank.DocToolkit.Extensions.DependencyInjection,0.45.1,233,
2026-09-16,Ank.DocToolkit.Extensions.DependencyInjection,0.46.0,206,
2026-09-16,Ank.DocToolkit.Extensions.DependencyInjection,0.47.0,225,
2026-09-16,Ank.DocToolkit.Extensions.DependencyInjection,0.48.0,161,
2026-09-16,Ank.DocToolkit.Extensions.DependencyInjection,0.49.0,232,
2026-09-16,Ank.DocToolkit.Extensions.DependencyInjection,0.5.0,168,
2026-09-16,Ank.DocToolkit.Extensions.DependencyInjection,0.50.0,179,
2026-09-16,Ank.DocToolkit.Extensions.DependencyInjection,0.51.0,101,
2026-09-16,Ank.DocToolkit.Extensions.DependencyInjection,0.52.0,231,
2026-09-16,Ank.DocToolkit.Extensions.DependencyInjection,0.53.0,171,
2026-09-16,Ank.DocToolkit.Extensions.DependencyInjection,0.54.0,162,
2026-09-16,Ank.DocToolkit.Extensions.DependencyInjection,0.55.0,199,
2026-09-16,Ank.DocToolkit.Extensions.DependencyInjection,0.56.0,138,
2026-09-16,Ank.DocToolkit.Extensions.DependencyInjection,0.57.0,195,
2026-09-16,Ank.DocToolkit.Extensions.DependencyInjection,0.57.1,191,
2026-09-16,Ank.DocToolkit.Extensions.DependencyInjection,0.6.0,139,
2026-09-16,Ank.DocToolkit.Extensions.DependencyInjection,0.7.0,187,
2026-09-16,Ank.DocToolkit.Extensions.DependencyInjection,0.8.0,146,
2026-09-16,Ank.DocToolkit.Extensions.DependencyInjection,0.9.0,231,
2026-09-17,Ank.DocToolkit,0.1.0,362,
2026-09-17,Ank.DocToolkit,0.10.0,463,
2026-09-17,Ank.DocToolkit,0.11.0,1074,
2026-09-17,Ank.DocToolkit,0.12.0,896,
2026-09-17,Ank.DocToolkit,0.13.0,360,
2026-09-17,Ank.DocToolkit,0.14.0,332,
2026-09-17,Ank.DocToolkit,0.15.0,347,
2026-09-17,Ank.DocToolkit,0.16.0,365,
2026-09-17,Ank.DocToolkit,0.18.0,168,
2026-09-17,Ank.DocToolkit,0.18.1,343,
2026-09-17,Ank.DocToolkit,0.19.0,143,
2026-09-17,Ank.DocToolkit,0.19.1,266,
2026-09-17,Ank.DocToolkit,0.2.0,1490,
2026-09-17,Ank.DocToolkit,0.2.1,236,
2026-09-17,Ank.DocToolkit,0.2.2,104,
2026-09-17,Ank.DocToolkit,0.20.0,333,
2026-09-17,Ank.DocToolkit,0.21.0,233,
2026-09-17,Ank.DocToolkit,0.22.0,461,
2026-09-17,Ank.DocToolkit,0.23.0,139,
2026-09-17,Ank.DocToolkit,0.24.0,776,
2026-09-17,Ank.DocToolkit,0.25.0,303,
2026-09-17,Ank.DocToolkit,0.26.0,1335,
2026-09-17,Ank.DocToolkit,0.27.0,419,
2026-09-17,Ank.DocToolkit,0.27.1,215,
2026-09-17,Ank.DocToolkit,0.27.2,269,
2026-09-17,Ank.DocToolkit,0.27.3,127,
2026-09-17,Ank.DocToolkit,0.27.4,237,
2026-09-17,Ank.DocToolkit,0.27.5,282,
2026-09-17,Ank.DocToolkit,0.28.0,567,
2026-09-17,Ank.DocToolkit,0.29.0,419,
2026-09-17,Ank.DocToolkit,0.3.0,101,
2026-09-17,Ank.DocToolkit,0.3.1,101,
2026-09-17,Ank.DocToolkit,0.3.10,107,
2026-09-17,Ank.DocToolkit,0.3.11,132,
2026-09-17,Ank.DocToolkit,0.3.12,144,
2026-09-17,Ank.DocToolkit,0.3.2,228,
2026-09-17,Ank.DocToolkit,0.3.3,101,
2026-09-17,Ank.DocToolkit,0.3.4,108,
2026-09-17,Ank.DocToolkit,0.3.5,126,
2026-09-17,Ank.DocToolkit,0.3.6,138,
2026-09-17,Ank.DocToolkit,0.3.7,127,
2026-09-17,Ank.DocToolkit,0.3.8,114,
2026-09-17,Ank.DocToolkit,0.3.9,131,
2026-09-17,Ank.DocToolkit,0.30.0,341,
2026-09-17,Ank.DocToolkit,0.31.0,255,
2026-09-17,Ank.DocToolkit,0.31.1,224,
2026-09-17,Ank.DocToolkit,0.32.0,1197,
2026-09-17,Ank.DocToolkit,0.33.0,166,
2026-09-17,Ank.DocToolkit,0.33.1,127,
2026-09-17,Ank.DocToolkit,0.33.2,139,
2026-09-17,Ank.DocToolkit,0.33.3,444,
2026-09-17,Ank.DocToolkit,0.33.4,251,
2026-09-17,Ank.DocToolkit,0.33.5,221,
2026-09-17,Ank.DocToolkit,0.34.0,675,
2026-09-17,Ank.DocToolkit,0.35.0,399,
2026-09-17,Ank.DocToolkit,0.36.1,428,
2026-09-17,Ank.DocToolkit,0.37.0,497,
2026-09-17,Ank.DocToolkit,0.38.0,492,
2026-09-17,Ank.DocToolkit,0.39.0,200,
2026-09-17,Ank.DocToolkit,0.4.0,160,
2026-09-17,Ank.DocToolkit,0.40.0,164,
2026-09-17,Ank.DocToolkit,0.41.0,227,
2026-09-17,Ank.DocToolkit,0.42.0,732,
2026-09-17,Ank.DocToolkit,0.43.0,544,
2026-09-17,Ank.DocToolkit,0.44.0,255,
2026-09-17,Ank.DocToolkit,0.44.1,373,
2026-09-17,Ank.DocToolkit,0.45.0,219,
2026-09-17,Ank.DocToolkit,0.45.1,253,
2026-09-17,Ank.DocToolkit,0.46.0,387,
2026-09-17,Ank.DocToolkit,0.47.0,256,
2026-09-17,Ank.DocToolkit,0.48.0,352,
2026-09-17,Ank.DocToolkit,0.49.0,296,
2026-09-17,Ank.DocToolkit,0.5.0,173,
2026-09-17,Ank.DocToolkit,0.50.0,419,
2026-09-17,Ank.DocToolkit,0.51.0,101,
2026-09-17,Ank.DocToolkit,0.52.0,328,
2026-09-17,Ank.DocToolkit,0.53.0,184,
2026-09-17,Ank.DocToolkit,0.54.0,383,
2026-09-17,Ank.DocToolkit,0.55.0,211,
2026-09-17,Ank.DocToolkit,0.56.0,262,
2026-09-17,Ank.DocToolkit,0.57.0,209,
2026-09-17,Ank.DocToolkit,0.57.1,213,
2026-09-17,Ank.DocToolkit,0.6.0,145,
2026-09-17,Ank.DocToolkit,0.7.0,305,
2026-09-17,Ank.DocToolkit,0.8.0,454,
2026-09-17,Ank.DocToolkit,0.9.0,232,
2026-09-17,Ank.DocToolkit.Extensions.DependencyInjection,0.10.0,160,
2026-09-17,Ank.DocToolkit.Extensions.DependencyInjection,0.11.0,353,
2026-09-17,Ank.DocToolkit.Extensions.DependencyInjection,0.12.0,649,
2026-09-17,Ank.DocToolkit.Extensions.DependencyInjection,0.13.0,199,
2026-09-17,Ank.DocToolkit.Extensions.DependencyInjection,0.14.0,310,
2026-09-17,Ank.DocToolkit.Extensions.DependencyInjection,0.15.0,182,
2026-09-17,Ank.DocToolkit.Extensions.DependencyInjection,0.16.0,333,
2026-09-17,Ank.DocToolkit.Extensions.DependencyInjection,0.18.0,154,
2026-09-17,Ank.DocToolkit.Extensions.DependencyInjection,0.18.1,175,
2026-09-17,Ank.DocToolkit.Extensions.DependencyInjection,0.19.0,138,
2026-09-17,Ank.DocToolkit.Extensions.DependencyInjection,0.19.1,143,
2026-09-17,Ank.DocToolkit.Extensions.DependencyInjection,0.2.1,238,
2026-09-17,Ank.DocToolkit.Extensions.DependencyInjection,0.2.2,112,
2026-09-17,Ank.DocToolkit.Extensions.DependencyInjection,0.20.0,298,
2026-09-17,Ank.DocToolkit.Extensions.DependencyInjection,0.21.0,150,
2026-09-17,Ank.DocToolkit.Extensions.DependencyInjection,0.22.0,165,
2026-09-17,Ank.DocToolkit.Extensions.DependencyInjection,0.23.0,134,
2026-09-17,Ank.DocToolkit.Extensions.DependencyInjection,0.24.0,355,
2026-09-17,Ank.DocToolkit.Extensions.DependencyInjection,0.25.0,268,
2026-09-17,Ank.DocToolkit.Extensions.DependencyInjection,0.26.0,306,
2026-09-17,Ank.DocToolkit.Extensions.DependencyInjection,0.27.0,387,
2026-09-17,Ank.DocToolkit.Extensions.DependencyInjection,0.27.1,203,
2026-09-17,Ank.DocToolkit.Extensions.DependencyInjection,0.27.2,257,
2026-09-17,Ank.DocToolkit.Extensions.DependencyInjection,0.27.3,114,
2026-09-17,Ank.DocToolkit.Extensions.DependencyInjection,0.27.4,210,
2026-09-17,Ank.DocToolkit.Extensions.DependencyInjection,0.27.5,270,
2026-09-17,Ank.DocToolkit.Extensions.DependencyInjection,0.28.0,193,
2026-09-17,Ank.DocToolkit.Extensions.DependencyInjection,0.29.0,383,
2026-09-17,Ank.DocToolkit.Extensions.DependencyInjection,0.3.0,99,
2026-09-17,Ank.DocToolkit.Extensions.DependencyInjection,0.3.1,103,
2026-09-17,Ank.DocToolkit.Extensions.DependencyInjection,0.3.10,106,
2026-09-17,Ank.DocToolkit.Extensions.DependencyInjection,0.3.11,134,
2026-09-17,Ank.DocToolkit.Extensions.DependencyInjection,0.3.12,145,
2026-09-17,Ank.DocToolkit.Extensions.DependencyInjection,0.3.2,226,
2026-09-17,Ank.DocToolkit.Extensions.DependencyInjection,0.3.3,104,
2026-09-17,Ank.DocToolkit.Extensions.DependencyInjection,0.3.4,111,
2026-09-17,Ank.DocToolkit.Extensions.DependencyInjection,0.3.5,123,
2026-09-17,Ank.DocToolkit.Extensions.DependencyInjection,0.3.6,138,
2026-09-17,Ank.DocToolkit.Extensions.DependencyInjection,0.3.7,142,
2026-09-17,Ank.DocToolkit.Extensions.DependencyInjection,0.3.8,112,
2026-09-17,Ank.DocToolkit.Extensions.DependencyInjection,0.3.9,137,
2026-09-17,Ank.DocToolkit.Extensions.DependencyInjection,0.30.0,307,
2026-09-17,Ank.DocToolkit.Extensions.DependencyInjection,0.31.0,237,
2026-09-17,Ank.DocToolkit.Extensions.DependencyInjection,0.31.1,213,
2026-09-17,Ank.DocToolkit.Extensions.DependencyInjection,0.32.0,256,
2026-09-17,Ank.DocToolkit.Extensions.DependencyInjection,0.33.0,169,
2026-09-17,Ank.DocToolkit.Extensions.DependencyInjection,0.33.1,125,
2026-09-17,Ank.DocToolkit.Extensions.DependencyInjection,0.33.2,134,
2026-09-17,Ank.DocToolkit.Extensions.DependencyInjection,0.33.3,410,
2026-09-17,Ank.DocToolkit.Extensions.DependencyInjection,0.33.4,232,
2026-09-17,Ank.DocToolkit.Extensions.DependencyInjection,0.33.5,204,
2026-09-17,Ank.DocToolkit.Extensions.DependencyInjection,0.34.0,153,
2026-09-17,Ank.DocToolkit.Extensions.DependencyInjection,0.35.0,291,
2026-09-17,Ank.DocToolkit.Extensions.DependencyInjection,0.36.1,261,
2026-09-17,Ank.DocToolkit.Extensions.DependencyInjection,0.37.0,446,
2026-09-17,Ank.DocToolkit.Extensions.DependencyInjection,0.38.0,149,
2026-09-17,Ank.DocToolkit.Extensions.DependencyInjection,0.39.0,188,
2026-09-17,Ank.DocToolkit.Extensions.DependencyInjection,0.4.0,158,
2026-09-17,Ank.DocToolkit.Extensions.DependencyInjection,0.40.0,165,
2026-09-17,Ank.DocToolkit.Extensions.DependencyInjection,0.41.0,213,
2026-09-17,Ank.DocToolkit.Extensions.DependencyInjection,0.42.0,657,
2026-09-17,Ank.DocToolkit.Extensions.DependencyInjection,0.43.0,136,
2026-09-17,Ank.DocToolkit.Extensions.DependencyInjection,0.44.0,242,
2026-09-17,Ank.DocToolkit.Extensions.DependencyInjection,0.44.1,339,
2026-09-17,Ank.DocToolkit.Extensions.DependencyInjection,0.45.0,196,
2026-09-17,Ank.DocToolkit.Extensions.DependencyInjection,0.45.1,233,
2026-09-17,Ank.DocToolkit.Extensions.DependencyInjection,0.46.0,207,
2026-09-17,Ank.DocToolkit.Extensions.DependencyInjection,0.47.0,225,
2026-09-17,Ank.DocToolkit.Extensions.DependencyInjection,0.48.0,161,
2026-09-17,Ank.DocToolkit.Extensions.DependencyInjection,0.49.0,232,
2026-09-17,Ank.DocToolkit.Extensions.DependencyInjection,0.5.0,168,
2026-09-17,Ank.DocToolkit.Extensions.DependencyInjection,0.50.0,179,
2026-09-17,Ank.DocToolkit.Extensions.DependencyInjection,0.51.0,101,
2026-09-17,Ank.DocToolkit.Extensions.DependencyInjection,0.52.0,231,
2026-09-17,Ank.DocToolkit.Extensions.DependencyInjection,0.53.0,171,
2026-09-17,Ank.DocToolkit.Extensions.DependencyInjection,0.54.0,162,
2026-09-17,Ank.DocToolkit.Extensions.DependencyInjection,0.55.0,199,
2026-09-17,Ank.DocToolkit.Extensions.DependencyInjection,0.56.0,138,
2026-09-17,Ank.DocToolkit.Extensions.DependencyInjection,0.57.0,195,
2026-09-17,Ank.DocToolkit.Extensions.DependencyInjection,0.57.1,191,
2026-09-17,Ank.DocToolkit.Extensions.DependencyInjection,0.6.0,139,
2026-09-17,Ank.DocToolkit.Extensions.DependencyInjection,0.7.0,187,
2026-09-17,Ank.DocToolkit.Extensions.DependencyInjection,0.8.0,146,
2026-09-17,Ank.DocToolkit.Extensions.DependencyInjection,0.9.0,231,
2026-09-18,Ank.DocToolkit,0.1.0,362,
2026-09-18,Ank.DocToolkit,0.10.0,463,
2026-09-18,Ank.DocToolkit,0.11.0,1074,
2026-09-18,Ank.DocToolkit,0.12.0,896,
2026-09-18,Ank.DocToolkit,0.13.0,360,
2026-09-18,Ank.DocToolkit,0.14.0,332,
2026-09-18,Ank.DocToolkit,0.15.0,347,
2026-09-18,Ank.DocToolkit,0.16.0,365,
2026-09-18,Ank.DocToolkit,0.18.0,168,
2026-09-18,Ank.DocToolkit,0.18.1,343,
2026-09-18,Ank.DocToolkit,0.19.0,143,
2026-09-18,Ank.DocToolkit,0.19.1,266,
2026-09-18,Ank.DocToolkit,0.2.0,1490,
2026-09-18,Ank.DocToolkit,0.2.1,236,
2026-09-18,Ank.DocToolkit,0.2.2,104,
2026-09-18,Ank.DocToolkit,0.20.0,333,
2026-09-18,Ank.DocToolkit,0.21.0,233,
2026-09-18,Ank.DocToolkit,0.22.0,461,
2026-09-18,Ank.DocToolkit,0.23.0,139,
2026-09-18,Ank.DocToolkit,0.24.0,776,
2026-09-18,Ank.DocToolkit,0.25.0,303,
2026-09-18,Ank.DocToolkit,0.26.0,1335,
2026-09-18,Ank.DocToolkit,0.27.0,419,
2026-09-18,Ank.DocToolkit,0.27.1,215,
2026-09-18,Ank.DocToolkit,0.27.2,269,
2026-09-18,Ank.DocToolkit,0.27.3,127,
2026-09-18,Ank.DocToolkit,0.27.4,239,
2026-09-18,Ank.DocToolkit,0.27.5,282,
2026-09-18,Ank.DocToolkit,0.28.0,567,
2026-09-18,Ank.DocToolkit,0.29.0,421,
2026-09-18,Ank.DocToolkit,0.3.0,101,
2026-09-18,Ank.DocToolkit,0.3.1,101,
2026-09-18,Ank.DocToolkit,0.3.10,107,
2026-09-18,Ank.DocToolkit,0.3.11,132,
2026-09-18,Ank.DocToolkit,0.3.12,144,
2026-09-18,Ank.DocToolkit,0.3.2,228,
2026-09-18,Ank.DocToolkit,0.3.3,101,
2026-09-18,Ank.DocToolkit,0.3.4,108,
2026-09-18,Ank.DocToolkit,0.3.5,126,
2026-09-18,Ank.DocToolkit,0.3.6,138,
2026-09-18,Ank.DocToolkit,0.3.7,127,
2026-09-18,Ank.DocToolkit,0.3.8,114,
2026-09-18,Ank.DocToolkit,0.3.9,131,
2026-09-18,Ank.DocToolkit,0.30.0,343,
2026-09-18,Ank.DocToolkit,0.31.0,256,
2026-09-18,Ank.DocToolkit,0.31.1,224,
2026-09-18,Ank.DocToolkit,0.32.0,1197,
2026-09-18,Ank.DocToolkit,0.33.0,166,
2026-09-18,Ank.DocToolkit,0.33.1,127,
2026-09-18,Ank.DocToolkit,0.33.2,139,
2026-09-18,Ank.DocToolkit,0.33.3,445,
2026-09-18,Ank.DocToolkit,0.33.4,251,
2026-09-18,Ank.DocToolkit,0.33.5,221,
2026-09-18,Ank.DocToolkit,0.34.0,676,
2026-09-18,Ank.DocToolkit,0.35.0,399,
2026-09-18,Ank.DocToolkit,0.36.1,428,
2026-09-18,Ank.DocToolkit,0.37.0,497,
2026-09-18,Ank.DocToolkit,0.38.0,492,
2026-09-18,Ank.DocToolkit,0.39.0,200,
2026-09-18,Ank.DocToolkit,0.4.0,160,
2026-09-18,Ank.DocToolkit,0.40.0,164,
2026-09-18,Ank.DocToolkit,0.41.0,228,
2026-09-18,Ank.DocToolkit,0.42.0,733,
2026-09-18,Ank.DocToolkit,0.43.0,546,
2026-09-18,Ank.DocToolkit,0.44.0,259,
2026-09-18,Ank.DocToolkit,0.44.1,374,
2026-09-18,Ank.DocToolkit,0.45.0,220,
2026-09-18,Ank.DocToolkit,0.45.1,254,
2026-09-18,Ank.DocToolkit,0.46.0,389,
2026-09-18,Ank.DocToolkit,0.47.0,256,
2026-09-18,Ank.DocToolkit,0.48.0,353,
2026-09-18,Ank.DocToolkit,0.49.0,298,
2026-09-18,Ank.DocToolkit,0.5.0,173,
2026-09-18,Ank.DocToolkit,0.50.0,420,
2026-09-18,Ank.DocToolkit,0.51.0,104,
2026-09-18,Ank.DocToolkit,0.52.0,330,
2026-09-18,Ank.DocToolkit,0.53.0,186,
2026-09-18,Ank.DocToolkit,0.54.0,385,
2026-09-18,Ank.DocToolkit,0.55.0,213,
2026-09-18,Ank.DocToolkit,0.56.0,263,
2026-09-18,Ank.DocToolkit,0.57.0,211,
2026-09-18,Ank.DocToolkit,0.57.1,215,
2026-09-18,Ank.DocToolkit,0.6.0,145,
2026-09-18,Ank.DocToolkit,0.7.0,305,
2026-09-18,Ank.DocToolkit,0.8.0,454,
2026-09-18,Ank.DocToolkit,0.9.0,232,
2026-09-18,Ank.DocToolkit.Extensions.DependencyInjection,0.10.0,160,
2026-09-18,Ank.DocToolkit.Extensions.DependencyInjection,0.11.0,353,
2026-09-18,Ank.DocToolkit.Extensions.DependencyInjection,0.12.0,649,
2026-09-18,Ank.DocToolkit.Extensions.DependencyInjection,0.13.0,199,
2026-09-18,Ank.DocToolkit.Extensions.DependencyInjection,0.14.0,310,
2026-09-18,Ank.DocToolkit.Extensions.DependencyInjection,0.15.0,182,
2026-09-18,Ank.DocToolkit.Extensions.DependencyInjection,0.16.0,333,
2026-09-18,Ank.DocToolkit.Extensions.DependencyInjection,0.18.0,154,
2026-09-18,Ank.DocToolkit.Extensions.DependencyInjection,0.18.1,175,
2026-09-18,Ank.DocToolkit.Extensions.DependencyInjection,0.19.0,138,
2026-09-18,Ank.DocToolkit.Extensions.DependencyInjection,0.19.1,143,
2026-09-18,Ank.DocToolkit.Extensions.DependencyInjection,0.2.1,238,
2026-09-18,Ank.DocToolkit.Extensions.DependencyInjection,0.2.2,112,
2026-09-18,Ank.DocToolkit.Extensions.DependencyInjection,0.20.0,298,
2026-09-18,Ank.DocToolkit.Extensions.DependencyInjection,0.21.0,150,
2026-09-18,Ank.DocToolkit.Extensions.DependencyInjection,0.22.0,165,
2026-09-18,Ank.DocToolkit.Extensions.DependencyInjection,0.23.0,134,
2026-09-18,Ank.DocToolkit.Extensions.DependencyInjection,0.24.0,355,
2026-09-18,Ank.DocToolkit.Extensions.DependencyInjection,0.25.0,268,
2026-09-18,Ank.DocToolkit.Extensions.DependencyInjection,0.26.0,306,
2026-09-18,Ank.DocToolkit.Extensions.DependencyInjection,0.27.0,387,
2026-09-18,Ank.DocToolkit.Extensions.DependencyInjection,0.27.1,203,
2026-09-18,Ank.DocToolkit.Extensions.DependencyInjection,0.27.2,257,
2026-09-18,Ank.DocToolkit.Extensions.DependencyInjection,0.27.3,114,
2026-09-18,Ank.DocToolkit.Extensions.DependencyInjection,0.27.4,210,
2026-09-18,Ank.DocToolkit.Extensions.DependencyInjection,0.27.5,270,
2026-09-18,Ank.DocToolkit.Extensions.DependencyInjection,0.28.0,195,
2026-09-18,Ank.DocToolkit.Extensions.DependencyInjection,0.29.0,383,
2026-09-18,Ank.DocToolkit.Extensions.DependencyInjection,0.3.0,99,
2026-09-18,Ank.DocToolkit.Extensions.DependencyInjection,0.3.1,103,
2026-09-18,Ank.DocToolkit.Extensions.DependencyInjection,0.3.10,106,
2026-09-18,Ank.DocToolkit.Extensions.DependencyInjection,0.3.11,134,
2026-09-18,Ank.DocToolkit.Extensions.DependencyInjection,0.3.12,145,
2026-09-18,Ank.DocToolkit.Extensions.DependencyInjection,0.3.2,226,
2026-09-18,Ank.DocToolkit.Extensions.DependencyInjection,0.3.3,104,
2026-09-18,Ank.DocToolkit.Extensions.DependencyInjection,0.3.4,111,
2026-09-18,Ank.DocToolkit.Extensions.DependencyInjection,0.3.5,123,
2026-09-18,Ank.DocToolkit.Extensions.DependencyInjection,0.3.6,138,
2026-09-18,Ank.DocToolkit.Extensions.DependencyInjection,0.3.7,142,
2026-09-18,Ank.DocToolkit.Extensions.DependencyInjection,0.3.8,112,
2026-09-18,Ank.DocToolkit.Extensions.DependencyInjection,0.3.9,137,
2026-09-18,Ank.DocToolkit.Extensions.DependencyInjection,0.30.0,307,
2026-09-18,Ank.DocToolkit.Extensions.DependencyInjection,0.31.0,237,
2026-09-18,Ank.DocToolkit.Extensions.DependencyInjection,0.31.1,213,
2026-09-18,Ank.DocToolkit.Extensions.DependencyInjection,0.32.0,257,
2026-09-18,Ank.DocToolkit.Extensions.DependencyInjection,0.33.0,169,
2026-09-18,Ank.DocToolkit.Extensions.DependencyInjection,0.33.1,125,
2026-09-18,Ank.DocToolkit.Extensions.DependencyInjection,0.33.2,136,
2026-09-18,Ank.DocToolkit.Extensions.DependencyInjection,0.33.3,410,
2026-09-18,Ank.DocToolkit.Extensions.DependencyInjection,0.33.4,232,
2026-09-18,Ank.DocToolkit.Extensions.DependencyInjection,0.33.5,205,
2026-09-18,Ank.DocToolkit.Extensions.DependencyInjection,0.34.0,153,
2026-09-18,Ank.DocToolkit.Extensions.DependencyInjection,0.35.0,291,
2026-09-18,Ank.DocToolkit.Extensions.DependencyInjection,0.36.1,261,
2026-09-18,Ank.DocToolkit.Extensions.DependencyInjection,0.37.0,446,
2026-09-18,Ank.DocToolkit.Extensions.DependencyInjection,0.38.0,149,
2026-09-18,Ank.DocToolkit.Extensions.DependencyInjection,0.39.0,188,
2026-09-18,Ank.DocToolkit.Extensions.DependencyInjection,0.4.0,158,
2026-09-18,Ank.DocToolkit.Extensions.DependencyInjection,0.40.0,165,
2026-09-18,Ank.DocToolkit.Extensions.DependencyInjection,0.41.0,213,
2026-09-18,Ank.DocToolkit.Extensions.DependencyInjection,0.42.0,658,
2026-09-18,Ank.DocToolkit.Extensions.DependencyInjection,0.43.0,139,
2026-09-18,Ank.DocToolkit.Extensions.DependencyInjection,0.44.0,243,
2026-09-18,Ank.DocToolkit.Extensions.DependencyInjection,0.44.1,341,
2026-09-18,Ank.DocToolkit.Extensions.DependencyInjection,0.45.0,197,
2026-09-18,Ank.DocToolkit.Extensions.DependencyInjection,0.45.1,235,
2026-09-18,Ank.DocToolkit.Extensions.DependencyInjection,0.46.0,208,
2026-09-18,Ank.DocToolkit.Extensions.DependencyInjection,0.47.0,228,
2026-09-18,Ank.DocToolkit.Extensions.DependencyInjection,0.48.0,162,
2026-09-18,Ank.DocToolkit.Extensions.DependencyInjection,0.49.0,233,
2026-09-18,Ank.DocToolkit.Extensions.DependencyInjection,0.5.0,168,
2026-09-18,Ank.DocToolkit.Extensions.DependencyInjection,0.50.0,182,
2026-09-18,Ank.DocToolkit.Extensions.DependencyInjection,0.51.0,103,
2026-09-18,Ank.DocToolkit.Extensions.DependencyInjection,0.52.0,232,
2026-09-18,Ank.DocToolkit.Extensions.DependencyInjection,0.53.0,172,
2026-09-18,Ank.DocToolkit.Extensions.DependencyInjection,0.54.0,163,
2026-09-18,Ank.DocToolkit.Extensions.DependencyInjection,0.55.0,201,
2026-09-18,Ank.DocToolkit.Extensions.DependencyInjection,0.56.0,140,
2026-09-18,Ank.DocToolkit.Extensions.DependencyInjection,0.57.0,197,
2026-09-18,Ank.DocToolkit.Extensions.DependencyInjection,0.57.1,194,
2026-09-18,Ank.DocToolkit.Extensions.DependencyInjection,0.6.0,139,
2026-09-18,Ank.DocToolkit.Extensions.DependencyInjection,0.7.0,187,
2026-09-18,Ank.DocToolkit.Extensions.DependencyInjection,0.8.0,146,
2026-09-18,Ank.DocToolkit.Extensions.DependencyInjection,0.9.0,231,
2026-09-19,Ank.DocToolkit,0.1.0,362,
2026-09-19,Ank.DocToolkit,0.10.0,464,
2026-09-19,Ank.DocToolkit,0.11.0,1075,
2026-09-19,Ank.DocToolkit,0.12.0,897,
2026-09-19,Ank.DocToolkit,0.13.0,361,
2026-09-19,Ank.DocToolkit,0.14.0,333,
2026-09-19,Ank.DocToolkit,0.15.0,348,
2026-09-19,Ank.DocToolkit,0.16.0,366,
2026-09-19,Ank.DocToolkit,0.18.0,169,
2026-09-19,Ank.DocToolkit,0.18.1,344,
2026-09-19,Ank.DocToolkit,0.19.0,144,
2026-09-19,Ank.DocToolkit,0.19.1,267,
2026-09-19,Ank.DocToolkit,0.2.0,1491,
2026-09-19,Ank.DocToolkit,0.2.1,237,
2026-09-19,Ank.DocToolkit,0.2.2,105,
2026-09-19,Ank.DocToolkit,0.20.0,334,
2026-09-19,Ank.DocToolkit,0.21.0,234,
2026-09-19,Ank.DocToolkit,0.22.0,463,
2026-09-19,Ank.DocToolkit,0.23.0,140,
2026-09-19,Ank.DocToolkit,0.24.0,777,
2026-09-19,Ank.DocToolkit,0.25.0,304,
2026-09-19,Ank.DocToolkit,0.26.0,1336,
2026-09-19,Ank.DocToolkit,0.27.0,420,
2026-09-19,Ank.DocToolkit,0.27.1,216,
2026-09-19,Ank.DocToolkit,0.27.2,270,
2026-09-19,Ank.DocToolkit,0.27.3,128,
2026-09-19,Ank.DocToolkit,0.27.4,240,
2026-09-19,Ank.DocToolkit,0.27.5,284,
2026-09-19,Ank.DocToolkit,0.28.0,568,
2026-09-19,Ank.DocToolkit,0.29.0,422,
2026-09-19,Ank.DocToolkit,0.3.0,102,
2026-09-19,Ank.DocToolkit,0.3.1,102,
2026-09-19,Ank.DocToolkit,0.3.10,108,
2026-09-19,Ank.DocToolkit,0.3.11,133,
2026-09-19,Ank.DocToolkit,0.3.12,145,
2026-09-19,Ank.DocToolkit,0.3.2,229,
2026-09-19,Ank.DocToolkit,0.3.3,102,
2026-09-19,Ank.DocToolkit,0.3.4,109,
2026-09-19,Ank.DocToolkit,0.3.5,127,
2026-09-19,Ank.DocToolkit,0.3.6,139,
2026-09-19,Ank.DocToolkit,0.3.7,128,
2026-09-19,Ank.DocToolkit,0.3.8,115,
2026-09-19,Ank.DocToolkit,0.3.9,132,
2026-09-19,Ank.DocToolkit,0.30.0,343,
2026-09-19,Ank.DocToolkit,0.31.0,257,
2026-09-19,Ank.DocToolkit,0.31.1,225,
2026-09-19,Ank.DocToolkit,0.32.0,1198,
2026-09-19,Ank.DocToolkit,0.33.0,167,
2026-09-19,Ank.DocToolkit,0.33.1,128,
2026-09-19,Ank.DocToolkit,0.33.2,140,
2026-09-19,Ank.DocToolkit,0.33.3,446,
2026-09-19,Ank.DocToolkit,0.33.4,252,
2026-09-19,Ank.DocToolkit,0.33.5,222,
2026-09-19,Ank.DocToolkit,0.34.0,677,
2026-09-19,Ank.DocToolkit,0.35.0,400,
2026-09-19,Ank.DocToolkit,0.36.1,429,
2026-09-19,Ank.DocToolkit,0.37.0,498,
2026-09-19,Ank.DocToolkit,0.38.0,493,
2026-09-19,Ank.DocToolkit,0.39.0,202,
2026-09-19,Ank.DocToolkit,0.4.0,161,
2026-09-19,Ank.DocToolkit,0.40.0,165,
2026-09-19,Ank.DocToolkit,0.41.0,229,
2026-09-19,Ank.DocToolkit,0.42.0,734,
2026-09-19,Ank.DocToolkit,0.43.0,546,
2026-09-19,Ank.DocToolkit,0.44.0,261,
2026-09-19,Ank.DocToolkit,0.44.1,374,
2026-09-19,Ank.DocToolkit,0.45.0,220,
2026-09-19,Ank.DocToolkit,0.45.1,254,
2026-09-19,Ank.DocToolkit,0.46.0,389,
2026-09-19,Ank.DocToolkit,0.47.0,256,
2026-09-19,Ank.DocToolkit,0.48.0,353,
2026-09-19,Ank.DocToolkit,0.49.0,298,
2026-09-19,Ank.DocToolkit,0.5.0,174,
2026-09-19,Ank.DocToolkit,0.50.0,420,
2026-09-19,Ank.DocToolkit,0.51.0,104,
2026-09-19,Ank.DocToolkit,0.52.0,330,
2026-09-19,Ank.DocToolkit,0.53.0,186,
2026-09-19,Ank.DocToolkit,0.54.0,385,
2026-09-19,Ank.DocToolkit,0.55.0,214,
2026-09-19,Ank.DocToolkit,0.56.0,263,
2026-09-19,Ank.DocToolkit,0.57.0,211,
2026-09-19,Ank.DocToolkit,0.57.1,217,
2026-09-19,Ank.DocToolkit,0.6.0,146,
2026-09-19,Ank.DocToolkit,0.7.0,306,
2026-09-19,Ank.DocToolkit,0.8.0,455,
2026-09-19,Ank.DocToolkit,0.9.0,233,
2026-09-19,Ank.DocToolkit.Extensions.DependencyInjection,0.10.0,161,
2026-09-19,Ank.DocToolkit.Extensions.DependencyInjection,0.11.0,354,
2026-09-19,Ank.DocToolkit.Extensions.DependencyInjection,0.12.0,650,
2026-09-19,Ank.DocToolkit.Extensions.DependencyInjection,0.13.0,200,
2026-09-19,Ank.DocToolkit.Extensions.DependencyInjection,0.14.0,311,
2026-09-19,Ank.DocToolkit.Extensions.DependencyInjection,0.15.0,183,
2026-09-19,Ank.DocToolkit.Extensions.DependencyInjection,0.16.0,334,
2026-09-19,Ank.DocToolkit.Extensions.DependencyInjection,0.18.0,156,
2026-09-19,Ank.DocToolkit.Extensions.DependencyInjection,0.18.1,176,
2026-09-19,Ank.DocToolkit.Extensions.DependencyInjection,0.19.0,139,
2026-09-19,Ank.DocToolkit.Extensions.DependencyInjection,0.19.1,144,
2026-09-19,Ank.DocToolkit.Extensions.DependencyInjection,0.2.1,239,
2026-09-19,Ank.DocToolkit.Extensions.DependencyInjection,0.2.2,113,
2026-09-19,Ank.DocToolkit.Extensions.DependencyInjection,0.20.0,299,
2026-09-19,Ank.DocToolkit.Extensions.DependencyInjection,0.21.0,151,
2026-09-19,Ank.DocToolkit.Extensions.DependencyInjection,0.22.0,166,
2026-09-19,Ank.DocToolkit.Extensions.DependencyInjection,0.23.0,135,
2026-09-19,Ank.DocToolkit.Extensions.DependencyInjection,0.24.0,356,
2026-09-19,Ank.DocToolkit.Extensions.DependencyInjection,0.25.0,269,
2026-09-19,Ank.DocToolkit.Extensions.DependencyInjection,0.26.0,307,
2026-09-19,Ank.DocToolkit.Extensions.DependencyInjection,0.27.0,388,
2026-09-19,Ank.DocToolkit.Extensions.DependencyInjection,0.27.1,204,
2026-09-19,Ank.DocToolkit.Extensions.DependencyInjection,0.27.2,258,
2026-09-19,Ank.DocToolkit.Extensions.DependencyInjection,0.27.3,115,
2026-09-19,Ank.DocToolkit.Extensions.DependencyInjection,0.27.4,211,
2026-09-19,Ank.DocToolkit.Extensions.DependencyInjection,0.27.5,271,
2026-09-19,Ank.DocToolkit.Extensions.DependencyInjection,0.28.0,196,
2026-09-19,Ank.DocToolkit.Extensions.DependencyInjection,0.29.0,385,
2026-09-19,Ank.DocToolkit.Extensions.DependencyInjection,0.3.0,100,
2026-09-19,Ank.DocToolkit.Extensions.DependencyInjection,0.3.1,104,
2026-09-19,Ank.DocToolkit.Extensions.DependencyInjection,0.3.10,107,
2026-09-19,Ank.DocToolkit.Extensions.DependencyInjection,0.3.11,135,
2026-09-19,Ank.DocToolkit.Extensions.DependencyInjection,0.3.12,146,
2026-09-19,Ank.DocToolkit.Extensions.DependencyInjection,0.3.2,227,
2026-09-19,Ank.DocToolkit.Extensions.DependencyInjection,0.3.3,105,
2026-09-19,Ank.DocToolkit.Extensions.DependencyInjection,0.3.4,112,
2026-09-19,Ank.DocToolkit.Extensions.DependencyInjection,0.3.5,124,
2026-09-19,Ank.DocToolkit.Extensions.DependencyInjection,0.3.6,139,
2026-09-19,Ank.DocToolkit.Extensions.DependencyInjection,0.3.7,143,
2026-09-19,Ank.DocToolkit.Extensions.DependencyInjection,0.3.8,113,
2026-09-19,Ank.DocToolkit.Extensions.DependencyInjection,0.3.9,138,
2026-09-19,Ank.DocToolkit.Extensions.DependencyInjection,0.30.0,310,
2026-09-19,Ank.DocToolkit.Extensions.DependencyInjection,0.31.0,238,
2026-09-19,Ank.DocToolkit.Extensions.DependencyInjection,0.31.1,214,
2026-09-19,Ank.DocToolkit.Extensions.DependencyInjection,0.32.0,258,
2026-09-19,Ank.DocToolkit.Extensions.DependencyInjection,0.33.0,170,
2026-09-19,Ank.DocToolkit.Extensions.DependencyInjection,0.33.1,126,
2026-09-19,Ank.DocToolkit.Extensions.DependencyInjection,0.33.2,137,
2026-09-19,Ank.DocToolkit.Extensions.DependencyInjection,0.33.3,411,
2026-09-19,Ank.DocToolkit.Extensions.DependencyInjection,0.33.4,233,
2026-09-19,Ank.DocToolkit.Extensions.DependencyInjection,0.33.5,206,
2026-09-19,Ank.DocToolkit.Extensions.DependencyInjection,0.34.0,155,
2026-09-19,Ank.DocToolkit.Extensions.DependencyInjection,0.35.0,292,
2026-09-19,Ank.DocToolkit.Extensions.DependencyInjection,0.36.1,262,
2026-09-19,Ank.DocToolkit.Extensions.DependencyInjection,0.37.0,447,
2026-09-19,Ank.DocToolkit.Extensions.DependencyInjection,0.38.0,150,
2026-09-19,Ank.DocToolkit.Extensions.DependencyInjection,0.39.0,189,
2026-09-19,Ank.DocToolkit.Extensions.DependencyInjection,0.4.0,159,
2026-09-19,Ank.DocToolkit.Extensions.DependencyInjection,0.40.0,166,
2026-09-19,Ank.DocToolkit.Extensions.DependencyInjection,0.41.0,213,
2026-09-19,Ank.DocToolkit.Extensions.DependencyInjection,0.42.0,659,
2026-09-19,Ank.DocToolkit.Extensions.DependencyInjection,0.43.0,139,
2026-09-19,Ank.DocToolkit.Extensions.DependencyInjection,0.44.0,243,
2026-09-19,Ank.DocToolkit.Extensions.DependencyInjection,0.44.1,341,
2026-09-19,Ank.DocToolkit.Extensions.DependencyInjection,0.45.0,197,
2026-09-19,Ank.DocToolkit.Extensions.DependencyInjection,0.45.1,235,
2026-09-19,Ank.DocToolkit.Extensions.DependencyInjection,0.46.0,208,
2026-09-19,Ank.DocToolkit.Extensions.DependencyInjection,0.47.0,228,
2026-09-19,Ank.DocToolkit.Extensions.DependencyInjection,0.48.0,163,
2026-09-19,Ank.DocToolkit.Extensions.DependencyInjection,0.49.0,233,
2026-09-19,Ank.DocToolkit.Extensions.DependencyInjection,0.5.0,169,
2026-09-19,Ank.DocToolkit.Extensions.DependencyInjection,0.50.0,183,
2026-09-19,Ank.DocToolkit.Extensions.DependencyInjection,0.51.0,104,
2026-09-19,Ank.DocToolkit.Extensions.DependencyInjection,0.52.0,233,
2026-09-19,Ank.DocToolkit.Extensions.DependencyInjection,0.53.0,174,
2026-09-19,Ank.DocToolkit.Extensions.DependencyInjection,0.54.0,165,
2026-09-19,Ank.DocToolkit.Extensions.DependencyInjection,0.55.0,202,
2026-09-19,Ank.DocToolkit.Extensions.DependencyInjection,0.56.0,141,
2026-09-19,Ank.DocToolkit.Extensions.DependencyInjection,0.57.0,198,
2026-09-19,Ank.DocToolkit.Extensions.DependencyInjection,0.57.1,196,
2026-09-19,Ank.DocToolkit.Extensions.DependencyInjection,0.6.0,140,
2026-09-19,Ank.DocToolkit.Extensions.DependencyInjection,0.7.0,188,
2026-09-19,Ank.DocToolkit.Extensions.DependencyInjection,0.8.0,147,
2026-09-19,Ank.DocToolkit.Extensions.DependencyInjection,0.9.0,232,
2026-09-20,Ank.DocToolkit,0.1.0,362,
2026-09-20,Ank.DocToolkit,0.10.0,464,
2026-09-20,Ank.DocToolkit,0.11.0,1075,
2026-09-20,Ank.DocToolkit,0.12.0,897,
2026-09-20,Ank.DocToolkit,0.13.0,361,
2026-09-20,Ank.DocToolkit,0.14.0,333,
2026-09-20,Ank.DocToolkit,0.15.0,348,
2026-09-20,Ank.DocToolkit,0.16.0,366,
2026-09-20,Ank.DocToolkit,0.18.0,169,
2026-09-20,Ank.DocToolkit,0.18.1,344,
2026-09-20,Ank.DocToolkit,0.19.0,144,
2026-09-20,Ank.DocToolkit,0.19.1,267,
2026-09-20,Ank.DocToolkit,0.2.0,1491,
2026-09-20,Ank.DocToolkit,0.2.1,237,
2026-09-20,Ank.DocToolkit,0.2.2,105,
2026-09-20,Ank.DocToolkit,0.20.0,334,
2026-09-20,Ank.DocToolkit,0.21.0,234,
2026-09-20,Ank.DocToolkit,0.22.0,463,
2026-09-20,Ank.DocToolkit,0.23.0,140,
2026-09-20,Ank.DocToolkit,0.24.0,777,
2026-09-20,Ank.DocToolkit,0.25.0,304,
2026-09-20,Ank.DocToolkit,0.26.0,1336,
2026-09-20,Ank.DocToolkit,0.27.0,420,
2026-09-20,Ank.DocToolkit,0.27.1,216,
2026-09-20,Ank.DocToolkit,0.27.2,270,
2026-09-20,Ank.DocToolkit,0.27.3,128,
2026-09-20,Ank.DocToolkit,0.27.4,240,
2026-09-20,Ank.DocToolkit,0.27.5,286,
2026-09-20,Ank.DocToolkit,0.28.0,568,
2026-09-20,Ank.DocToolkit,0.29.0,422,
2026-09-20,Ank.DocToolkit,0.3.0,102,
2026-09-20,Ank.DocToolkit,0.3.1,102,
2026-09-20,Ank.DocToolkit,0.3.10,109,
2026-09-20,Ank.DocToolkit,0.3.11,133,
2026-09-20,Ank.DocToolkit,0.3.12,145,
2026-09-20,Ank.DocToolkit,0.3.2,229,
2026-09-20,Ank.DocToolkit,0.3.3,103,
2026-09-20,Ank.DocToolkit,0.3.4,109,
2026-09-20,Ank.DocToolkit,0.3.5,127,
2026-09-20,Ank.DocToolkit,0.3.6,139,
2026-09-20,Ank.DocToolkit,0.3.7,128,
2026-09-20,Ank.DocToolkit,0.3.8,115,
2026-09-20,Ank.DocToolkit,0.3.9,132,
2026-09-20,Ank.DocToolkit,0.30.0,343,
2026-09-20,Ank.DocToolkit,0.31.0,257,
2026-09-20,Ank.DocToolkit,0.31.1,225,
2026-09-20,Ank.DocToolkit,0.32.0,1198,
2026-09-20,Ank.DocToolkit,0.33.0,168,
2026-09-20,Ank.DocToolkit,0.33.1,130,
2026-09-20,Ank.DocToolkit,0.33.2,140,
2026-09-20,Ank.DocToolkit,0.33.3,446,
2026-09-20,Ank.DocToolkit,0.33.4,252,
2026-09-20,Ank.DocToolkit,0.33.5,222,
2026-09-20,Ank.DocToolkit,0.34.0,677,
2026-09-20,Ank.DocToolkit,0.35.0,400,
2026-09-20,Ank.DocToolkit,0.36.1,429,
2026-09-20,Ank.DocToolkit,0.37.0,498,
2026-09-20,Ank.DocToolkit,0.38.0,493,
2026-09-20,Ank.DocToolkit,0.39.0,202,
2026-09-20,Ank.DocToolkit,0.4.0,161,
2026-09-20,Ank.DocToolkit,0.40.0,165,
2026-09-20,Ank.DocToolkit,0.41.0,229,
2026-09-20,Ank.DocToolkit,0.42.0,734,
2026-09-20,Ank.DocToolkit,0.43.0,546,
2026-09-20,Ank.DocToolkit,0.44.0,261,
2026-09-20,Ank.DocToolkit,0.44.1,374,
2026-09-20,Ank.DocToolkit,0.45.0,220,
2026-09-20,Ank.DocToolkit,0.45.1,254,
2026-09-20,Ank.DocToolkit,0.46.0,389,
2026-09-20,Ank.DocToolkit,0.47.0,256,
2026-09-20,Ank.DocToolkit,0.48.0,355,
2026-09-20,Ank.DocToolkit,0.49.0,298,
2026-09-20,Ank.DocToolkit,0.5.0,174,
2026-09-20,Ank.DocToolkit,0.50.0,420,
2026-09-20,Ank.DocToolkit,0.51.0,106,
2026-09-20,Ank.DocToolkit,0.52.0,330,
2026-09-20,Ank.DocToolkit,0.53.0,186,
2026-09-20,Ank.DocToolkit,0.54.0,386,
2026-09-20,Ank.DocToolkit,0.55.0,215,
2026-09-20,Ank.DocToolkit,0.56.0,267,
2026-09-20,Ank.DocToolkit,0.57.0,212,
2026-09-20,Ank.DocToolkit,0.57.1,219,
2026-09-20,Ank.DocToolkit,0.6.0,146,
2026-09-20,Ank.DocToolkit,0.7.0,306,
2026-09-20,Ank.DocToolkit,0.8.0,455,
2026-09-20,Ank.DocToolkit,0.9.0,233,
2026-09-20,Ank.DocToolkit.Extensions.DependencyInjection,0.10.0,161,
2026-09-20,Ank.DocToolkit.Extensions.DependencyInjection,0.11.0,354,
2026-09-20,Ank.DocToolkit.Extensions.DependencyInjection,0.12.0,650,
2026-09-20,Ank.DocToolkit.Extensions.DependencyInjection,0.13.0,200,
2026-09-20,Ank.DocToolkit.Extensions.DependencyInjection,0.14.0,311,
2026-09-20,Ank.DocToolkit.Extensions.DependencyInjection,0.15.0,183,
2026-09-20,Ank.DocToolkit.Extensions.DependencyInjection,0.16.0,334,
2026-09-20,Ank.DocToolkit.Extensions.DependencyInjection,0.18.0,156,
2026-09-20,Ank.DocToolkit.Extensions.DependencyInjection,0.18.1,176,
2026-09-20,Ank.DocToolkit.Extensions.DependencyInjection,0.19.0,139,
2026-09-20,Ank.DocToolkit.Extensions.DependencyInjection,0.19.1,144,
2026-09-20,Ank.DocToolkit.Extensions.DependencyInjection,0.2.1,239,
2026-09-20,Ank.DocToolkit.Extensions.DependencyInjection,0.2.2,113,
2026-09-20,Ank.DocToolkit.Extensions.DependencyInjection,0.20.0,299,
2026-09-20,Ank.DocToolkit.Extensions.DependencyInjection,0.21.0,151,
2026-09-20,Ank.DocToolkit.Extensions.DependencyInjection,0.22.0,166,
2026-09-20,Ank.DocToolkit.Extensions.DependencyInjection,0.23.0,135,
2026-09-20,Ank.DocToolkit.Extensions.DependencyInjection,0.24.0,356,
2026-09-20,Ank.DocToolkit.Extensions.DependencyInjection,0.25.0,269,
2026-09-20,Ank.DocToolkit.Extensions.DependencyInjection,0.26.0,307,
2026-09-20,Ank.DocToolkit.Extensions.DependencyInjection,0.27.0,388,
2026-09-20,Ank.DocToolkit.Extensions.DependencyInjection,0.27.1,204,
2026-09-20,Ank.DocToolkit.Extensions.DependencyInjection,0.27.2,258,
2026-09-20,Ank.DocToolkit.Extensions.DependencyInjection,0.27.3,115,
2026-09-20,Ank.DocToolkit.Extensions.DependencyInjection,0.27.4,213,
2026-09-20,Ank.DocToolkit.Extensions.DependencyInjection,0.27.5,271,
2026-09-20,Ank.DocToolkit.Extensions.DependencyInjection,0.28.0,196,
2026-09-20,Ank.DocToolkit.Extensions.DependencyInjection,0.29.0,385,
2026-09-20,Ank.DocToolkit.Extensions.DependencyInjection,0.3.0,100,
2026-09-20,Ank.DocToolkit.Extensions.DependencyInjection,0.3.1,104,
2026-09-20,Ank.DocToolkit.Extensions.DependencyInjection,0.3.10,107,
2026-09-20,Ank.DocToolkit.Extensions.DependencyInjection,0.3.11,135,
2026-09-20,Ank.DocToolkit.Extensions.DependencyInjection,0.3.12,146,
2026-09-20,Ank.DocToolkit.Extensions.DependencyInjection,0.3.2,227,
2026-09-20,Ank.DocToolkit.Extensions.DependencyInjection,0.3.3,106,
2026-09-20,Ank.DocToolkit.Extensions.DependencyInjection,0.3.4,112,
2026-09-20,Ank.DocToolkit.Extensions.DependencyInjection,0.3.5,124,
2026-09-20,Ank.DocToolkit.Extensions.DependencyInjection,0.3.6,139,
2026-09-20,Ank.DocToolkit.Extensions.DependencyInjection,0.3.7,143,
2026-09-20,Ank.DocToolkit.Extensions.DependencyInjection,0.3.8,113,
2026-09-20,Ank.DocToolkit.Extensions.DependencyInjection,0.3.9,139,
2026-09-20,Ank.DocToolkit.Extensions.DependencyInjection,0.30.0,310,
2026-09-20,Ank.DocToolkit.Extensions.DependencyInjection,0.31.0,238,
2026-09-20,Ank.DocToolkit.Extensions.DependencyInjection,0.31.1,214,
2026-09-20,Ank.DocToolkit.Extensions.DependencyInjection,0.32.0,258,
2026-09-20,Ank.DocToolkit.Extensions.DependencyInjection,0.33.0,170,
2026-09-20,Ank.DocToolkit.Extensions.DependencyInjection,0.33.1,126,
2026-09-20,Ank.DocToolkit.Extensions.DependencyInjection,0.33.2,137,
2026-09-20,Ank.DocToolkit.Extensions.DependencyInjection,0.33.3,411,
2026-09-20,Ank.DocToolkit.Extensions.DependencyInjection,0.33.4,233,
2026-09-20,Ank.DocToolkit.Extensions.DependencyInjection,0.33.5,206,
2026-09-20,Ank.DocToolkit.Extensions.DependencyInjection,0.34.0,155,
2026-09-20,Ank.DocToolkit.Extensions.DependencyInjection,0.35.0,292,
2026-09-20,Ank.DocToolkit.Extensions.DependencyInjection,0.36.1,262,
2026-09-20,Ank.DocToolkit.Extensions.DependencyInjection,0.37.0,449,
2026-09-20,Ank.DocToolkit.Extensions.DependencyInjection,0.38.0,150,
2026-09-20,Ank.DocToolkit.Extensions.DependencyInjection,0.39.0,189,
2026-09-20,Ank.DocToolkit.Extensions.DependencyInjection,0.4.0,159,
2026-09-20,Ank.DocToolkit.Extensions.DependencyInjection,0.40.0,168,
2026-09-20,Ank.DocToolkit.Extensions.DependencyInjection,0.41.0,215,
2026-09-20,Ank.DocToolkit.Extensions.DependencyInjection,0.42.0,659,
2026-09-20,Ank.DocToolkit.Extensions.DependencyInjection,0.43.0,139,
2026-09-20,Ank.DocToolkit.Extensions.DependencyInjection,0.44.0,243,
2026-09-20,Ank.DocToolkit.Extensions.DependencyInjection,0.44.1,341,
2026-09-20,Ank.DocToolkit.Extensions.DependencyInjection,0.45.0,197,
2026-09-20,Ank.DocToolkit.Extensions.DependencyInjection,0.45.1,235,
2026-09-20,Ank.DocToolkit.Extensions.DependencyInjection,0.46.0,208,
2026-09-20,Ank.DocToolkit.Extensions.DependencyInjection,0.47.0,228,
2026-09-20,Ank.DocToolkit.Extensions.DependencyInjection,0.48.0,163,
2026-09-20,Ank.DocToolkit.Extensions.DependencyInjection,0.49.0,233,
2026-09-20,Ank.DocToolkit.Extensions.DependencyInjection,0.5.0,169,
2026-09-20,Ank.DocToolkit.Extensions.DependencyInjection,0.50.0,183,
2026-09-20,Ank.DocToolkit.Extensions.DependencyInjection,0.51.0,104,
2026-09-20,Ank.DocToolkit.Extensions.DependencyInjection,0.52.0,234,
2026-09-20,Ank.DocToolkit.Extensions.DependencyInjection,0.53.0,174,
2026-09-20,Ank.DocToolkit.Extensions.DependencyInjection,0.54.0,166,
2026-09-20,Ank.DocToolkit.Extensions.DependencyInjection,0.55.0,203,
2026-09-20,Ank.DocToolkit.Extensions.DependencyInjection,0.56.0,142,
2026-09-20,Ank.DocToolkit.Extensions.DependencyInjection,0.57.0,199,
2026-09-20,Ank.DocToolkit.Extensions.DependencyInjection,0.57.1,198,
2026-09-20,Ank.DocToolkit.Extensions.DependencyInjection,0.6.0,140,
2026-09-20,Ank.DocToolkit.Extensions.DependencyInjection,0.7.0,188,
2026-09-20,Ank.DocToolkit.Extensions.DependencyInjection,0.8.0,147,
2026-09-20,Ank.DocToolkit.Extensions.DependencyInjection,0.9.0,232,
2026-09-21,Ank.DocToolkit,0.1.0,362,
2026-09-21,Ank.DocToolkit,0.10.0,464,
2026-09-21,Ank.DocToolkit,0.11.0,1075,
2026-09-21,Ank.DocToolkit,0.12.0,897,
2026-09-21,Ank.DocToolkit,0.13.0,361,
2026-09-21,Ank.DocToolkit,0.14.0,333,
2026-09-21,Ank.DocToolkit,0.15.0,348,
2026-09-21,Ank.DocToolkit,0.16.0,366,
2026-09-21,Ank.DocToolkit,0.18.0,169,
2026-09-21,Ank.DocToolkit,0.18.1,344,
2026-09-21,Ank.DocToolkit,0.19.0,144,
2026-09-21,Ank.DocToolkit,0.19.1,267,
2026-09-21,Ank.DocToolkit,0.2.0,1491,
2026-09-21,Ank.DocToolkit,0.2.1,237,
2026-09-21,Ank.DocToolkit,0.2.2,105,
2026-09-21,Ank.DocToolkit,0.20.0,334,
2026-09-21,Ank.DocToolkit,0.21.0,234,
2026-09-21,Ank.DocToolkit,0.22.0,463,
2026-09-21,Ank.DocToolkit,0.23.0,140,
2026-09-21,Ank.DocToolkit,0.24.0,777,
2026-09-21,Ank.DocToolkit,0.25.0,304,
2026-09-21,Ank.DocToolkit,0.26.0,1336,
2026-09-21,Ank.DocToolkit,0.27.0,420,
2026-09-21,Ank.DocToolkit,0.27.1,216,
2026-09-21,Ank.DocToolkit,0.27.2,270,
2026-09-21,Ank.DocToolkit,0.27.3,128,
2026-09-21,Ank.DocToolkit,0.27.4,240,
2026-09-21,Ank.DocToolkit,0.27.5,286,
2026-09-21,Ank.DocToolkit,0.28.0,568,
2026-09-21,Ank.DocToolkit,0.29.0,422,
2026-09-21,Ank.DocToolkit,0.3.0,102,
2026-09-21,Ank.DocToolkit,0.3.1,102,
2026-09-21,Ank.DocToolkit,0.3.10,109,
2026-09-21,Ank.DocToolkit,0.3.11,133,
2026-09-21,Ank.DocToolkit,0.3.12,145,
2026-09-21,Ank.DocToolkit,0.3.2,229,
2026-09-21,Ank.DocToolkit,0.3.3,103,
2026-09-21,Ank.DocToolkit,0.3.4,109,
2026-09-21,Ank.DocToolkit,0.3.5,127,
2026-09-21,Ank.DocToolkit,0.3.6,139,
2026-09-21,Ank.DocToolkit,0.3.7,128,
2026-09-21,Ank.DocToolkit,0.3.8,115,
2026-09-21,Ank.DocToolkit,0.3.9,132,
2026-09-21,Ank.DocToolkit,0.30.0,343,
2026-09-21,Ank.DocToolkit,0.31.0,257,
2026-09-21,Ank.DocToolkit,0.31.1,225,
2026-09-21,Ank.DocToolkit,0.32.0,1198,
2026-09-21,Ank.DocToolkit,0.33.0,168,
2026-09-21,Ank.DocToolkit,0.33.1,130,
2026-09-21,Ank.DocToolkit,0.33.2,140,
2026-09-21,Ank.DocToolkit,0.33.3,446,
2026-09-21,Ank.DocToolkit,0.33.4,252,
2026-09-21,Ank.DocToolkit,0.33.5,222,
2026-09-21,Ank.DocToolkit,0.34.0,677,
2026-09-21,Ank.DocToolkit,0.35.0,400,
2026-09-21,Ank.DocToolkit,0.36.1,429,
2026-09-21,Ank.DocToolkit,0.37.0,498,
2026-09-21,Ank.DocToolkit,0.38.0,493,
2026-09-21,Ank.DocToolkit,0.39.0,202,
2026-09-21,Ank.DocToolkit,0.4.0,161,
2026-09-21,Ank.DocToolkit,0.40.0,165,
2026-09-21,Ank.DocToolkit,0.41.0,229,
2026-09-21,Ank.DocToolkit,0.42.0,734,
2026-09-21,Ank.DocToolkit,0.43.0,546,
2026-09-21,Ank.DocToolkit,0.44.0,261,
2026-09-21,Ank.DocToolkit,0.44.1,374,
2026-09-21,Ank.DocToolkit,0.45.0,220,
2026-09-21,Ank.DocToolkit,0.45.1,255,
2026-09-21,Ank.DocToolkit,0.46.0,389,
2026-09-21,Ank.DocToolkit,0.47.0,258,
2026-09-21,Ank.DocToolkit,0.48.0,355,
2026-09-21,Ank.DocToolkit,0.49.0,298,
2026-09-21,Ank.DocToolkit,0.5.0,174,
2026-09-21,Ank.DocToolkit,0.50.0,420,
2026-09-21,Ank.DocToolkit,0.51.0,106,
2026-09-21,Ank.DocToolkit,0.52.0,330,
2026-09-21,Ank.DocToolkit,0.53.0,186,
2026-09-21,Ank.DocToolkit,0.54.0,386,
2026-09-21,Ank.DocToolkit,0.55.0,215,
2026-09-21,Ank.DocToolkit,0.56.0,295,
2026-09-21,Ank.DocToolkit,0.57.0,212,
2026-09-21,Ank.DocToolkit,0.57.1,299,
2026-09-21,Ank.DocToolkit,0.6.0,146,
2026-09-21,Ank.DocToolkit,0.7.0,306,
2026-09-21,Ank.DocToolkit,0.8.0,455,
2026-09-21,Ank.DocToolkit,0.9.0,233,
2026-09-21,Ank.DocToolkit.Extensions.DependencyInjection,0.10.0,161,
2026-09-21,Ank.DocToolkit.Extensions.DependencyInjection,0.11.0,354,
2026-09-21,Ank.DocToolkit.Extensions.DependencyInjection,0.12.0,650,
2026-09-21,Ank.DocToolkit.Extensions.DependencyInjection,0.13.0,200,
2026-09-21,Ank.DocToolkit.Extensions.DependencyInjection,0.14.0,311,
2026-09-21,Ank.DocToolkit.Extensions.DependencyInjection,0.15.0,183,
2026-09-21,Ank.DocToolkit.Extensions.DependencyInjection,0.16.0,334,
2026-09-21,Ank.DocToolkit.Extensions.DependencyInjection,0.18.0,156,
2026-09-21,Ank.DocToolkit.Extensions.DependencyInjection,0.18.1,176,
2026-09-21,Ank.DocToolkit.Extensions.DependencyInjection,0.19.0,139,
2026-09-21,Ank.DocToolkit.Extensions.DependencyInjection,0.19.1,144,
2026-09-21,Ank.DocToolkit.Extensions.DependencyInjection,0.2.1,239,
2026-09-21,Ank.DocToolkit.Extensions.DependencyInjection,0.2.2,113,
2026-09-21,Ank.DocToolkit.Extensions.DependencyInjection,0.20.0,299,
2026-09-21,Ank.DocToolkit.Extensions.DependencyInjection,0.21.0,151,
2026-09-21,Ank.DocToolkit.Extensions.DependencyInjection,0.22.0,166,
2026-09-21,Ank.DocToolkit.Extensions.DependencyInjection,0.23.0,135,
2026-09-21,Ank.DocToolkit.Extensions.DependencyInjection,0.24.0,356,
2026-09-21,Ank.DocToolkit.Extensions.DependencyInjection,0.25.0,269,
2026-09-21,Ank.DocToolkit.Extensions.DependencyInjection,0.26.0,307,
2026-09-21,Ank.DocToolkit.Extensions.DependencyInjection,0.27.0,388,
2026-09-21,Ank.DocToolkit.Extensions.DependencyInjection,0.27.1,204,
2026-09-21,Ank.DocToolkit.Extensions.DependencyInjection,0.27.2,258,
2026-09-21,Ank.DocToolkit.Extensions.DependencyInjection,0.27.3,115,
2026-09-21,Ank.DocToolkit.Extensions.DependencyInjection,0.27.4,213,
2026-09-21,Ank.DocToolkit.Extensions.DependencyInjection,0.27.5,271,
2026-09-21,Ank.DocToolkit.Extensions.DependencyInjection,0.28.0,196,
2026-09-21,Ank.DocToolkit.Extensions.DependencyInjection,0.29.0,385,
2026-09-21,Ank.DocToolkit.Extensions.DependencyInjection,0.3.0,100,
2026-09-21,Ank.DocToolkit.Extensions.DependencyInjection,0.3.1,104,
2026-09-21,Ank.DocToolkit.Extensions.DependencyInjection,0.3.10,107,
2026-09-21,Ank.DocToolkit.Extensions.DependencyInjection,0.3.11,135,
2026-09-21,Ank.DocToolkit.Extensions.DependencyInjection,0.3.12,146,
2026-09-21,Ank.DocToolkit.Extensions.DependencyInjection,0.3.2,227,
2026-09-21,Ank.DocToolkit.Extensions.DependencyInjection,0.3.3,106,
2026-09-21,Ank.DocToolkit.Extensions.DependencyInjection,0.3.4,112,
2026-09-21,Ank.DocToolkit.Extensions.DependencyInjection,0.3.5,124,
2026-09-21,Ank.DocToolkit.Extensions.DependencyInjection,0.3.6,139,
2026-09-21,Ank.DocToolkit.Extensions.DependencyInjection,0.3.7,143,
2026-09-21,Ank.DocToolkit.Extensions.DependencyInjection,0.3.8,113,
2026-09-21,Ank.DocToolkit.Extensions.DependencyInjection,0.3.9,139,
2026-09-21,Ank.DocToolkit.Extensions.DependencyInjection,0.30.0,310,
2026-09-21,Ank.DocToolkit.Extensions.DependencyInjection,0.31.0,239,
2026-09-21,Ank.DocToolkit.Extensions.DependencyInjection,0.31.1,214,
2026-09-21,Ank.DocToolkit.Extensions.DependencyInjection,0.32.0,258,
2026-09-21,Ank.DocToolkit.Extensions.DependencyInjection,0.33.0,170,
2026-09-21,Ank.DocToolkit.Extensions.DependencyInjection,0.33.1,126,
2026-09-21,Ank.DocToolkit.Extensions.DependencyInjection,0.33.2,137,
2026-09-21,Ank.DocToolkit.Extensions.DependencyInjection,0.33.3,411,
2026-09-21,Ank.DocToolkit.Extensions.DependencyInjection,0.33.4,233,
2026-09-21,Ank.DocToolkit.Extensions.DependencyInjection,0.33.5,206,
2026-09-21,Ank.DocToolkit.Extensions.DependencyInjection,0.34.0,155,
2026-09-21,Ank.DocToolkit.Extensions.DependencyInjection,0.35.0,292,
2026-09-21,Ank.DocToolkit.Extensions.DependencyInjection,0.36.1,262,
2026-09-21,Ank.DocToolkit.Extensions.DependencyInjection,0.37.0,449,
2026-09-21,Ank.DocToolkit.Extensions.DependencyInjection,0.38.0,150,
2026-09-21,Ank.DocToolkit.Extensions.DependencyInjection,0.39.0,189,
2026-09-21,Ank.DocToolkit.Extensions.DependencyInjection,0.4.0,159,
2026-09-21,Ank.DocToolkit.Extensions.DependencyInjection,0.40.0,168,
2026-09-21,Ank.DocToolkit.Extensions.DependencyInjection,0.41.0,215,
2026-09-21,Ank.DocToolkit.Extensions.DependencyInjection,0.42.0,659,
2026-09-21,Ank.DocToolkit.Extensions.DependencyInjection,0.43.0,139,
2026-09-21,Ank.DocToolkit.Extensions.DependencyInjection,0.44.0,243,
2026-09-21,Ank.DocToolkit.Extensions.DependencyInjection,0.44.1,341,
2026-09-21,Ank.DocToolkit.Extensions.DependencyInjection,0.45.0,197,
2026-09-21,Ank.DocToolkit.Extensions.DependencyInjection,0.45.1,235,
2026-09-21,Ank.DocToolkit.Extensions.DependencyInjection,0.46.0,208,
2026-09-21,Ank.DocToolkit.Extensions.DependencyInjection,0.47.0,228,
2026-09-21,Ank.DocToolkit.Extensions.DependencyInjection,0.48.0,163,
2026-09-21,Ank.DocToolkit.Extensions.DependencyInjection,0.49.0,233,
2026-09-21,Ank.DocToolkit.Extensions.DependencyInjection,0.5.0,169,
2026-09-21,Ank.DocToolkit.Extensions.DependencyInjection,0.50.0,183,
2026-09-21,Ank.DocToolkit.Extensions.DependencyInjection,0.51.0,104,
2026-09-21,Ank.DocToolkit.Extensions.DependencyInjection,0.52.0,234,
2026-09-21,Ank.DocToolkit.Extensions.DependencyInjection,0.53.0,174,
2026-09-21,Ank.DocToolkit.Extensions.DependencyInjection,0.54.0,166,
2026-09-21,Ank.DocToolkit.Extensions.DependencyInjection,0.55.0,205,
2026-09-21,Ank.DocToolkit.Extensions.DependencyInjection,0.56.0,142,
2026-09-21,Ank.DocToolkit.Extensions.DependencyInjection,0.57.0,199,
2026-09-21,Ank.DocToolkit.Extensions.DependencyInjection,0.57.1,267,
2026-09-21,Ank.DocToolkit.Extensions.DependencyInjection,0.6.0,140,
2026-09-21,Ank.DocToolkit.Extensions.DependencyInjection,0.7.0,188,
2026-09-21,Ank.DocToolkit.Extensions.DependencyInjection,0.8.0,147,
2026-09-21,Ank.DocToolkit.Extensions.DependencyInjection,0.9.0,232,
2026-09-22,Ank.DocToolkit,0.1.0,362,
2026-09-22,Ank.DocToolkit,0.10.0,464,
2026-09-22,Ank.DocToolkit,0.11.0,1075,
2026-09-22,Ank.DocToolkit,0.12.0,897,
2026-09-22,Ank.DocToolkit,0.13.0,361,
2026-09-22,Ank.DocToolkit,0.14.0,333,
2026-09-22,Ank.DocToolkit,0.15.0,348,
2026-09-22,Ank.DocToolkit,0.16.0,366,
2026-09-22,Ank.DocToolkit,0.18.0,169,
2026-09-22,Ank.DocToolkit,0.18.1,344,
2026-09-22,Ank.DocToolkit,0.19.0,144,
2026-09-22,Ank.DocToolkit,0.19.1,267,
2026-09-22,Ank.DocToolkit,0.2.0,1491,
2026-09-22,Ank.DocToolkit,0.2.1,238,
2026-09-22,Ank.DocToolkit,0.2.2,105,
2026-09-22,Ank.DocToolkit,0.20.0,334,
2026-09-22,Ank.DocToolkit,0.21.0,234,
2026-09-22,Ank.DocToolkit,0.22.0,463,
2026-09-22,Ank.DocToolkit,0.23.0,140,
2026-09-22,Ank.DocToolkit,0.24.0,777,
2026-09-22,Ank.DocToolkit,0.25.0,304,
2026-09-22,Ank.DocToolkit,0.26.0,1336,
2026-09-22,Ank.DocToolkit,0.27.0,420,
2026-09-22,Ank.DocToolkit,0.27.1,216,
2026-09-22,Ank.DocToolkit,0.27.2,270,
2026-09-22,Ank.DocToolkit,0.27.3,128,
2026-09-22,Ank.DocToolkit,0.27.4,240,
2026-09-22,Ank.DocToolkit,0.27.5,286,
2026-09-22,Ank.DocToolkit,0.28.0,568,
2026-09-22,Ank.DocToolkit,0.29.0,422,
2026-09-22,Ank.DocToolkit,0.3.0,102,
2026-09-22,Ank.DocToolkit,0.3.1,102,
2026-09-22,Ank.DocToolkit,0.3.10,109,
2026-09-22,Ank.DocToolkit,0.3.11,133,
2026-09-22,Ank.DocToolkit,0.3.12,145,
2026-09-22,Ank.DocToolkit,0.3.2,229,
2026-09-22,Ank.DocToolkit,0.3.3,103,
2026-09-22,Ank.DocToolkit,0.3.4,109,
2026-09-22,Ank.DocToolkit,0.3.5,127,
2026-09-22,Ank.DocToolkit,0.3.6,139,
2026-09-22,Ank.DocToolkit,0.3.7,128,
2026-09-22,Ank.DocToolkit,0.3.8,115,
2026-09-22,Ank.DocToolkit,0.3.9,132,
2026-09-22,Ank.DocToolkit,0.30.0,344,
2026-09-22,Ank.DocToolkit,0.31.0,258,
2026-09-22,Ank.DocToolkit,0.31.1,226,
2026-09-22,Ank.DocToolkit,0.32.0,1199,
2026-09-22,Ank.DocToolkit,0.33.0,170,
2026-09-22,Ank.DocToolkit,0.33.1,131,
2026-09-22,Ank.DocToolkit,0.33.2,141,
2026-09-22,Ank.DocToolkit,0.33.3,447,
2026-09-22,Ank.DocToolkit,0.33.4,253,
2026-09-22,Ank.DocToolkit,0.33.5,223,
2026-09-22,Ank.DocToolkit,0.34.0,678,
2026-09-22,Ank.DocToolkit,0.35.0,401,
2026-09-22,Ank.DocToolkit,0.36.1,430,
2026-09-22,Ank.DocToolkit,0.37.0,499,
2026-09-22,Ank.DocToolkit,0.38.0,493,
2026-09-22,Ank.DocToolkit,0.39.0,202,
2026-09-22,Ank.DocToolkit,0.4.0,161,
2026-09-22,Ank.DocToolkit,0.40.0,165,
2026-09-22,Ank.DocToolkit,0.41.0,229,
2026-09-22,Ank.DocToolkit,0.42.0,734,
2026-09-22,Ank.DocToolkit,0.43.0,546,
2026-09-22,Ank.DocToolkit,0.44.0,261,
2026-09-22,Ank.DocToolkit,0.44.1,374,
2026-09-22,Ank.DocToolkit,0.45.0,220,
2026-09-22,Ank.DocToolkit,0.45.1,255,
2026-09-22,Ank.DocToolkit,0.46.0,389,
2026-09-22,Ank.DocToolkit,0.47.0,258,
2026-09-22,Ank.DocToolkit,0.48.0,355,
2026-09-22,Ank.DocToolkit,0.49.0,298,
2026-09-22,Ank.DocToolkit,0.5.0,174,
2026-09-22,Ank.DocToolkit,0.50.0,421,
2026-09-22,Ank.DocToolkit,0.51.0,106,
2026-09-22,Ank.DocToolkit,0.52.0,330,
2026-09-22,Ank.DocToolkit,0.53.0,186,
2026-09-22,Ank.DocToolkit,0.54.0,386,
2026-09-22,Ank.DocToolkit,0.55.0,215,
2026-09-22,Ank.DocToolkit,0.56.0,295,
2026-09-22,Ank.DocToolkit,0.57.0,212,
2026-09-22,Ank.DocToolkit,0.57.1,299,
2026-09-22,Ank.DocToolkit,0.6.0,146,
2026-09-22,Ank.DocToolkit,0.7.0,306,
2026-09-22,Ank.DocToolkit,0.8.0,455,
2026-09-22,Ank.DocToolkit,0.9.0,233,
2026-09-22,Ank.DocToolkit.Extensions.DependencyInjection,0.10.0,161,
2026-09-22,Ank.DocToolkit.Extensions.DependencyInjection,0.11.0,354,
2026-09-22,Ank.DocToolkit.Extensions.DependencyInjection,0.12.0,650,
2026-09-22,Ank.DocToolkit.Extensions.DependencyInjection,0.13.0,200,
2026-09-22,Ank.DocToolkit.Extensions.DependencyInjection,0.14.0,311,
2026-09-22,Ank.DocToolkit.Extensions.DependencyInjection,0.15.0,183,
2026-09-22,Ank.DocToolkit.Extensions.DependencyInjection,0.16.0,334,
2026-09-22,Ank.DocToolkit.Extensions.DependencyInjection,0.18.0,156,
2026-09-22,Ank.DocToolkit.Extensions.DependencyInjection,0.18.1,176,
2026-09-22,Ank.DocToolkit.Extensions.DependencyInjection,0.19.0,139,
2026-09-22,Ank.DocToolkit.Extensions.DependencyInjection,0.19.1,144,
2026-09-22,Ank.DocToolkit.Extensions.DependencyInjection,0.2.1,240,
2026-09-22,Ank.DocToolkit.Extensions.DependencyInjection,0.2.2,115,
2026-09-22,Ank.DocToolkit.Extensions.DependencyInjection,0.20.0,299,
2026-09-22,Ank.DocToolkit.Extensions.DependencyInjection,0.21.0,151,
2026-09-22,Ank.DocToolkit.Extensions.DependencyInjection,0.22.0,166,
2026-09-22,Ank.DocToolkit.Extensions.DependencyInjection,0.23.0,135,
2026-09-22,Ank.DocToolkit.Extensions.DependencyInjection,0.24.0,356,
2026-09-22,Ank.DocToolkit.Extensions.DependencyInjection,0.25.0,269,
2026-09-22,Ank.DocToolkit.Extensions.DependencyInjection,0.26.0,307,
2026-09-22,Ank.DocToolkit.Extensions.DependencyInjection,0.27.0,388,
2026-09-22,Ank.DocToolkit.Extensions.DependencyInjection,0.27.1,204,
2026-09-22,Ank.DocToolkit.Extensions.DependencyInjection,0.27.2,258,
2026-09-22,Ank.DocToolkit.Extensions.DependencyInjection,0.27.3,115,
2026-09-22,Ank.DocToolkit.Extensions.DependencyInjection,0.27.4,213,
2026-09-22,Ank.DocToolkit.Extensions.DependencyInjection,0.27.5,271,
2026-09-22,Ank.DocToolkit.Extensions.DependencyInjection,0.28.0,196,
2026-09-22,Ank.DocToolkit.Extensions.DependencyInjection,0.29.0,385,
2026-09-22,Ank.DocToolkit.Extensions.DependencyInjection,0.3.0,100,
2026-09-22,Ank.DocToolkit.Extensions.DependencyInjection,0.3.1,104,
2026-09-22,Ank.DocToolkit.Extensions.DependencyInjection,0.3.10,107,
2026-09-22,Ank.DocToolkit.Extensions.DependencyInjection,0.3.11,135,
2026-09-22,Ank.DocToolkit.Extensions.DependencyInjection,0.3.12,146,
2026-09-22,Ank.DocToolkit.Extensions.DependencyInjection,0.3.2,227,
2026-09-22,Ank.DocToolkit.Extensions.DependencyInjection,0.3.3,106,
2026-09-22,Ank.DocToolkit.Extensions.DependencyInjection,0.3.4,112,
2026-09-22,Ank.DocToolkit.Extensions.DependencyInjection,0.3.5,124,
2026-09-22,Ank.DocToolkit.Extensions.DependencyInjection,0.3.6,139,
2026-09-22,Ank.DocToolkit.Extensions.DependencyInjection,0.3.7,143,
2026-09-22,Ank.DocToolkit.Extensions.DependencyInjection,0.3.8,113,
2026-09-22,Ank.DocToolkit.Extensions.DependencyInjection,0.3.9,139,
2026-09-22,Ank.DocToolkit.Extensions.DependencyInjection,0.30.0,311,
2026-09-22,Ank.DocToolkit.Extensions.DependencyInjection,0.31.0,240,
2026-09-22,Ank.DocToolkit.Extensions.DependencyInjection,0.31.1,215,
2026-09-22,Ank.DocToolkit.Extensions.DependencyInjection,0.32.0,259,
2026-09-22,Ank.DocToolkit.Extensions.DependencyInjection,0.33.0,171,
2026-09-22,Ank.DocToolkit.Extensions.DependencyInjection,0.33.1,127,
2026-09-22,Ank.DocToolkit.Extensions.DependencyInjection,0.33.2,138,
2026-09-22,Ank.DocToolkit.Extensions.DependencyInjection,0.33.3,412,
2026-09-22,Ank.DocToolkit.Extensions.DependencyInjection,0.33.4,234,
2026-09-22,Ank.DocToolkit.Extensions.DependencyInjection,0.33.5,207,
2026-09-22,Ank.DocToolkit.Extensions.DependencyInjection,0.34.0,158,
2026-09-22,Ank.DocToolkit.Extensions.DependencyInjection,0.35.0,293,
2026-09-22,Ank.DocToolkit.Extensions.DependencyInjection,0.36.1,263,
2026-09-22,Ank.DocToolkit.Extensions.DependencyInjection,0.37.0,450,
2026-09-22,Ank.DocToolkit.Extensions.DependencyInjection,0.38.0,150,
2026-09-22,Ank.DocToolkit.Extensions.DependencyInjection,0.39.0,189,
2026-09-22,Ank.DocToolkit.Extensions.DependencyInjection,0.4.0,159,
2026-09-22,Ank.DocToolkit.Extensions.DependencyInjection,0.40.0,168,
2026-09-22,Ank.DocToolkit.Extensions.DependencyInjection,0.41.0,215,
2026-09-22,Ank.DocToolkit.Extensions.DependencyInjection,0.42.0,659,
2026-09-22,Ank.DocToolkit.Extensions.DependencyInjection,0.43.0,139,
2026-09-22,Ank.DocToolkit.Extensions.DependencyInjection,0.44.0,243,
2026-09-22,Ank.DocToolkit.Extensions.DependencyInjection,0.44.1,341,
2026-09-22,Ank.DocToolkit.Extensions.DependencyInjection,0.45.0,197,
2026-09-22,Ank.DocToolkit.Extensions.DependencyInjection,0.45.1,235,
2026-09-22,Ank.DocToolkit.Extensions.DependencyInjection,0.46.0,208,
2026-09-22,Ank.DocToolkit.Extensions.DependencyInjection,0.47.0,228,
2026-09-22,Ank.DocToolkit.Extensions.DependencyInjection,0.48.0,163,
2026-09-22,Ank.DocToolkit.Extensions.DependencyInjection,0.49.0,233,
2026-09-22,Ank.DocToolkit.Extensions.DependencyInjection,0.5.0,169,
2026-09-22,Ank.DocToolkit.Extensions.DependencyInjection,0.50.0,183,
2026-09-22,Ank.DocToolkit.Extensions.DependencyInjection,0.51.0,104,
2026-09-22,Ank.DocToolkit.Extensions.DependencyInjection,0.52.0,234,
2026-09-22,Ank.DocToolkit.Extensions.DependencyInjection,0.53.0,174,
2026-09-22,Ank.DocToolkit.Extensions.DependencyInjection,0.54.0,166,
2026-09-22,Ank.DocToolkit.Extensions.DependencyInjection,0.55.0,205,
2026-09-22,Ank.DocToolkit.Extensions.DependencyInjection,0.56.0,142,
2026-09-22,Ank.DocToolkit.Extensions.DependencyInjection,0.57.0,199,
2026-09-22,Ank.DocToolkit.Extensions.DependencyInjection,0.57.1,267,
2026-09-22,Ank.DocToolkit.Extensions.DependencyInjection,0.6.0,140,
2026-09-22,Ank.DocToolkit.Extensions.DependencyInjection,0.7.0,188,
2026-09-22,Ank.DocToolkit.Extensions.DependencyInjection,0.8.0,147,
2026-09-22,Ank.DocToolkit.Extensions.DependencyInjection,0.9.0,232,
